id,pixel_0_0,pixel_0_1,pixel_0_2,pixel_0_3,pixel_0_4,pixel_0_5,pixel_0_6,pixel_0_7,pixel_1_0,pixel_1_1,pixel_1_2,pixel_1_3,pixel_1_4,pixel_1_5,pixel_1_6,pixel_1_7,pixel_2_0,pixel_2_1,pixel_2_2,pixel_2_3,pixel_2_4,pixel_2_5,pixel_2_6,pixel_2_7,pixel_3_0,pixel_3_1,pixel_3_2,pixel_3_3,pixel_3_4,pixel_3_5,pixel_3_6,pixel_3_7,pixel_4_0,pixel_4_1,pixel_4_2,pixel_4_3,pixel_4_4,pixel_4_5,pixel_4_6,pixel_4_7,pixel_5_0,pixel_5_1,pixel_5_2,pixel_5_3,pixel_5_4,pixel_5_5,pixel_5_6,pixel_5_7,pixel_6_0,pixel_6_1,pixel_6_2,pixel_6_3,pixel_6_4,pixel_6_5,pixel_6_6,pixel_6_7,pixel_7_0,pixel_7_1,pixel_7_2,pixel_7_3,pixel_7_4,pixel_7_5,pixel_7_6,pixel_7_7,digit
1,0.0,0.0,0.0,0.0,13.0,8.0,0.0,0.0,0.0,0.0,0.0,5.0,16.0,3.0,0.0,0.0,0.0,0.0,0.0,14.0,10.0,2.0,9.0,0.0,0.0,1.0,11.0,13.0,0.0,10.0,15.0,0.0,0.0,12.0,15.0,5.0,7.0,14.0,10.0,0.0,1.0,15.0,16.0,16.0,16.0,16.0,4.0,0.0,0.0,4.0,4.0,3.0,10.0,14.0,0.0,0.0,0.0,0.0,0.0,0.0,15.0,7.0,0.0,0.0,4
2,0.0,0.0,0.0,11.0,9.0,0.0,0.0,0.0,0.0,0.0,0.0,11.0,14.0,0.0,0.0,0.0,0.0,0.0,0.0,11.0,13.0,0.0,0.0,0.0,0.0,0.0,0.0,15.0,13.0,0.0,0.0,0.0,0.0,0.0,0.0,13.0,13.0,0.0,0.0,0.0,0.0,0.0,0.0,13.0,9.0,0.0,0.0,0.0,0.0,0.0,0.0,10.0,10.0,0.0,0.0,0.0,0.0,0.0,0.0,9.0,11.0,0.0,0.0,0.0,1
3,0.0,0.0,0.0,0.0,8.0,15.0,9.0,0.0,0.0,0.0,1.0,12.0,8.0,2.0,11.0,0.0,0.0,0.0,10.0,11.0,0.0,11.0,8.0,0.0,0.0,5.0,16.0,14.0,15.0,15.0,3.0,0.0,0.0,2.0,12.0,10.0,4.0,14.0,0.0,0.0,0.0,0.0,0.0,0.0,6.0,9.0,0.0,0.0,0.0,0.0,0.0,0.0,9.0,6.0,0.0,0.0,0.0,0.0,0.0,0.0,9.0,6.0,0.0,0.0,9
4,0.0,0.0,0.0,4.0,15.0,1.0,0.0,0.0,0.0,0.0,0.0,13.0,8.0,1.0,0.0,0.0,0.0,0.0,6.0,12.0,0.0,0.0,0.0,0.0,0.0,0.0,8.0,10.0,0.0,0.0,0.0,0.0,0.0,0.0,13.0,12.0,11.0,10.0,0.0,0.0,0.0,4.0,16.0,15.0,8.0,11.0,10.0,0.0,0.0,1.0,7.0,15.0,4.0,3.0,12.0,0.0,0.0,0.0,0.0,7.0,15.0,16.0,8.0,0.0,6
5,0.0,0.0,9.0,16.0,16.0,10.0,0.0,0.0,0.0,0.0,9.0,9.0,9.0,15.0,0.0,0.0,0.0,0.0,0.0,0.0,6.0,14.0,0.0,0.0,0.0,0.0,0.0,2.0,15.0,7.0,0.0,0.0,0.0,0.0,1.0,14.0,16.0,4.0,0.0,0.0,0.0,0.0,5.0,16.0,16.0,8.0,0.0,0.0,0.0,0.0,0.0,6.0,16.0,4.0,0.0,0.0,0.0,0.0,11.0,16.0,12.0,0.0,0.0,0.0,3
6,0.0,0.0,14.0,16.0,13.0,9.0,1.0,0.0,0.0,0.0,12.0,10.0,9.0,16.0,3.0,0.0,0.0,0.0,9.0,14.0,13.0,13.0,1.0,0.0,0.0,0.0,3.0,13.0,16.0,6.0,0.0,0.0,0.0,0.0,5.0,16.0,12.0,9.0,0.0,0.0,0.0,0.0,13.0,8.0,14.0,6.0,0.0,0.0,0.0,1.0,16.0,11.0,15.0,1.0,0.0,0.0,0.0,1.0,13.0,16.0,6.0,0.0,0.0,0.0,8
7,0.0,1.0,8.0,10.0,14.0,10.0,0.0,0.0,0.0,12.0,10.0,6.0,6.0,16.0,2.0,0.0,0.0,3.0,0.0,0.0,7.0,14.0,1.0,0.0,0.0,0.0,0.0,0.0,9.0,11.0,0.0,0.0,0.0,0.0,0.0,0.0,2.0,16.0,1.0,0.0,0.0,0.0,0.0,0.0,0.0,8.0,12.0,0.0,0.0,0.0,4.0,0.0,2.0,11.0,9.0,0.0,0.0,0.0,12.0,16.0,14.0,12.0,4.0,0.0,3
8,0.0,3.0,15.0,8.0,8.0,6.0,0.0,0.0,0.0,4.0,16.0,16.0,16.0,13.0,2.0,0.0,0.0,3.0,16.0,9.0,2.0,0.0,0.0,0.0,0.0,2.0,16.0,16.0,15.0,3.0,0.0,0.0,0.0,0.0,7.0,6.0,12.0,9.0,0.0,0.0,0.0,0.0,0.0,1.0,14.0,10.0,0.0,0.0,0.0,0.0,5.0,14.0,15.0,2.0,0.0,0.0,0.0,1.0,15.0,14.0,1.0,0.0,0.0,0.0,5
9,0.0,0.0,3.0,10.0,15.0,8.0,0.0,0.0,0.0,0.0,12.0,14.0,8.0,1.0,0.0,0.0,0.0,1.0,16.0,3.0,0.0,0.0,0.0,0.0,0.0,2.0,16.0,9.0,11.0,16.0,3.0,0.0,0.0,4.0,16.0,14.0,9.0,15.0,7.0,0.0,0.0,1.0,4.0,0.0,0.0,15.0,3.0,0.0,0.0,0.0,0.0,3.0,12.0,8.0,0.0,0.0,0.0,0.0,2.0,10.0,8.0,0.0,0.0,0.0,5
10,0.0,0.0,0.0,7.0,13.0,2.0,0.0,0.0,0.0,0.0,0.0,14.0,14.0,2.0,0.0,0.0,0.0,0.0,5.0,16.0,4.0,0.0,0.0,0.0,0.0,1.0,11.0,16.0,4.0,0.0,0.0,0.0,0.0,5.0,16.0,16.0,15.0,12.0,0.0,0.0,0.0,0.0,9.0,16.0,1.0,13.0,7.0,0.0,0.0,0.0,4.0,16.0,6.0,15.0,5.0,0.0,0.0,0.0,0.0,6.0,14.0,14.0,1.0,0.0,6
11,0.0,1.0,5.0,11.0,15.0,4.0,0.0,0.0,0.0,8.0,16.0,13.0,6.0,2.0,0.0,0.0,0.0,11.0,7.0,0.0,0.0,0.0,0.0,0.0,0.0,11.0,16.0,16.0,11.0,2.0,0.0,0.0,0.0,0.0,4.0,4.0,5.0,12.0,3.0,0.0,0.0,0.0,0.0,0.0,0.0,5.0,11.0,0.0,0.0,0.0,1.0,6.0,0.0,10.0,11.0,0.0,0.0,0.0,2.0,12.0,16.0,15.0,2.0,0.0,5
12,0.0,0.0,0.0,3.0,13.0,16.0,11.0,0.0,0.0,0.0,4.0,15.0,11.0,8.0,16.0,3.0,0.0,2.0,15.0,9.0,6.0,13.0,15.0,3.0,0.0,4.0,16.0,16.0,16.0,16.0,11.0,0.0,0.0,0.0,7.0,8.0,6.0,16.0,2.0,0.0,0.0,0.0,0.0,0.0,6.0,14.0,0.0,0.0,0.0,0.0,0.0,0.0,14.0,9.0,0.0,0.0,0.0,0.0,0.0,3.0,16.0,4.0,0.0,0.0,9
13,0.0,0.0,7.0,10.0,0.0,0.0,0.0,0.0,0.0,0.0,9.0,16.0,0.0,0.0,0.0,0.0,0.0,0.0,6.0,16.0,5.0,0.0,0.0,0.0,0.0,0.0,9.0,16.0,9.0,0.0,0.0,0.0,0.0,0.0,0.0,6.0,14.0,1.0,0.0,0.0,0.0,0.0,0.0,2.0,16.0,4.0,0.0,0.0,0.0,0.0,1.0,4.0,14.0,12.0,4.0,1.0,0.0,0.0,7.0,16.0,16.0,16.0,16.0,5.0,1
15,0.0,0.0,0.0,1.0,12.0,8.0,1.0,0.0,0.0,0.0,0.0,4.0,16.0,16.0,1.0,0.0,0.0,0.0,1.0,13.0,16.0,11.0,0.0,0.0,0.0,1.0,11.0,16.0,16.0,12.0,0.0,0.0,0.0,2.0,12.0,8.0,16.0,10.0,0.0,0.0,0.0,0.0,0.0,0.0,15.0,8.0,0.0,0.0,0.0,0.0,0.0,4.0,16.0,4.0,0.0,0.0,0.0,0.0,0.0,3.0,13.0,4.0,0.0,0.0,1
19,0.0,0.0,0.0,1.0,14.0,13.0,1.0,0.0,0.0,0.0,0.0,1.0,16.0,16.0,3.0,0.0,0.0,5.0,11.0,15.0,16.0,16.0,0.0,0.0,0.0,4.0,15.0,16.0,16.0,15.0,0.0,0.0,0.0,0.0,0.0,8.0,16.0,7.0,0.0,0.0,0.0,0.0,0.0,10.0,16.0,3.0,0.0,0.0,0.0,0.0,0.0,8.0,16.0,6.0,0.0,0.0,0.0,0.0,0.0,2.0,13.0,15.0,2.0,0.0,1
21,0.0,0.0,0.0,6.0,14.0,10.0,0.0,0.0,0.0,0.0,3.0,16.0,7.0,13.0,2.0,0.0,0.0,0.0,4.0,16.0,3.0,14.0,1.0,0.0,0.0,0.0,0.0,11.0,16.0,9.0,0.0,0.0,0.0,0.0,5.0,14.0,16.0,6.0,0.0,0.0,0.0,3.0,15.0,4.0,1.0,13.0,4.0,0.0,0.0,2.0,14.0,11.0,5.0,5.0,12.0,0.0,0.0,0.0,0.0,6.0,10.0,15.0,15.0,0.0,8
22,0.0,0.0,0.0,6.0,16.0,4.0,0.0,0.0,0.0,0.0,1.0,13.0,15.0,1.0,0.0,0.0,0.0,1.0,11.0,16.0,5.0,0.0,0.0,0.0,0.0,8.0,16.0,10.0,0.0,10.0,6.0,0.0,0.0,12.0,16.0,8.0,9.0,16.0,12.0,0.0,0.0,2.0,15.0,16.0,16.0,16.0,7.0,0.0,0.0,0.0,0.0,4.0,16.0,11.0,0.0,0.0,0.0,0.0,0.0,7.0,16.0,3.0,0.0,0.0,4
23,0.0,0.0,0.0,0.0,13.0,16.0,6.0,0.0,0.0,0.0,3.0,11.0,16.0,16.0,5.0,0.0,0.0,5.0,16.0,16.0,16.0,16.0,4.0,0.0,0.0,4.0,10.0,9.0,16.0,16.0,4.0,0.0,0.0,0.0,0.0,0.0,13.0,16.0,4.0,0.0,0.0,0.0,0.0,0.0,12.0,16.0,4.0,0.0,0.0,0.0,0.0,2.0,16.0,16.0,7.0,0.0,0.0,0.0,0.0,1.0,12.0,14.0,5.0,0.0,1
24,0.0,0.0,11.0,10.0,8.0,12.0,1.0,0.0,0.0,0.0,16.0,13.0,12.0,10.0,0.0,0.0,0.0,5.0,14.0,2.0,0.0,0.0,0.0,0.0,0.0,7.0,16.0,16.0,13.0,8.0,0.0,0.0,0.0,0.0,4.0,4.0,8.0,16.0,7.0,0.0,0.0,0.0,0.0,0.0,0.0,9.0,8.0,0.0,0.0,0.0,9.0,4.0,7.0,16.0,5.0,0.0,0.0,0.0,14.0,16.0,14.0,7.0,0.0,0.0,5
25,0.0,0.0,5.0,12.0,13.0,3.0,0.0,0.0,0.0,4.0,16.0,9.0,8.0,12.0,0.0,0.0,0.0,2.0,3.0,0.0,5.0,11.0,0.0,0.0,0.0,0.0,0.0,3.0,11.0,10.0,0.0,0.0,0.0,0.0,0.0,6.0,14.0,15.0,3.0,0.0,0.0,0.0,0.0,0.0,0.0,7.0,11.0,0.0,0.0,0.0,10.0,6.0,4.0,9.0,11.0,0.0,0.0,0.0,6.0,16.0,16.0,14.0,2.0,0.0,3
26,0.0,0.0,15.0,14.0,15.0,9.0,0.0,0.0,0.0,0.0,12.0,10.0,7.0,6.0,4.0,0.0,0.0,1.0,14.0,2.0,0.0,0.0,0.0,0.0,0.0,5.0,16.0,12.0,10.0,4.0,0.0,0.0,0.0,4.0,11.0,8.0,11.0,15.0,5.0,0.0,0.0,0.0,0.0,0.0,0.0,13.0,7.0,0.0,0.0,4.0,16.0,10.0,11.0,14.0,1.0,0.0,0.0,1.0,10.0,16.0,15.0,4.0,0.0,0.0,5
27,0.0,0.0,5.0,13.0,16.0,14.0,0.0,0.0,0.0,1.0,14.0,8.0,5.0,16.0,2.0,0.0,0.0,0.0,1.0,0.0,2.0,15.0,2.0,0.0,0.0,0.0,0.0,2.0,8.0,15.0,3.0,0.0,0.0,0.0,0.0,15.0,16.0,13.0,8.0,0.0,0.0,0.0,0.0,6.0,14.0,0.0,0.0,0.0,0.0,0.0,0.0,13.0,7.0,0.0,0.0,0.0,0.0,0.0,7.0,14.0,0.0,0.0,0.0,0.0,7
29,0.0,0.0,0.0,10.0,9.0,0.0,0.0,0.0,0.0,0.0,3.0,15.0,13.0,5.0,0.0,0.0,0.0,0.0,13.0,13.0,1.0,13.0,0.0,0.0,0.0,0.0,16.0,7.0,0.0,16.0,0.0,0.0,0.0,0.0,16.0,11.0,3.0,15.0,0.0,0.0,0.0,0.0,14.0,7.0,16.0,12.0,0.0,0.0,0.0,0.0,9.0,13.0,15.0,6.0,0.0,0.0,0.0,0.0,0.0,13.0,10.0,0.0,0.0,0.0,0
31,0.0,0.0,0.0,6.0,15.0,1.0,0.0,0.0,0.0,0.0,3.0,16.0,9.0,15.0,3.0,0.0,0.0,1.0,15.0,7.0,5.0,15.0,0.0,0.0,0.0,9.0,16.0,4.0,11.0,14.0,10.0,0.0,0.0,9.0,16.0,16.0,16.0,16.0,9.0,0.0,0.0,0.0,2.0,4.0,16.0,2.0,0.0,0.0,0.0,0.0,0.0,6.0,14.0,0.0,0.0,0.0,0.0,0.0,0.0,7.0,10.0,0.0,0.0,0.0,4
33,0.0,0.0,3.0,11.0,0.0,0.0,0.0,0.0,0.0,0.0,12.0,11.0,0.0,0.0,0.0,0.0,0.0,1.0,14.0,1.0,0.0,0.0,0.0,0.0,0.0,2.0,15.0,0.0,0.0,0.0,0.0,0.0,0.0,4.0,15.0,15.0,16.0,15.0,2.0,0.0,0.0,1.0,16.0,8.0,4.0,8.0,11.0,0.0,0.0,1.0,16.0,11.0,7.0,10.0,12.0,0.0,0.0,0.0,5.0,10.0,12.0,15.0,7.0,0.0,6
34,0.0,0.0,7.0,15.0,6.0,0.0,0.0,0.0,0.0,4.0,16.0,9.0,14.0,3.0,0.0,0.0,0.0,2.0,14.0,0.0,13.0,6.0,0.0,0.0,0.0,0.0,2.0,0.0,11.0,10.0,0.0,0.0,0.0,0.0,0.0,0.0,13.0,6.0,0.0,0.0,0.0,0.0,0.0,5.0,15.0,7.0,0.0,0.0,0.0,0.0,9.0,16.0,16.0,16.0,15.0,0.0,0.0,0.0,6.0,15.0,7.0,4.0,6.0,1.0,2
36,0.0,1.0,14.0,16.0,16.0,14.0,1.0,0.0,0.0,0.0,10.0,13.0,6.0,4.0,0.0,0.0,0.0,3.0,15.0,11.0,3.0,0.0,0.0,0.0,0.0,5.0,16.0,16.0,16.0,6.0,0.0,0.0,0.0,0.0,0.0,1.0,10.0,15.0,0.0,0.0,0.0,0.0,0.0,0.0,11.0,11.0,0.0,0.0,0.0,0.0,7.0,12.0,16.0,5.0,0.0,0.0,0.0,2.0,15.0,15.0,5.0,0.0,0.0,0.0,5
38,0.0,0.0,15.0,13.0,12.0,12.0,2.0,0.0,0.0,4.0,16.0,16.0,12.0,6.0,0.0,0.0,0.0,0.0,16.0,4.0,0.0,0.0,0.0,0.0,0.0,0.0,11.0,7.0,0.0,0.0,0.0,0.0,0.0,0.0,7.0,14.0,0.0,0.0,0.0,0.0,0.0,0.0,0.0,14.0,6.0,0.0,0.0,0.0,0.0,4.0,5.0,14.0,8.0,0.0,0.0,0.0,0.0,1.0,15.0,16.0,4.0,0.0,0.0,0.0,5
39,0.0,0.0,5.0,13.0,2.0,0.0,0.0,0.0,0.0,0.0,4.0,16.0,7.0,0.0,0.0,0.0,0.0,0.0,4.0,16.0,4.0,0.0,0.0,0.0,0.0,0.0,4.0,16.0,6.0,0.0,0.0,0.0,0.0,0.0,9.0,16.0,10.0,0.0,0.0,0.0,0.0,0.0,2.0,11.0,15.0,1.0,0.0,0.0,0.0,0.0,10.0,13.0,16.0,15.0,16.0,9.0,0.0,0.0,3.0,12.0,16.0,16.0,11.0,2.0,1
40,0.0,0.0,3.0,16.0,15.0,5.0,0.0,0.0,0.0,0.0,7.0,16.0,15.0,14.0,0.0,0.0,0.0,0.0,0.0,1.0,7.0,16.0,4.0,0.0,0.0,2.0,6.0,9.0,14.0,16.0,5.0,0.0,0.0,9.0,16.0,16.0,16.0,12.0,1.0,0.0,0.0,0.0,9.0,15.0,16.0,4.0,0.0,0.0,0.0,0.0,6.0,16.0,11.0,0.0,0.0,0.0,0.0,0.0,2.0,15.0,4.0,0.0,0.0,0.0,7
41,0.0,2.0,10.0,15.0,16.0,16.0,14.0,0.0,0.0,7.0,11.0,4.0,6.0,15.0,9.0,0.0,0.0,0.0,0.0,6.0,15.0,12.0,0.0,0.0,0.0,0.0,3.0,16.0,9.0,0.0,0.0,0.0,0.0,0.0,5.0,16.0,8.0,0.0,0.0,0.0,0.0,0.0,0.0,11.0,15.0,2.0,0.0,0.0,0.0,0.0,1.0,6.0,16.0,2.0,0.0,0.0,0.0,1.0,16.0,16.0,6.0,0.0,0.0,0.0,3
42,0.0,0.0,0.0,9.0,11.0,0.0,0.0,0.0,0.0,0.0,2.0,15.0,8.0,0.0,0.0,0.0,0.0,0.0,11.0,15.0,1.0,3.0,8.0,0.0,0.0,6.0,16.0,4.0,0.0,14.0,12.0,0.0,0.0,12.0,16.0,4.0,11.0,16.0,5.0,0.0,0.0,9.0,16.0,16.0,16.0,11.0,0.0,0.0,0.0,0.0,6.0,11.0,16.0,7.0,0.0,0.0,0.0,0.0,0.0,10.0,16.0,4.0,0.0,0.0,4
45,0.0,6.0,16.0,16.0,15.0,7.0,0.0,0.0,0.0,2.0,11.0,12.0,16.0,16.0,5.0,0.0,0.0,0.0,0.0,0.0,14.0,15.0,2.0,0.0,0.0,0.0,0.0,1.0,16.0,11.0,0.0,0.0,0.0,0.0,0.0,0.0,14.0,14.0,0.0,0.0,0.0,0.0,0.0,0.0,5.0,16.0,9.0,0.0,0.0,0.0,3.0,7.0,12.0,16.0,7.0,0.0,0.0,3.0,16.0,16.0,15.0,11.0,1.0,0.0,3
47,0.0,0.0,0.0,1.0,15.0,12.0,0.0,0.0,0.0,0.0,0.0,12.0,16.0,13.0,0.0,0.0,0.0,0.0,11.0,16.0,16.0,13.0,0.0,0.0,0.0,11.0,16.0,11.0,13.0,13.0,0.0,0.0,0.0,3.0,7.0,0.0,12.0,14.0,0.0,0.0,0.0,0.0,0.0,0.0,11.0,13.0,0.0,0.0,0.0,0.0,0.0,0.0,15.0,13.0,0.0,0.0,0.0,0.0,0.0,2.0,15.0,13.0,0.0,0.0,1
49,0.0,0.0,3.0,13.0,16.0,16.0,5.0,0.0,0.0,4.0,15.0,13.0,10.0,16.0,6.0,0.0,0.0,1.0,8.0,1.0,4.0,16.0,4.0,0.0,0.0,0.0,1.0,6.0,11.0,16.0,10.0,0.0,0.0,0.0,13.0,16.0,16.0,13.0,3.0,0.0,0.0,0.0,10.0,7.0,16.0,4.0,0.0,0.0,0.0,0.0,0.0,11.0,13.0,0.0,0.0,0.0,0.0,0.0,4.0,16.0,8.0,0.0,0.0,0.0,7
51,0.0,1.0,12.0,16.0,13.0,2.0,0.0,0.0,0.0,5.0,14.0,6.0,13.0,12.0,0.0,0.0,0.0,0.0,0.0,3.0,15.0,7.0,0.0,0.0,0.0,0.0,2.0,16.0,8.0,0.0,0.0,0.0,0.0,0.0,1.0,12.0,16.0,11.0,1.0,0.0,0.0,0.0,0.0,0.0,5.0,15.0,7.0,0.0,0.0,0.0,6.0,0.0,4.0,14.0,7.0,0.0,0.0,0.0,16.0,16.0,15.0,8.0,1.0,0.0,3
53,0.0,0.0,4.0,12.0,16.0,16.0,11.0,2.0,0.0,0.0,15.0,13.0,8.0,11.0,8.0,1.0,0.0,2.0,15.0,13.0,16.0,8.0,0.0,0.0,0.0,6.0,16.0,13.0,13.0,16.0,2.0,0.0,0.0,7.0,11.0,2.0,2.0,16.0,6.0,0.0,0.0,0.0,0.0,0.0,5.0,15.0,2.0,0.0,0.0,0.0,9.0,6.0,13.0,10.0,0.0,0.0,0.0,0.0,7.0,14.0,13.0,1.0,0.0,0.0,5
54,0.0,0.0,11.0,14.0,5.0,0.0,0.0,0.0,0.0,6.0,12.0,4.0,13.0,4.0,0.0,0.0,0.0,10.0,10.0,0.0,4.0,14.0,0.0,0.0,0.0,7.0,13.0,5.0,13.0,16.0,2.0,0.0,0.0,1.0,10.0,12.0,12.0,14.0,8.0,0.0,0.0,0.0,0.0,0.0,0.0,7.0,12.0,0.0,0.0,0.0,1.0,0.0,0.0,1.0,15.0,0.0,0.0,0.0,11.0,8.0,4.0,5.0,16.0,1.0,9
56,0.0,0.0,4.0,12.0,1.0,0.0,0.0,0.0,0.0,0.0,14.0,13.0,0.0,0.0,0.0,0.0,0.0,2.0,16.0,3.0,0.0,0.0,0.0,0.0,0.0,7.0,13.0,0.0,0.0,0.0,0.0,0.0,0.0,7.0,12.0,7.0,12.0,6.0,2.0,0.0,0.0,4.0,15.0,15.0,12.0,13.0,11.0,0.0,0.0,1.0,13.0,16.0,5.0,11.0,12.0,0.0,0.0,0.0,5.0,13.0,16.0,11.0,1.0,0.0,6
57,0.0,0.0,2.0,12.0,1.0,0.0,0.0,0.0,0.0,0.0,6.0,13.0,0.0,0.0,0.0,0.0,0.0,0.0,13.0,4.0,0.0,0.0,0.0,0.0,0.0,0.0,16.0,1.0,0.0,0.0,0.0,0.0,0.0,5.0,16.0,16.0,16.0,10.0,1.0,0.0,0.0,2.0,15.0,6.0,1.0,10.0,8.0,0.0,0.0,0.0,10.0,10.0,0.0,9.0,9.0,0.0,0.0,0.0,2.0,12.0,16.0,15.0,1.0,0.0,6
58,0.0,0.0,9.0,15.0,5.0,0.0,0.0,0.0,0.0,3.0,15.0,15.0,16.0,4.0,0.0,0.0,0.0,10.0,14.0,0.0,9.0,14.0,0.0,0.0,0.0,8.0,12.0,0.0,0.0,12.0,5.0,0.0,0.0,8.0,8.0,0.0,0.0,10.0,8.0,0.0,0.0,5.0,14.0,0.0,0.0,12.0,8.0,0.0,0.0,0.0,16.0,7.0,12.0,16.0,4.0,0.0,0.0,0.0,9.0,16.0,15.0,7.0,0.0,0.0,0
59,0.0,0.0,12.0,16.0,16.0,12.0,0.0,0.0,0.0,0.0,6.0,4.0,10.0,13.0,1.0,0.0,0.0,0.0,0.0,0.0,13.0,9.0,0.0,0.0,0.0,0.0,5.0,9.0,16.0,16.0,12.0,0.0,0.0,3.0,16.0,16.0,11.0,3.0,0.0,0.0,0.0,0.0,7.0,13.0,0.0,0.0,0.0,0.0,0.0,0.0,11.0,8.0,0.0,0.0,0.0,0.0,0.0,0.0,16.0,3.0,0.0,0.0,0.0,0.0,7
60,0.0,0.0,7.0,15.0,15.0,2.0,0.0,0.0,0.0,0.0,13.0,6.0,12.0,6.0,0.0,0.0,0.0,0.0,0.0,0.0,15.0,2.0,0.0,0.0,0.0,0.0,0.0,13.0,10.0,0.0,0.0,0.0,0.0,0.0,0.0,8.0,15.0,12.0,0.0,0.0,0.0,3.0,7.0,0.0,2.0,15.0,1.0,0.0,0.0,2.0,15.0,6.0,6.0,16.0,1.0,0.0,0.0,0.0,4.0,15.0,16.0,7.0,0.0,0.0,3
62,0.0,0.0,2.0,10.0,7.0,0.0,0.0,0.0,0.0,0.0,14.0,16.0,16.0,15.0,1.0,0.0,0.0,4.0,16.0,7.0,3.0,16.0,7.0,0.0,0.0,5.0,16.0,10.0,7.0,16.0,4.0,0.0,0.0,0.0,5.0,14.0,14.0,16.0,4.0,0.0,0.0,0.0,0.0,0.0,0.0,16.0,2.0,0.0,0.0,0.0,4.0,7.0,7.0,16.0,2.0,0.0,0.0,0.0,5.0,12.0,16.0,12.0,0.0,0.0,9
64,0.0,3.0,15.0,13.0,12.0,8.0,1.0,0.0,0.0,4.0,16.0,14.0,12.0,12.0,2.0,0.0,0.0,0.0,16.0,4.0,0.0,0.0,0.0,0.0,0.0,0.0,12.0,9.0,0.0,0.0,0.0,0.0,0.0,0.0,7.0,16.0,3.0,0.0,0.0,0.0,0.0,0.0,0.0,14.0,8.0,0.0,0.0,0.0,0.0,0.0,5.0,15.0,10.0,0.0,0.0,0.0,0.0,2.0,15.0,16.0,2.0,0.0,0.0,0.0,5
65,0.0,0.0,3.0,14.0,7.0,0.0,0.0,0.0,0.0,0.0,14.0,16.0,14.0,9.0,0.0,0.0,0.0,4.0,16.0,16.0,11.0,15.0,3.0,0.0,0.0,5.0,15.0,6.0,0.0,4.0,8.0,0.0,0.0,8.0,8.0,0.0,0.0,4.0,8.0,0.0,0.0,5.0,11.0,0.0,0.0,6.0,6.0,0.0,0.0,0.0,13.0,10.0,5.0,15.0,5.0,0.0,0.0,0.0,2.0,12.0,14.0,8.0,0.0,0.0,0
67,0.0,2.0,15.0,15.0,3.0,0.0,0.0,0.0,0.0,11.0,15.0,11.0,12.0,0.0,0.0,0.0,0.0,8.0,10.0,0.0,16.0,0.0,0.0,0.0,0.0,1.0,3.0,2.0,16.0,0.0,0.0,0.0,0.0,0.0,0.0,4.0,12.0,0.0,0.0,0.0,0.0,0.0,1.0,12.0,9.0,0.0,0.0,0.0,0.0,0.0,14.0,16.0,13.0,13.0,15.0,3.0,0.0,2.0,13.0,14.0,12.0,12.0,8.0,1.0,2
68,0.0,0.0,5.0,12.0,16.0,12.0,4.0,0.0,0.0,1.0,12.0,7.0,5.0,16.0,5.0,0.0,0.0,2.0,9.0,0.0,8.0,9.0,0.0,0.0,0.0,0.0,2.0,3.0,12.0,1.0,0.0,0.0,0.0,4.0,12.0,14.0,15.0,12.0,4.0,0.0,0.0,5.0,4.0,16.0,1.0,0.0,0.0,0.0,0.0,0.0,1.0,12.0,0.0,0.0,0.0,0.0,0.0,0.0,3.0,12.0,0.0,0.0,0.0,0.0,7
69,0.0,0.0,1.0,11.0,15.0,0.0,0.0,0.0,0.0,0.0,11.0,15.0,5.0,0.0,0.0,0.0,0.0,3.0,15.0,1.0,0.0,0.0,0.0,0.0,0.0,5.0,12.0,0.0,0.0,0.0,0.0,0.0,0.0,8.0,15.0,15.0,16.0,14.0,3.0,0.0,0.0,2.0,16.0,11.0,2.0,7.0,12.0,0.0,0.0,0.0,14.0,11.0,4.0,9.0,13.0,0.0,0.0,0.0,2.0,11.0,16.0,15.0,6.0,0.0,6
70,0.0,0.0,3.0,8.0,9.0,9.0,0.0,0.0,0.0,6.0,16.0,12.0,8.0,5.0,0.0,0.0,0.0,11.0,13.0,0.0,0.0,0.0,0.0,0.0,0.0,9.0,16.0,10.0,5.0,0.0,0.0,0.0,0.0,0.0,3.0,8.0,13.0,10.0,1.0,0.0,0.0,0.0,0.0,0.0,0.0,10.0,7.0,0.0,0.0,0.0,5.0,2.0,4.0,13.0,8.0,0.0,0.0,0.0,7.0,16.0,14.0,8.0,0.0,0.0,5
71,0.0,0.0,4.0,12.0,16.0,16.0,4.0,0.0,0.0,0.0,9.0,7.0,4.0,14.0,12.0,0.0,0.0,0.0,0.0,0.0,0.0,11.0,14.0,0.0,0.0,0.0,0.0,0.0,3.0,16.0,6.0,0.0,0.0,0.0,0.0,1.0,13.0,6.0,0.0,0.0,0.0,0.0,1.0,12.0,8.0,0.0,0.0,0.0,0.0,0.0,6.0,16.0,9.0,5.0,0.0,0.0,0.0,0.0,3.0,12.0,13.0,9.0,0.0,0.0,2
73,0.0,0.0,1.0,6.0,8.0,9.0,3.0,0.0,0.0,0.0,13.0,15.0,12.0,11.0,7.0,0.0,0.0,0.0,13.0,11.0,0.0,9.0,7.0,0.0,0.0,0.0,5.0,15.0,15.0,15.0,0.0,0.0,0.0,0.0,1.0,14.0,16.0,16.0,0.0,0.0,0.0,0.0,11.0,9.0,0.0,16.0,1.0,0.0,0.0,0.0,9.0,10.0,10.0,13.0,0.0,0.0,0.0,0.0,3.0,11.0,9.0,2.0,0.0,0.0,8
76,0.0,0.0,5.0,11.0,13.0,3.0,0.0,0.0,0.0,0.0,16.0,13.0,15.0,9.0,0.0,0.0,0.0,4.0,16.0,0.0,13.0,13.0,0.0,0.0,0.0,1.0,11.0,16.0,15.0,15.0,3.0,0.0,0.0,0.0,0.0,0.0,0.0,12.0,7.0,0.0,0.0,0.0,0.0,0.0,0.0,6.0,12.0,0.0,0.0,0.0,6.0,4.0,2.0,9.0,11.0,0.0,0.0,0.0,6.0,13.0,16.0,16.0,6.0,0.0,9
77,0.0,0.0,0.0,13.0,8.0,0.0,0.0,0.0,0.0,0.0,2.0,15.0,1.0,0.0,0.0,0.0,0.0,0.0,11.0,10.0,0.0,8.0,2.0,0.0,0.0,4.0,16.0,5.0,11.0,16.0,8.0,0.0,0.0,7.0,16.0,16.0,16.0,16.0,3.0,0.0,0.0,2.0,13.0,9.0,16.0,12.0,0.0,0.0,0.0,0.0,0.0,7.0,16.0,6.0,0.0,0.0,0.0,0.0,0.0,13.0,15.0,1.0,0.0,0.0,4
78,0.0,0.0,12.0,8.0,8.0,7.0,0.0,0.0,0.0,3.0,16.0,16.0,11.0,7.0,0.0,0.0,0.0,2.0,14.0,1.0,0.0,0.0,0.0,0.0,0.0,5.0,14.0,5.0,0.0,0.0,0.0,0.0,0.0,2.0,15.0,16.0,9.0,0.0,0.0,0.0,0.0,0.0,0.0,2.0,16.0,2.0,0.0,0.0,0.0,0.0,4.0,8.0,16.0,4.0,0.0,0.0,0.0,0.0,11.0,14.0,9.0,0.0,0.0,0.0,5
79,0.0,0.0,4.0,6.0,11.0,5.0,0.0,0.0,0.0,2.0,14.0,7.0,2.0,15.0,0.0,0.0,0.0,4.0,8.0,0.0,0.0,10.0,2.0,0.0,0.0,0.0,14.0,8.0,8.0,13.0,1.0,0.0,0.0,0.0,15.0,10.0,16.0,7.0,0.0,0.0,0.0,1.0,10.0,0.0,1.0,10.0,4.0,0.0,0.0,0.0,12.0,2.0,0.0,6.0,8.0,0.0,0.0,0.0,6.0,10.0,11.0,7.0,1.0,0.0,8
81,0.0,0.0,1.0,15.0,11.0,1.0,0.0,0.0,0.0,0.0,2.0,16.0,16.0,7.0,0.0,0.0,0.0,0.0,6.0,16.0,16.0,5.0,0.0,0.0,0.0,0.0,8.0,16.0,16.0,4.0,0.0,0.0,0.0,0.0,9.0,16.0,13.0,0.0,0.0,0.0,0.0,0.0,11.0,16.0,13.0,0.0,0.0,0.0,0.0,0.0,11.0,16.0,11.0,0.0,0.0,0.0,0.0,0.0,1.0,14.0,16.0,3.0,0.0,0.0,1
83,0.0,0.0,10.0,8.0,8.0,4.0,0.0,0.0,0.0,8.0,15.0,12.0,14.0,14.0,0.0,0.0,0.0,9.0,11.0,0.0,10.0,16.0,4.0,0.0,0.0,1.0,9.0,12.0,10.0,12.0,8.0,0.0,0.0,0.0,0.0,0.0,0.0,8.0,8.0,0.0,0.0,0.0,0.0,0.0,0.0,10.0,7.0,0.0,0.0,0.0,11.0,6.0,4.0,15.0,4.0,0.0,0.0,0.0,13.0,16.0,16.0,7.0,0.0,0.0,9
84,0.0,0.0,0.0,12.0,7.0,0.0,0.0,0.0,0.0,0.0,0.0,14.0,15.0,0.0,0.0,0.0,0.0,0.0,0.0,14.0,16.0,1.0,0.0,0.0,0.0,0.0,0.0,15.0,16.0,2.0,0.0,0.0,0.0,0.0,0.0,13.0,16.0,1.0,0.0,0.0,0.0,0.0,0.0,14.0,16.0,1.0,0.0,0.0,0.0,0.0,0.0,14.0,16.0,1.0,0.0,0.0,0.0,0.0,0.0,6.0,16.0,2.0,0.0,0.0,1
85,0.0,1.0,10.0,15.0,16.0,13.0,3.0,0.0,0.0,5.0,14.0,5.0,5.0,15.0,8.0,0.0,0.0,0.0,0.0,0.0,2.0,15.0,6.0,0.0,0.0,0.0,0.0,0.0,9.0,16.0,0.0,0.0,0.0,0.0,0.0,0.0,9.0,16.0,0.0,0.0,0.0,0.0,0.0,0.0,4.0,16.0,6.0,0.0,0.0,0.0,2.0,3.0,13.0,12.0,0.0,0.0,0.0,0.0,15.0,13.0,7.0,0.0,0.0,0.0,3
86,0.0,1.0,10.0,15.0,15.0,5.0,0.0,0.0,0.0,11.0,16.0,9.0,12.0,10.0,0.0,0.0,0.0,15.0,6.0,0.0,14.0,7.0,0.0,0.0,0.0,0.0,0.0,6.0,16.0,5.0,0.0,0.0,0.0,0.0,1.0,15.0,11.0,0.0,0.0,0.0,0.0,0.0,5.0,16.0,4.0,0.0,0.0,0.0,0.0,1.0,15.0,11.0,8.0,12.0,14.0,1.0,0.0,1.0,15.0,16.0,16.0,12.0,5.0,0.0,2
87,0.0,0.0,7.0,14.0,8.0,4.0,0.0,0.0,0.0,0.0,16.0,8.0,15.0,14.0,1.0,0.0,0.0,4.0,16.0,4.0,0.0,8.0,4.0,0.0,0.0,8.0,14.0,0.0,0.0,4.0,4.0,0.0,0.0,8.0,16.0,0.0,0.0,4.0,5.0,0.0,0.0,3.0,16.0,1.0,0.0,11.0,4.0,0.0,0.0,0.0,15.0,16.0,16.0,12.0,0.0,0.0,0.0,0.0,6.0,13.0,7.0,0.0,0.0,0.0,0
88,0.0,0.0,7.0,14.0,16.0,11.0,0.0,0.0,0.0,2.0,16.0,11.0,11.0,16.0,2.0,0.0,0.0,0.0,3.0,3.0,15.0,9.0,0.0,0.0,0.0,0.0,0.0,10.0,16.0,8.0,0.0,0.0,0.0,0.0,0.0,3.0,14.0,15.0,2.0,0.0,0.0,0.0,0.0,0.0,1.0,16.0,6.0,0.0,0.0,0.0,3.0,12.0,13.0,15.0,2.0,0.0,0.0,0.0,6.0,16.0,12.0,5.0,0.0,0.0,3
91,0.0,4.0,13.0,16.0,16.0,15.0,3.0,0.0,0.0,10.0,12.0,7.0,8.0,16.0,8.0,0.0,0.0,0.0,0.0,1.0,12.0,15.0,2.0,0.0,0.0,0.0,0.0,4.0,16.0,10.0,0.0,0.0,0.0,0.0,0.0,8.0,16.0,4.0,0.0,0.0,0.0,0.0,0.0,1.0,16.0,10.0,0.0,0.0,0.0,5.0,7.0,4.0,15.0,13.0,0.0,0.0,0.0,5.0,16.0,16.0,16.0,7.0,0.0,0.0,3
92,0.0,0.0,0.0,1.0,9.0,14.0,7.0,0.0,0.0,0.0,5.0,14.0,9.0,8.0,10.0,0.0,0.0,2.0,14.0,16.0,11.0,13.0,3.0,0.0,0.0,3.0,16.0,16.0,16.0,16.0,5.0,0.0,0.0,0.0,6.0,7.0,1.0,11.0,7.0,0.0,0.0,0.0,0.0,0.0,1.0,13.0,3.0,0.0,0.0,0.0,0.0,0.0,6.0,8.0,0.0,0.0,0.0,0.0,0.0,0.0,10.0,0.0,0.0,0.0,9
94,0.0,3.0,12.0,12.0,14.0,4.0,0.0,0.0,0.0,1.0,13.0,4.0,4.0,0.0,0.0,0.0,0.0,4.0,14.0,4.0,3.0,0.0,0.0,0.0,0.0,5.0,13.0,12.0,14.0,10.0,0.0,0.0,0.0,0.0,0.0,0.0,0.0,11.0,6.0,0.0,0.0,0.0,0.0,0.0,0.0,4.0,8.0,0.0,0.0,0.0,6.0,2.0,0.0,8.0,8.0,0.0,0.0,2.0,13.0,16.0,16.0,16.0,2.0,0.0,5
95,0.0,0.0,13.0,14.0,9.0,1.0,0.0,0.0,0.0,5.0,16.0,12.0,12.0,12.0,1.0,0.0,0.0,6.0,16.0,2.0,2.0,16.0,5.0,0.0,0.0,3.0,16.0,5.0,3.0,16.0,9.0,0.0,0.0,0.0,9.0,16.0,16.0,16.0,10.0,0.0,0.0,0.0,0.0,6.0,7.0,15.0,9.0,0.0,0.0,0.0,0.0,0.0,6.0,16.0,5.0,0.0,0.0,0.0,10.0,16.0,16.0,12.0,0.0,0.0,9
97,0.0,0.0,2.0,8.0,7.0,0.0,0.0,0.0,0.0,0.0,6.0,15.0,16.0,2.0,0.0,0.0,0.0,6.0,15.0,11.0,16.0,4.0,0.0,0.0,0.0,5.0,16.0,10.0,16.0,1.0,0.0,0.0,0.0,2.0,15.0,16.0,13.0,0.0,0.0,0.0,0.0,0.0,2.0,16.0,12.0,9.0,3.0,0.0,0.0,0.0,4.0,14.0,0.0,12.0,14.0,1.0,0.0,0.0,1.0,12.0,10.0,7.0,0.0,0.0,8
98,0.0,0.0,0.0,6.0,9.0,0.0,0.0,0.0,0.0,0.0,2.0,15.0,8.0,0.0,0.0,0.0,0.0,0.0,4.0,16.0,5.0,0.0,0.0,0.0,0.0,0.0,9.0,12.0,7.0,12.0,2.0,0.0,0.0,0.0,9.0,16.0,15.0,13.0,6.0,0.0,0.0,0.0,13.0,14.0,2.0,13.0,6.0,0.0,0.0,0.0,14.0,15.0,13.0,16.0,4.0,0.0,0.0,0.0,1.0,10.0,16.0,10.0,0.0,0.0,6
100,0.0,0.0,5.0,14.0,16.0,16.0,3.0,0.0,0.0,0.0,7.0,16.0,16.0,16.0,5.0,0.0,0.0,0.0,0.0,0.0,8.0,16.0,0.0,0.0,0.0,0.0,9.0,14.0,16.0,16.0,13.0,0.0,0.0,2.0,16.0,16.0,15.0,7.0,1.0,0.0,0.0,0.0,1.0,14.0,10.0,0.0,0.0,0.0,0.0,0.0,3.0,16.0,5.0,0.0,0.0,0.0,0.0,0.0,7.0,13.0,0.0,0.0,0.0,0.0,7
101,0.0,0.0,2.0,9.0,13.0,12.0,2.0,0.0,0.0,1.0,14.0,13.0,7.0,10.0,6.0,0.0,0.0,0.0,13.0,8.0,1.0,7.0,7.0,0.0,0.0,0.0,3.0,13.0,14.0,14.0,0.0,0.0,0.0,0.0,0.0,0.0,15.0,15.0,1.0,0.0,0.0,0.0,0.0,9.0,5.0,8.0,5.0,0.0,0.0,0.0,0.0,13.0,4.0,13.0,2.0,0.0,0.0,0.0,0.0,13.0,15.0,6.0,0.0,0.0,8
102,0.0,0.0,0.0,0.0,12.0,5.0,0.0,0.0,0.0,0.0,0.0,2.0,16.0,12.0,0.0,0.0,0.0,0.0,1.0,12.0,16.0,11.0,0.0,0.0,0.0,2.0,12.0,16.0,16.0,10.0,0.0,0.0,0.0,6.0,11.0,5.0,15.0,6.0,0.0,0.0,0.0,0.0,0.0,1.0,16.0,9.0,0.0,0.0,0.0,0.0,0.0,2.0,16.0,11.0,0.0,0.0,0.0,0.0,0.0,3.0,16.0,8.0,0.0,0.0,1
104,0.0,0.0,0.0,3.0,15.0,10.0,1.0,0.0,0.0,0.0,0.0,11.0,10.0,16.0,4.0,0.0,0.0,0.0,0.0,12.0,1.0,15.0,6.0,0.0,0.0,0.0,0.0,3.0,4.0,15.0,4.0,0.0,0.0,0.0,0.0,6.0,15.0,6.0,0.0,0.0,0.0,4.0,15.0,16.0,9.0,0.0,0.0,0.0,0.0,0.0,13.0,16.0,15.0,9.0,3.0,0.0,0.0,0.0,0.0,4.0,9.0,14.0,7.0,0.0,2
107,0.0,3.0,10.0,11.0,12.0,12.0,6.0,0.0,0.0,8.0,14.0,11.0,8.0,8.0,4.0,0.0,0.0,8.0,10.0,7.0,3.0,0.0,0.0,0.0,0.0,8.0,16.0,14.0,15.0,4.0,0.0,0.0,0.0,2.0,2.0,0.0,6.0,9.0,0.0,0.0,0.0,0.0,0.0,0.0,4.0,12.0,0.0,0.0,0.0,1.0,8.0,4.0,10.0,10.0,0.0,0.0,0.0,2.0,15.0,16.0,13.0,2.0,0.0,0.0,5
110,0.0,0.0,4.0,14.0,16.0,4.0,0.0,0.0,0.0,3.0,16.0,16.0,16.0,6.0,0.0,0.0,0.0,8.0,16.0,12.0,16.0,7.0,0.0,0.0,0.0,3.0,5.0,12.0,15.0,0.0,0.0,0.0,0.0,0.0,0.0,15.0,12.0,0.0,0.0,0.0,0.0,0.0,6.0,16.0,2.0,0.0,0.0,0.0,0.0,0.0,8.0,16.0,12.0,5.0,1.0,0.0,0.0,0.0,4.0,16.0,16.0,15.0,4.0,0.0,2
112,0.0,0.0,3.0,11.0,14.0,12.0,3.0,0.0,0.0,2.0,13.0,10.0,4.0,10.0,12.0,0.0,0.0,2.0,11.0,2.0,0.0,9.0,9.0,0.0,0.0,0.0,0.0,3.0,10.0,10.0,1.0,0.0,0.0,0.0,7.0,16.0,16.0,2.0,0.0,0.0,0.0,0.0,3.0,0.0,14.0,3.0,0.0,0.0,0.0,0.0,0.0,1.0,13.0,2.0,0.0,0.0,0.0,3.0,7.0,14.0,5.0,0.0,0.0,0.0,3
114,0.0,0.0,0.0,11.0,12.0,1.0,0.0,0.0,0.0,0.0,8.0,16.0,9.0,4.0,0.0,0.0,0.0,0.0,3.0,4.0,0.0,0.0,0.0,0.0,0.0,1.0,0.0,2.0,8.0,2.0,0.0,0.0,0.0,5.0,16.0,16.0,16.0,14.0,2.0,0.0,0.0,2.0,16.0,9.0,3.0,13.0,7.0,0.0,0.0,0.0,11.0,14.0,7.0,16.0,9.0,0.0,0.0,0.0,1.0,10.0,14.0,10.0,2.0,0.0,6
115,0.0,0.0,3.0,12.0,16.0,16.0,3.0,0.0,0.0,2.0,16.0,16.0,11.0,16.0,4.0,0.0,0.0,8.0,14.0,2.0,10.0,16.0,1.0,0.0,0.0,5.0,5.0,3.0,16.0,4.0,0.0,0.0,0.0,0.0,0.0,11.0,12.0,0.0,0.0,0.0,0.0,0.0,3.0,16.0,5.0,2.0,3.0,0.0,0.0,0.0,3.0,16.0,12.0,15.0,6.0,0.0,0.0,0.0,0.0,15.0,16.0,8.0,0.0,0.0,2
116,0.0,0.0,10.0,16.0,14.0,2.0,0.0,0.0,0.0,0.0,13.0,13.0,14.0,11.0,0.0,0.0,0.0,0.0,4.0,8.0,15.0,15.0,4.0,0.0,0.0,0.0,10.0,16.0,16.0,13.0,3.0,0.0,0.0,0.0,1.0,12.0,14.0,1.0,0.0,0.0,0.0,0.0,2.0,16.0,8.0,0.0,0.0,0.0,0.0,0.0,13.0,12.0,1.0,0.0,0.0,0.0,0.0,0.0,13.0,7.0,0.0,0.0,0.0,0.0,7
117,0.0,0.0,0.0,12.0,15.0,2.0,0.0,0.0,0.0,0.0,0.0,13.0,16.0,8.0,0.0,0.0,0.0,0.0,0.0,14.0,16.0,9.0,0.0,0.0,0.0,0.0,0.0,13.0,16.0,6.0,0.0,0.0,0.0,0.0,7.0,16.0,16.0,3.0,0.0,0.0,0.0,1.0,16.0,16.0,16.0,1.0,0.0,0.0,0.0,0.0,8.0,16.0,16.0,2.0,0.0,0.0,0.0,0.0,0.0,9.0,16.0,7.0,0.0,0.0,1
118,0.0,0.0,5.0,14.0,12.0,5.0,0.0,0.0,0.0,0.0,13.0,16.0,16.0,9.0,0.0,0.0,0.0,0.0,11.0,16.0,16.0,9.0,0.0,0.0,0.0,0.0,11.0,16.0,16.0,7.0,0.0,0.0,0.0,0.0,10.0,16.0,16.0,2.0,0.0,0.0,0.0,0.0,13.0,16.0,15.0,0.0,0.0,0.0,0.0,0.0,14.0,16.0,13.0,0.0,0.0,0.0,0.0,0.0,7.0,13.0,16.0,8.0,0.0,0.0,1
119,0.0,0.0,1.0,8.0,8.0,9.0,12.0,7.0,0.0,0.0,8.0,16.0,12.0,13.0,16.0,5.0,0.0,0.0,11.0,6.0,0.0,8.0,11.0,0.0,0.0,0.0,15.0,3.0,1.0,15.0,3.0,0.0,0.0,0.0,1.0,0.0,10.0,9.0,0.0,0.0,0.0,0.0,0.0,3.0,13.0,1.0,0.0,0.0,0.0,0.0,0.0,13.0,7.0,0.0,0.0,0.0,0.0,0.0,1.0,11.0,1.0,0.0,0.0,0.0,7
123,0.0,0.0,5.0,16.0,11.0,0.0,0.0,0.0,0.0,0.0,12.0,13.0,13.0,11.0,0.0,0.0,0.0,0.0,13.0,8.0,6.0,16.0,0.0,0.0,0.0,0.0,7.0,14.0,16.0,16.0,4.0,0.0,0.0,0.0,0.0,7.0,8.0,14.0,7.0,0.0,0.0,0.0,4.0,0.0,0.0,8.0,12.0,0.0,0.0,1.0,15.0,11.0,8.0,13.0,11.0,0.0,0.0,0.0,5.0,11.0,12.0,14.0,3.0,0.0,9
124,0.0,0.0,0.0,6.0,16.0,2.0,0.0,0.0,0.0,0.0,2.0,15.0,15.0,0.0,0.0,0.0,0.0,0.0,15.0,16.0,3.0,2.0,3.0,0.0,0.0,7.0,16.0,7.0,3.0,15.0,11.0,0.0,0.0,7.0,16.0,14.0,14.0,16.0,5.0,0.0,0.0,1.0,7.0,12.0,16.0,10.0,0.0,0.0,0.0,0.0,0.0,7.0,16.0,4.0,0.0,0.0,0.0,0.0,0.0,10.0,15.0,0.0,0.0,0.0,4
125,0.0,0.0,4.0,14.0,11.0,3.0,0.0,0.0,0.0,0.0,10.0,16.0,12.0,14.0,1.0,0.0,0.0,1.0,14.0,12.0,0.0,13.0,3.0,0.0,0.0,5.0,16.0,6.0,0.0,8.0,6.0,0.0,0.0,8.0,16.0,0.0,0.0,9.0,8.0,0.0,0.0,7.0,16.0,3.0,7.0,16.0,5.0,0.0,0.0,3.0,15.0,13.0,16.0,15.0,2.0,0.0,0.0,0.0,4.0,15.0,12.0,2.0,0.0,0.0,0
126,0.0,0.0,3.0,15.0,16.0,16.0,5.0,0.0,0.0,0.0,10.0,12.0,10.0,16.0,6.0,0.0,0.0,2.0,15.0,2.0,3.0,16.0,1.0,0.0,0.0,0.0,2.0,3.0,10.0,13.0,2.0,0.0,0.0,0.0,3.0,16.0,16.0,16.0,10.0,0.0,0.0,0.0,0.0,12.0,13.0,7.0,1.0,0.0,0.0,0.0,1.0,16.0,6.0,0.0,0.0,0.0,0.0,0.0,5.0,14.0,2.0,0.0,0.0,0.0,7
127,0.0,0.0,0.0,0.0,8.0,13.0,3.0,0.0,0.0,0.0,0.0,12.0,11.0,11.0,5.0,0.0,0.0,0.0,11.0,8.0,8.0,16.0,0.0,0.0,0.0,2.0,16.0,16.0,16.0,15.0,0.0,0.0,0.0,2.0,16.0,11.0,7.0,10.0,0.0,0.0,0.0,0.0,0.0,0.0,8.0,7.0,0.0,0.0,0.0,0.0,0.0,0.0,10.0,8.0,0.0,0.0,0.0,0.0,0.0,0.0,9.0,7.0,0.0,0.0,9
128,0.0,0.0,15.0,13.0,13.0,13.0,0.0,0.0,0.0,0.0,16.0,16.0,11.0,3.0,0.0,0.0,0.0,0.0,12.0,13.0,0.0,0.0,0.0,0.0,0.0,0.0,5.0,16.0,3.0,0.0,0.0,0.0,0.0,0.0,0.0,11.0,10.0,0.0,0.0,0.0,0.0,0.0,0.0,10.0,14.0,0.0,0.0,0.0,0.0,0.0,9.0,16.0,10.0,0.0,0.0,0.0,0.0,0.0,11.0,15.0,1.0,0.0,0.0,0.0,5
130,0.0,0.0,3.0,15.0,4.0,0.0,0.0,0.0,0.0,0.0,12.0,16.0,2.0,0.0,0.0,0.0,0.0,1.0,16.0,7.0,1.0,0.0,0.0,0.0,0.0,3.0,16.0,1.0,6.0,1.0,0.0,0.0,0.0,3.0,15.0,8.0,12.0,13.0,3.0,0.0,0.0,2.0,16.0,2.0,0.0,7.0,12.0,0.0,0.0,0.0,13.0,9.0,4.0,9.0,15.0,0.0,0.0,0.0,3.0,13.0,16.0,15.0,5.0,0.0,6
136,0.0,0.0,10.0,16.0,10.0,1.0,0.0,0.0,0.0,6.0,14.0,6.0,16.0,3.0,0.0,0.0,0.0,5.0,4.0,5.0,15.0,0.0,0.0,0.0,0.0,0.0,0.0,12.0,14.0,1.0,0.0,0.0,0.0,0.0,0.0,3.0,11.0,15.0,1.0,0.0,0.0,0.0,0.0,0.0,0.0,10.0,8.0,0.0,0.0,0.0,9.0,8.0,8.0,15.0,6.0,0.0,0.0,0.0,9.0,15.0,15.0,9.0,0.0,0.0,3
137,0.0,0.0,9.0,12.0,14.0,2.0,0.0,0.0,0.0,0.0,12.0,6.0,4.0,0.0,0.0,0.0,0.0,0.0,12.0,1.0,3.0,0.0,0.0,0.0,0.0,0.0,9.0,16.0,16.0,12.0,0.0,0.0,0.0,0.0,4.0,4.0,0.0,12.0,6.0,0.0,0.0,0.0,0.0,0.0,0.0,4.0,12.0,0.0,0.0,0.0,9.0,7.0,4.0,10.0,11.0,0.0,0.0,0.0,9.0,14.0,16.0,14.0,5.0,0.0,5
142,0.0,0.0,0.0,7.0,13.0,9.0,1.0,0.0,0.0,0.0,7.0,15.0,8.0,15.0,5.0,0.0,0.0,1.0,15.0,2.0,0.0,10.0,8.0,0.0,0.0,4.0,12.0,0.0,0.0,12.0,7.0,0.0,0.0,5.0,9.0,0.0,0.0,14.0,3.0,0.0,0.0,4.0,14.0,0.0,0.0,11.0,0.0,0.0,0.0,1.0,16.0,8.0,8.0,11.0,0.0,0.0,0.0,0.0,2.0,11.0,14.0,5.0,0.0,0.0,0
143,0.0,2.0,14.0,16.0,12.0,6.0,0.0,0.0,0.0,1.0,10.0,8.0,14.0,16.0,1.0,0.0,0.0,0.0,0.0,0.0,10.0,15.0,2.0,0.0,0.0,0.0,0.0,2.0,16.0,12.0,0.0,0.0,0.0,0.0,0.0,3.0,16.0,12.0,0.0,0.0,0.0,0.0,0.0,0.0,11.0,16.0,2.0,0.0,0.0,0.0,7.0,10.0,15.0,15.0,2.0,0.0,0.0,3.0,13.0,11.0,7.0,2.0,0.0,0.0,3
145,0.0,0.0,5.0,16.0,15.0,5.0,0.0,0.0,0.0,0.0,8.0,13.0,9.0,15.0,0.0,0.0,0.0,0.0,0.0,4.0,0.0,15.0,5.0,0.0,0.0,0.0,0.0,0.0,0.0,12.0,6.0,0.0,0.0,0.0,0.0,0.0,0.0,15.0,4.0,0.0,0.0,0.0,11.0,10.0,10.0,15.0,0.0,0.0,0.0,0.0,16.0,16.0,16.0,15.0,13.0,4.0,0.0,0.0,7.0,16.0,13.0,10.0,8.0,3.0,2
146,0.0,0.0,3.0,12.0,16.0,16.0,6.0,0.0,0.0,0.0,10.0,11.0,7.0,16.0,11.0,0.0,0.0,0.0,0.0,0.0,2.0,14.0,10.0,0.0,0.0,5.0,11.0,8.0,9.0,16.0,3.0,0.0,0.0,9.0,16.0,16.0,16.0,16.0,9.0,0.0,0.0,1.0,4.0,9.0,16.0,6.0,0.0,0.0,0.0,0.0,0.0,11.0,14.0,0.0,0.0,0.0,0.0,0.0,4.0,16.0,5.0,0.0,0.0,0.0,7
147,0.0,0.0,6.0,15.0,16.0,3.0,0.0,0.0,0.0,3.0,16.0,12.0,15.0,8.0,0.0,0.0,0.0,0.0,4.0,0.0,14.0,6.0,0.0,0.0,0.0,0.0,0.0,2.0,16.0,6.0,2.0,0.0,0.0,0.0,4.0,14.0,16.0,16.0,8.0,0.0,0.0,0.0,15.0,16.0,7.0,0.0,0.0,0.0,0.0,0.0,6.0,16.0,0.0,0.0,0.0,0.0,0.0,0.0,7.0,9.0,0.0,0.0,0.0,0.0,7
148,0.0,0.0,7.0,12.0,13.0,2.0,0.0,0.0,0.0,0.0,14.0,13.0,8.0,13.0,0.0,0.0,0.0,3.0,16.0,1.0,0.0,11.0,2.0,0.0,0.0,4.0,14.0,0.0,0.0,5.0,8.0,0.0,0.0,5.0,8.0,0.0,0.0,5.0,8.0,0.0,0.0,4.0,16.0,0.0,2.0,14.0,7.0,0.0,0.0,2.0,16.0,10.0,14.0,15.0,1.0,0.0,0.0,0.0,6.0,14.0,14.0,4.0,0.0,0.0,0
150,0.0,0.0,3.0,14.0,16.0,14.0,0.0,0.0,0.0,0.0,13.0,13.0,13.0,16.0,2.0,0.0,0.0,0.0,1.0,0.0,9.0,15.0,0.0,0.0,0.0,0.0,9.0,12.0,15.0,16.0,10.0,0.0,0.0,4.0,16.0,16.0,16.0,11.0,3.0,0.0,0.0,0.0,4.0,9.0,14.0,2.0,0.0,0.0,0.0,0.0,2.0,15.0,9.0,0.0,0.0,0.0,0.0,0.0,4.0,13.0,1.0,0.0,0.0,0.0,7
152,0.0,0.0,0.0,12.0,6.0,0.0,0.0,0.0,0.0,0.0,8.0,15.0,13.0,4.0,0.0,0.0,0.0,5.0,16.0,6.0,3.0,12.0,0.0,0.0,0.0,7.0,14.0,1.0,0.0,11.0,5.0,0.0,0.0,3.0,14.0,0.0,0.0,7.0,10.0,0.0,0.0,1.0,14.0,2.0,0.0,9.0,9.0,0.0,0.0,0.0,9.0,11.0,6.0,15.0,5.0,0.0,0.0,0.0,0.0,10.0,16.0,11.0,0.0,0.0,0
153,0.0,0.0,3.0,10.0,15.0,6.0,0.0,0.0,0.0,4.0,16.0,9.0,4.0,16.0,2.0,0.0,0.0,8.0,14.0,0.0,9.0,10.0,0.0,0.0,0.0,1.0,4.0,7.0,16.0,2.0,0.0,0.0,0.0,0.0,0.0,2.0,15.0,7.0,0.0,0.0,0.0,0.0,0.0,0.0,1.0,14.0,1.0,0.0,0.0,0.0,12.0,8.0,1.0,11.0,7.0,0.0,0.0,0.0,6.0,8.0,16.0,15.0,5.0,0.0,3
154,0.0,0.0,0.0,8.0,15.0,10.0,0.0,0.0,0.0,0.0,8.0,13.0,6.0,1.0,0.0,0.0,0.0,1.0,16.0,2.0,0.0,0.0,0.0,0.0,0.0,4.0,11.0,0.0,0.0,0.0,0.0,0.0,0.0,4.0,16.0,12.0,12.0,9.0,2.0,0.0,0.0,1.0,15.0,1.0,0.0,9.0,10.0,0.0,0.0,0.0,10.0,9.0,4.0,13.0,3.0,0.0,0.0,0.0,0.0,11.0,15.0,5.0,0.0,0.0,6
155,0.0,0.0,0.0,0.0,7.0,16.0,6.0,0.0,0.0,0.0,0.0,4.0,16.0,16.0,4.0,0.0,0.0,2.0,11.0,15.0,16.0,16.0,7.0,0.0,0.0,10.0,16.0,13.0,10.0,16.0,4.0,0.0,0.0,1.0,3.0,0.0,4.0,16.0,5.0,0.0,0.0,0.0,0.0,0.0,7.0,16.0,7.0,0.0,0.0,0.0,0.0,0.0,9.0,16.0,8.0,0.0,0.0,0.0,0.0,0.0,9.0,16.0,6.0,0.0,1
159,0.0,0.0,10.0,14.0,8.0,1.0,0.0,0.0,0.0,2.0,16.0,14.0,6.0,1.0,0.0,0.0,0.0,0.0,15.0,15.0,8.0,15.0,0.0,0.0,0.0,0.0,5.0,16.0,16.0,10.0,0.0,0.0,0.0,0.0,12.0,15.0,15.0,12.0,0.0,0.0,0.0,4.0,16.0,6.0,4.0,16.0,6.0,0.0,0.0,8.0,16.0,10.0,8.0,16.0,8.0,0.0,0.0,1.0,8.0,12.0,14.0,12.0,1.0,0.0,8
161,0.0,0.0,0.0,0.0,5.0,11.0,14.0,1.0,0.0,0.0,0.0,10.0,13.0,8.0,15.0,2.0,0.0,0.0,11.0,9.0,4.0,9.0,12.0,0.0,0.0,5.0,16.0,16.0,16.0,16.0,6.0,0.0,0.0,0.0,15.0,16.0,13.0,16.0,3.0,0.0,0.0,0.0,2.0,3.0,1.0,15.0,0.0,0.0,0.0,0.0,0.0,0.0,5.0,5.0,0.0,0.0,0.0,0.0,0.0,0.0,6.0,0.0,0.0,0.0,9
162,0.0,0.0,0.0,0.0,14.0,7.0,0.0,0.0,0.0,0.0,0.0,13.0,16.0,9.0,0.0,0.0,0.0,0.0,10.0,16.0,16.0,7.0,0.0,0.0,0.0,7.0,16.0,8.0,16.0,2.0,0.0,0.0,0.0,1.0,5.0,6.0,16.0,6.0,0.0,0.0,0.0,0.0,0.0,4.0,16.0,6.0,0.0,0.0,0.0,0.0,0.0,2.0,16.0,6.0,0.0,0.0,0.0,0.0,0.0,0.0,12.0,11.0,0.0,0.0,1
163,0.0,2.0,15.0,15.0,5.0,0.0,0.0,0.0,0.0,5.0,16.0,16.0,11.0,0.0,0.0,0.0,0.0,9.0,15.0,16.0,12.0,0.0,0.0,0.0,0.0,0.0,4.0,16.0,6.0,0.0,0.0,0.0,0.0,0.0,8.0,16.0,2.0,0.0,0.0,0.0,0.0,1.0,14.0,13.0,0.0,0.0,0.0,0.0,0.0,4.0,16.0,14.0,14.0,16.0,5.0,0.0,0.0,2.0,14.0,16.0,13.0,9.0,1.0,0.0,2
164,0.0,1.0,7.0,13.0,16.0,11.0,0.0,0.0,0.0,11.0,16.0,13.0,15.0,16.0,0.0,0.0,0.0,3.0,8.0,2.0,16.0,9.0,0.0,0.0,0.0,0.0,0.0,8.0,16.0,4.0,0.0,0.0,0.0,0.0,0.0,5.0,16.0,16.0,5.0,0.0,0.0,0.0,0.0,0.0,3.0,14.0,11.0,0.0,0.0,0.0,3.0,8.0,14.0,16.0,8.0,0.0,0.0,0.0,7.0,16.0,12.0,7.0,0.0,0.0,3
166,0.0,0.0,5.0,15.0,14.0,3.0,0.0,0.0,0.0,0.0,12.0,7.0,2.0,12.0,0.0,0.0,0.0,0.0,16.0,3.0,0.0,12.0,1.0,0.0,0.0,0.0,12.0,11.0,10.0,15.0,0.0,0.0,0.0,0.0,2.0,10.0,15.0,13.0,1.0,0.0,0.0,0.0,0.0,0.0,0.0,14.0,4.0,0.0,0.0,0.0,0.0,6.0,12.0,15.0,2.0,0.0,0.0,0.0,7.0,13.0,4.0,0.0,0.0,0.0,9
167,0.0,0.0,2.0,15.0,13.0,3.0,0.0,0.0,0.0,0.0,10.0,15.0,11.0,15.0,0.0,0.0,0.0,3.0,16.0,6.0,0.0,10.0,0.0,0.0,0.0,4.0,16.0,8.0,0.0,3.0,8.0,0.0,0.0,8.0,14.0,3.0,0.0,4.0,8.0,0.0,0.0,3.0,15.0,1.0,0.0,3.0,7.0,0.0,0.0,0.0,14.0,11.0,6.0,14.0,5.0,0.0,0.0,0.0,4.0,12.0,15.0,6.0,0.0,0.0,0
168,0.0,0.0,2.0,14.0,13.0,0.0,0.0,0.0,0.0,0.0,14.0,15.0,3.0,0.0,0.0,0.0,0.0,6.0,16.0,2.0,1.0,5.0,0.0,0.0,0.0,10.0,13.0,0.0,5.0,16.0,2.0,0.0,0.0,7.0,16.0,9.0,12.0,16.0,11.0,0.0,0.0,0.0,5.0,12.0,16.0,10.0,2.0,0.0,0.0,0.0,0.0,12.0,12.0,1.0,0.0,0.0,0.0,0.0,0.0,16.0,5.0,0.0,0.0,0.0,4
169,0.0,0.0,5.0,16.0,5.0,0.0,0.0,0.0,0.0,0.0,12.0,14.0,1.0,0.0,0.0,0.0,0.0,0.0,15.0,10.0,0.0,0.0,0.0,0.0,0.0,3.0,16.0,9.0,1.0,0.0,0.0,0.0,0.0,7.0,16.0,16.0,16.0,9.0,0.0,0.0,0.0,1.0,16.0,10.0,8.0,16.0,6.0,0.0,0.0,0.0,12.0,14.0,5.0,9.0,13.0,0.0,0.0,0.0,4.0,15.0,15.0,12.0,3.0,0.0,6
170,0.0,0.0,1.0,13.0,2.0,0.0,0.0,0.0,0.0,0.0,8.0,15.0,1.0,0.0,0.0,0.0,0.0,0.0,14.0,7.0,0.0,0.0,0.0,0.0,0.0,0.0,14.0,6.0,0.0,0.0,0.0,0.0,0.0,0.0,16.0,5.0,9.0,9.0,3.0,0.0,0.0,0.0,12.0,16.0,13.0,9.0,14.0,1.0,0.0,0.0,8.0,15.0,0.0,1.0,14.0,5.0,0.0,0.0,1.0,11.0,16.0,16.0,13.0,1.0,6
171,0.0,0.0,5.0,11.0,13.0,6.0,0.0,0.0,0.0,4.0,15.0,8.0,7.0,16.0,3.0,0.0,0.0,8.0,7.0,0.0,4.0,16.0,1.0,0.0,0.0,4.0,11.0,1.0,10.0,16.0,4.0,0.0,0.0,2.0,15.0,15.0,8.0,16.0,4.0,0.0,0.0,0.0,0.0,0.0,0.0,13.0,6.0,0.0,0.0,1.0,16.0,9.0,0.0,12.0,5.0,0.0,0.0,0.0,4.0,11.0,16.0,16.0,2.0,0.0,9
172,0.0,0.0,2.0,10.0,10.0,12.0,15.0,10.0,0.0,0.0,9.0,16.0,12.0,8.0,15.0,6.0,0.0,0.0,13.0,9.0,0.0,4.0,12.0,1.0,0.0,1.0,16.0,3.0,1.0,13.0,2.0,0.0,0.0,0.0,5.0,0.0,9.0,7.0,0.0,0.0,0.0,0.0,0.0,3.0,13.0,1.0,0.0,0.0,0.0,0.0,0.0,12.0,7.0,0.0,0.0,0.0,0.0,0.0,0.0,14.0,2.0,0.0,0.0,0.0,7
173,0.0,2.0,15.0,15.0,6.0,0.0,0.0,0.0,0.0,0.0,10.0,13.0,16.0,5.0,0.0,0.0,0.0,0.0,0.0,2.0,16.0,9.0,0.0,0.0,0.0,0.0,0.0,3.0,16.0,11.0,0.0,0.0,0.0,0.0,0.0,0.0,13.0,14.0,1.0,0.0,0.0,0.0,0.0,0.0,7.0,16.0,5.0,0.0,0.0,1.0,4.0,6.0,13.0,15.0,1.0,0.0,0.0,3.0,15.0,14.0,11.0,2.0,0.0,0.0,3
174,0.0,0.0,11.0,8.0,4.0,13.0,16.0,3.0,0.0,2.0,16.0,16.0,16.0,14.0,9.0,1.0,0.0,4.0,13.0,6.0,16.0,4.0,0.0,0.0,0.0,0.0,2.0,15.0,10.0,0.0,0.0,0.0,0.0,5.0,13.0,16.0,14.0,12.0,2.0,0.0,0.0,8.0,15.0,15.0,12.0,12.0,2.0,0.0,0.0,0.0,15.0,9.0,0.0,0.0,0.0,0.0,0.0,0.0,16.0,7.0,0.0,0.0,0.0,0.0,7
175,0.0,0.0,3.0,14.0,10.0,3.0,0.0,0.0,0.0,0.0,10.0,14.0,13.0,15.0,1.0,0.0,0.0,0.0,12.0,4.0,4.0,16.0,4.0,0.0,0.0,0.0,6.0,15.0,15.0,16.0,8.0,0.0,0.0,0.0,1.0,8.0,8.0,14.0,8.0,0.0,0.0,0.0,2.0,0.0,0.0,9.0,11.0,0.0,0.0,0.0,16.0,10.0,8.0,12.0,12.0,0.0,0.0,0.0,7.0,12.0,14.0,14.0,6.0,0.0,9
177,0.0,0.0,1.0,14.0,9.0,0.0,0.0,0.0,0.0,0.0,14.0,15.0,3.0,0.0,0.0,0.0,0.0,1.0,16.0,10.0,0.0,0.0,0.0,0.0,0.0,5.0,14.0,13.0,15.0,10.0,0.0,0.0,0.0,8.0,16.0,2.0,3.0,14.0,5.0,0.0,0.0,5.0,16.0,4.0,0.0,12.0,6.0,0.0,0.0,0.0,10.0,13.0,2.0,14.0,6.0,0.0,0.0,0.0,2.0,12.0,16.0,11.0,1.0,0.0,6
178,0.0,0.0,8.0,7.0,0.0,0.0,0.0,0.0,0.0,0.0,11.0,12.0,0.0,0.0,0.0,0.0,0.0,0.0,15.0,9.0,0.0,0.0,0.0,0.0,0.0,7.0,16.0,16.0,9.0,4.0,0.0,0.0,0.0,5.0,16.0,14.0,11.0,16.0,5.0,0.0,0.0,2.0,16.0,16.0,0.0,12.0,8.0,0.0,0.0,0.0,15.0,15.0,1.0,15.0,6.0,0.0,0.0,0.0,7.0,14.0,16.0,13.0,1.0,0.0,6
179,0.0,0.0,7.0,16.0,14.0,3.0,0.0,0.0,0.0,0.0,9.0,14.0,11.0,15.0,0.0,0.0,0.0,0.0,1.0,5.0,0.0,15.0,5.0,0.0,0.0,0.0,0.0,0.0,0.0,16.0,5.0,0.0,0.0,0.0,0.0,0.0,3.0,16.0,4.0,0.0,0.0,0.0,0.0,1.0,12.0,14.0,1.0,0.0,0.0,0.0,5.0,12.0,16.0,16.0,14.0,1.0,0.0,0.0,8.0,16.0,14.0,10.0,13.0,3.0,2
181,0.0,0.0,2.0,15.0,8.0,0.0,0.0,0.0,0.0,0.0,7.0,14.0,15.0,8.0,0.0,0.0,0.0,7.0,15.0,3.0,3.0,15.0,0.0,0.0,0.0,6.0,16.0,1.0,0.0,9.0,8.0,0.0,0.0,4.0,12.0,0.0,0.0,8.0,8.0,0.0,0.0,0.0,12.0,3.0,0.0,12.0,7.0,0.0,0.0,0.0,9.0,13.0,13.0,15.0,1.0,0.0,0.0,0.0,1.0,9.0,12.0,5.0,0.0,0.0,0
183,0.0,0.0,2.0,13.0,13.0,0.0,0.0,0.0,0.0,0.0,9.0,16.0,6.0,0.0,0.0,0.0,0.0,0.0,14.0,16.0,2.0,0.0,4.0,0.0,0.0,5.0,16.0,10.0,1.0,13.0,15.0,0.0,0.0,7.0,16.0,16.0,16.0,16.0,4.0,0.0,0.0,0.0,8.0,15.0,16.0,8.0,0.0,0.0,0.0,0.0,0.0,14.0,10.0,0.0,0.0,0.0,0.0,0.0,1.0,16.0,11.0,0.0,0.0,0.0,4
184,0.0,0.0,13.0,13.0,1.0,0.0,0.0,0.0,0.0,7.0,16.0,13.0,12.0,13.0,0.0,0.0,0.0,8.0,13.0,1.0,15.0,16.0,4.0,0.0,0.0,4.0,15.0,13.0,15.0,15.0,10.0,0.0,0.0,0.0,6.0,11.0,3.0,9.0,13.0,0.0,0.0,0.0,0.0,0.0,0.0,5.0,16.0,0.0,0.0,1.0,7.0,0.0,1.0,9.0,15.0,1.0,0.0,1.0,13.0,16.0,16.0,16.0,6.0,0.0,9
186,0.0,0.0,0.0,9.0,14.0,4.0,0.0,0.0,0.0,0.0,6.0,16.0,12.0,4.0,0.0,0.0,0.0,1.0,16.0,11.0,0.0,0.0,0.0,0.0,0.0,2.0,16.0,7.0,3.0,0.0,0.0,0.0,0.0,4.0,16.0,14.0,16.0,10.0,0.0,0.0,0.0,3.0,16.0,15.0,10.0,16.0,6.0,0.0,0.0,0.0,12.0,16.0,7.0,13.0,9.0,0.0,0.0,0.0,1.0,11.0,16.0,16.0,9.0,0.0,6
188,0.0,0.0,1.0,8.0,11.0,13.0,15.0,3.0,0.0,0.0,7.0,16.0,10.0,10.0,16.0,5.0,0.0,1.0,13.0,3.0,0.0,9.0,14.0,0.0,0.0,3.0,15.0,0.0,2.0,15.0,4.0,0.0,0.0,5.0,8.0,0.0,10.0,11.0,0.0,0.0,0.0,0.0,0.0,2.0,15.0,4.0,0.0,0.0,0.0,0.0,0.0,8.0,14.0,0.0,0.0,0.0,0.0,0.0,0.0,13.0,7.0,0.0,0.0,0.0,7
189,0.0,0.0,0.0,9.0,8.0,1.0,0.0,0.0,0.0,0.0,5.0,16.0,16.0,8.0,0.0,0.0,0.0,4.0,16.0,15.0,1.0,15.0,0.0,0.0,0.0,6.0,16.0,12.0,0.0,12.0,1.0,0.0,0.0,5.0,16.0,11.0,0.0,11.0,6.0,0.0,0.0,1.0,15.0,8.0,4.0,15.0,6.0,0.0,0.0,0.0,5.0,16.0,16.0,15.0,0.0,0.0,0.0,0.0,0.0,7.0,14.0,9.0,0.0,0.0,0
191,0.0,0.0,9.0,14.0,16.0,10.0,0.0,0.0,0.0,0.0,10.0,6.0,12.0,13.0,0.0,0.0,0.0,0.0,0.0,0.0,13.0,13.0,5.0,0.0,0.0,2.0,12.0,15.0,16.0,15.0,14.0,0.0,0.0,2.0,12.0,16.0,7.0,0.0,1.0,0.0,0.0,0.0,3.0,15.0,0.0,0.0,0.0,0.0,0.0,0.0,8.0,14.0,0.0,0.0,0.0,0.0,0.0,0.0,9.0,11.0,0.0,0.0,0.0,0.0,7
194,0.0,0.0,8.0,11.0,0.0,0.0,0.0,0.0,0.0,0.0,7.0,16.0,3.0,0.0,0.0,0.0,0.0,0.0,6.0,16.0,10.0,0.0,0.0,0.0,0.0,0.0,10.0,16.0,15.0,1.0,0.0,0.0,0.0,0.0,0.0,2.0,16.0,2.0,0.0,0.0,0.0,0.0,0.0,0.0,15.0,9.0,0.0,0.0,0.0,0.0,6.0,12.0,16.0,15.0,8.0,5.0,0.0,0.0,4.0,15.0,16.0,16.0,16.0,16.0,1
196,0.0,0.0,3.0,11.0,13.0,15.0,3.0,0.0,0.0,4.0,16.0,14.0,11.0,16.0,8.0,0.0,0.0,2.0,5.0,0.0,14.0,15.0,1.0,0.0,0.0,0.0,0.0,0.0,16.0,11.0,0.0,0.0,0.0,0.0,0.0,0.0,11.0,10.0,0.0,0.0,0.0,0.0,0.0,0.0,8.0,12.0,0.0,0.0,0.0,0.0,8.0,11.0,15.0,8.0,0.0,0.0,0.0,0.0,2.0,12.0,14.0,3.0,0.0,0.0,3
197,0.0,0.0,1.0,9.0,13.0,1.0,0.0,0.0,0.0,1.0,12.0,14.0,5.0,0.0,0.0,0.0,0.0,2.0,16.0,5.0,0.0,0.0,0.0,0.0,0.0,5.0,15.0,0.0,3.0,0.0,0.0,0.0,0.0,3.0,16.0,16.0,16.0,15.0,3.0,0.0,0.0,2.0,16.0,11.0,1.0,9.0,11.0,0.0,0.0,0.0,11.0,13.0,6.0,12.0,11.0,0.0,0.0,0.0,0.0,6.0,16.0,15.0,2.0,0.0,6
198,0.0,0.0,0.0,5.0,8.0,0.0,0.0,0.0,0.0,0.0,1.0,15.0,10.0,5.0,0.0,0.0,0.0,0.0,9.0,11.0,10.0,10.0,0.0,0.0,0.0,2.0,15.0,2.0,14.0,6.0,0.0,0.0,0.0,8.0,13.0,5.0,14.0,13.0,4.0,0.0,0.0,11.0,16.0,16.0,16.0,14.0,3.0,0.0,0.0,0.0,0.0,3.0,16.0,0.0,0.0,0.0,0.0,0.0,0.0,7.0,10.0,0.0,0.0,0.0,4
202,0.0,0.0,2.0,12.0,9.0,0.0,0.0,0.0,0.0,0.0,11.0,15.0,12.0,5.0,0.0,0.0,0.0,0.0,15.0,5.0,0.0,14.0,0.0,0.0,0.0,2.0,15.0,1.0,0.0,9.0,7.0,0.0,0.0,4.0,10.0,0.0,0.0,7.0,8.0,0.0,0.0,0.0,12.0,0.0,0.0,8.0,10.0,0.0,0.0,2.0,15.0,5.0,10.0,16.0,1.0,0.0,0.0,0.0,5.0,14.0,12.0,4.0,0.0,0.0,0
203,0.0,0.0,0.0,16.0,13.0,0.0,0.0,0.0,0.0,0.0,0.0,15.0,15.0,0.0,0.0,0.0,0.0,0.0,0.0,16.0,13.0,0.0,0.0,0.0,0.0,0.0,3.0,16.0,11.0,0.0,0.0,0.0,0.0,0.0,2.0,16.0,12.0,0.0,0.0,0.0,0.0,0.0,3.0,16.0,12.0,0.0,0.0,0.0,0.0,0.0,1.0,16.0,12.0,0.0,0.0,0.0,0.0,0.0,0.0,12.0,15.0,1.0,0.0,0.0,1
204,0.0,0.0,4.0,15.0,14.0,12.0,11.0,0.0,0.0,0.0,7.0,15.0,13.0,16.0,10.0,0.0,0.0,0.0,10.0,7.0,6.0,16.0,2.0,0.0,0.0,0.0,7.0,1.0,12.0,12.0,0.0,0.0,0.0,0.0,5.0,8.0,16.0,12.0,1.0,0.0,0.0,4.0,16.0,16.0,16.0,14.0,2.0,0.0,0.0,0.0,0.0,15.0,9.0,1.0,0.0,0.0,0.0,0.0,5.0,15.0,2.0,0.0,0.0,0.0,7
205,0.0,0.0,4.0,14.0,5.0,0.0,0.0,0.0,0.0,0.0,13.0,14.0,0.0,0.0,0.0,0.0,0.0,2.0,16.0,10.0,0.0,0.0,0.0,0.0,0.0,4.0,16.0,7.0,0.0,0.0,0.0,0.0,0.0,6.0,16.0,16.0,15.0,4.0,0.0,0.0,0.0,4.0,16.0,9.0,4.0,16.0,2.0,0.0,0.0,1.0,15.0,13.0,6.0,16.0,11.0,0.0,0.0,0.0,4.0,13.0,16.0,15.0,5.0,0.0,6
207,0.0,0.0,15.0,12.0,3.0,0.0,0.0,0.0,0.0,0.0,15.0,9.0,14.0,1.0,0.0,0.0,0.0,0.0,12.0,10.0,15.0,1.0,0.0,0.0,0.0,0.0,5.0,16.0,4.0,10.0,7.0,0.0,0.0,0.0,0.0,11.0,14.0,11.0,0.0,0.0,0.0,0.0,1.0,12.0,13.0,11.0,0.0,0.0,0.0,0.0,12.0,6.0,0.0,9.0,4.0,0.0,0.0,0.0,15.0,4.0,5.0,13.0,6.0,0.0,8
209,0.0,0.0,4.0,10.0,12.0,7.0,0.0,0.0,0.0,0.0,8.0,16.0,16.0,15.0,0.0,0.0,0.0,0.0,9.0,16.0,16.0,12.0,0.0,0.0,0.0,0.0,7.0,16.0,16.0,9.0,0.0,0.0,0.0,0.0,2.0,14.0,16.0,11.0,1.0,0.0,0.0,0.0,0.0,16.0,16.0,16.0,0.0,0.0,0.0,0.0,2.0,16.0,16.0,12.0,0.0,0.0,0.0,0.0,1.0,9.0,10.0,0.0,0.0,0.0,1
210,0.0,0.0,0.0,1.0,14.0,5.0,0.0,0.0,0.0,0.0,0.0,11.0,11.0,0.0,0.0,0.0,0.0,0.0,9.0,12.0,1.0,0.0,0.0,0.0,0.0,5.0,15.0,1.0,0.0,2.0,4.0,0.0,0.0,14.0,7.0,0.0,0.0,13.0,10.0,0.0,0.0,15.0,16.0,16.0,16.0,16.0,5.0,0.0,0.0,3.0,8.0,8.0,15.0,10.0,0.0,0.0,0.0,0.0,0.0,3.0,15.0,2.0,0.0,0.0,4
212,0.0,0.0,10.0,7.0,13.0,9.0,0.0,0.0,0.0,0.0,9.0,10.0,12.0,15.0,2.0,0.0,0.0,0.0,4.0,11.0,10.0,11.0,0.0,0.0,0.0,0.0,1.0,16.0,10.0,1.0,0.0,0.0,0.0,0.0,12.0,13.0,4.0,0.0,0.0,0.0,0.0,0.0,12.0,1.0,12.0,0.0,0.0,0.0,0.0,1.0,10.0,2.0,14.0,0.0,0.0,0.0,0.0,0.0,11.0,14.0,5.0,0.0,0.0,0.0,8
217,0.0,0.0,6.0,8.0,15.0,13.0,1.0,0.0,0.0,1.0,16.0,16.0,11.0,15.0,4.0,0.0,0.0,0.0,15.0,9.0,8.0,15.0,2.0,0.0,0.0,0.0,10.0,16.0,16.0,10.0,0.0,0.0,0.0,0.0,13.0,16.0,10.0,0.0,0.0,0.0,0.0,4.0,15.0,10.0,12.0,0.0,0.0,0.0,0.0,2.0,15.0,5.0,15.0,0.0,0.0,0.0,0.0,0.0,8.0,16.0,10.0,0.0,0.0,0.0,8
219,0.0,0.0,0.0,11.0,16.0,5.0,0.0,0.0,0.0,0.0,0.0,10.0,16.0,5.0,0.0,0.0,0.0,0.0,4.0,16.0,16.0,5.0,0.0,0.0,0.0,11.0,16.0,16.0,16.0,3.0,0.0,0.0,0.0,5.0,8.0,14.0,16.0,2.0,0.0,0.0,0.0,0.0,0.0,14.0,16.0,2.0,0.0,0.0,0.0,0.0,0.0,11.0,16.0,2.0,0.0,0.0,0.0,0.0,0.0,8.0,16.0,8.0,0.0,0.0,1
220,0.0,0.0,1.0,11.0,16.0,16.0,7.0,0.0,0.0,0.0,7.0,13.0,8.0,16.0,5.0,0.0,0.0,0.0,0.0,1.0,1.0,16.0,4.0,0.0,0.0,0.0,2.0,7.0,13.0,16.0,15.0,0.0,0.0,1.0,15.0,16.0,16.0,12.0,3.0,0.0,0.0,1.0,8.0,4.0,16.0,2.0,0.0,0.0,0.0,0.0,0.0,9.0,11.0,0.0,0.0,0.0,0.0,0.0,1.0,14.0,4.0,0.0,0.0,0.0,7
222,0.0,0.0,4.0,15.0,15.0,4.0,0.0,0.0,0.0,6.0,16.0,16.0,12.0,14.0,0.0,0.0,0.0,11.0,11.0,6.0,14.0,12.0,0.0,0.0,0.0,3.0,14.0,13.0,14.0,1.0,0.0,0.0,0.0,0.0,12.0,16.0,5.0,0.0,0.0,0.0,0.0,1.0,16.0,13.0,9.0,0.0,0.0,0.0,0.0,0.0,13.0,10.0,15.0,0.0,0.0,0.0,0.0,0.0,3.0,15.0,15.0,0.0,0.0,0.0,8
223,0.0,0.0,9.0,16.0,13.0,1.0,0.0,0.0,0.0,8.0,16.0,8.0,11.0,8.0,0.0,0.0,0.0,11.0,10.0,0.0,8.0,10.0,0.0,0.0,0.0,1.0,5.0,0.0,11.0,11.0,0.0,0.0,0.0,0.0,0.0,0.0,13.0,9.0,0.0,0.0,0.0,0.0,0.0,4.0,16.0,2.0,0.0,0.0,0.0,0.0,4.0,14.0,15.0,7.0,4.0,1.0,0.0,0.0,8.0,16.0,16.0,16.0,16.0,12.0,2
225,0.0,1.0,9.0,12.0,13.0,11.0,0.0,0.0,0.0,3.0,15.0,4.0,3.0,3.0,0.0,0.0,0.0,5.0,12.0,7.0,6.0,0.0,0.0,0.0,0.0,5.0,16.0,14.0,13.0,7.0,0.0,0.0,0.0,1.0,8.0,0.0,2.0,12.0,0.0,0.0,0.0,0.0,0.0,0.0,2.0,14.0,0.0,0.0,0.0,0.0,6.0,2.0,10.0,6.0,0.0,0.0,0.0,0.0,11.0,16.0,13.0,1.0,0.0,0.0,5
227,0.0,1.0,9.0,16.0,16.0,15.0,3.0,0.0,0.0,8.0,16.0,12.0,8.0,8.0,3.0,0.0,0.0,6.0,16.0,9.0,3.0,0.0,0.0,0.0,0.0,8.0,16.0,16.0,16.0,4.0,0.0,0.0,0.0,3.0,6.0,4.0,13.0,11.0,0.0,0.0,0.0,0.0,0.0,0.0,8.0,13.0,0.0,0.0,0.0,0.0,5.0,8.0,15.0,10.0,0.0,0.0,0.0,0.0,11.0,16.0,11.0,1.0,0.0,0.0,5
229,0.0,1.0,11.0,10.0,8.0,1.0,1.0,0.0,0.0,3.0,15.0,11.0,3.0,12.0,6.0,0.0,0.0,0.0,4.0,16.0,16.0,12.0,0.0,0.0,0.0,0.0,0.0,11.0,16.0,5.0,0.0,0.0,0.0,0.0,5.0,13.0,12.0,12.0,0.0,0.0,0.0,0.0,13.0,7.0,1.0,16.0,4.0,0.0,0.0,1.0,15.0,4.0,7.0,14.0,0.0,0.0,0.0,1.0,14.0,14.0,8.0,1.0,0.0,0.0,8
231,0.0,0.0,0.0,6.0,15.0,1.0,0.0,0.0,0.0,0.0,5.0,16.0,10.0,0.0,8.0,6.0,0.0,2.0,16.0,11.0,0.0,9.0,16.0,6.0,0.0,8.0,16.0,14.0,14.0,16.0,13.0,1.0,0.0,6.0,12.0,12.0,12.0,16.0,3.0,0.0,0.0,0.0,0.0,0.0,13.0,11.0,0.0,0.0,0.0,0.0,0.0,6.0,16.0,5.0,0.0,0.0,0.0,0.0,0.0,10.0,14.0,0.0,0.0,0.0,4
232,0.0,0.0,6.0,14.0,16.0,11.0,0.0,0.0,0.0,6.0,14.0,7.0,4.0,16.0,4.0,0.0,0.0,7.0,7.0,0.0,5.0,16.0,2.0,0.0,0.0,0.0,0.0,14.0,16.0,5.0,0.0,0.0,0.0,0.0,0.0,4.0,13.0,11.0,0.0,0.0,0.0,0.0,0.0,0.0,0.0,11.0,8.0,0.0,0.0,0.0,0.0,2.0,4.0,10.0,12.0,0.0,0.0,0.0,9.0,16.0,16.0,11.0,3.0,0.0,3
236,0.0,0.0,0.0,12.0,16.0,9.0,0.0,0.0,0.0,0.0,2.0,16.0,16.0,6.0,0.0,0.0,0.0,0.0,3.0,16.0,16.0,2.0,0.0,0.0,0.0,0.0,8.0,16.0,12.0,0.0,0.0,0.0,0.0,0.0,6.0,16.0,16.0,0.0,0.0,0.0,0.0,0.0,10.0,16.0,15.0,1.0,0.0,0.0,0.0,0.0,9.0,16.0,11.0,0.0,0.0,0.0,0.0,0.0,8.0,16.0,10.0,0.0,0.0,0.0,1
237,0.0,0.0,0.0,10.0,16.0,11.0,1.0,0.0,0.0,0.0,0.0,15.0,16.0,15.0,2.0,0.0,0.0,0.0,1.0,13.0,16.0,14.0,0.0,0.0,0.0,0.0,1.0,15.0,16.0,12.0,0.0,0.0,0.0,0.0,0.0,14.0,16.0,8.0,0.0,0.0,0.0,0.0,0.0,13.0,16.0,5.0,0.0,0.0,0.0,0.0,1.0,14.0,16.0,1.0,0.0,0.0,0.0,0.0,0.0,8.0,15.0,1.0,0.0,0.0,1
238,0.0,0.0,2.0,12.0,7.0,0.0,0.0,0.0,0.0,0.0,15.0,14.0,15.0,6.0,0.0,0.0,0.0,6.0,10.0,4.0,2.0,14.0,1.0,0.0,0.0,8.0,8.0,0.0,0.0,8.0,5.0,0.0,0.0,7.0,8.0,0.0,0.0,4.0,8.0,0.0,0.0,2.0,14.0,0.0,0.0,5.0,6.0,0.0,0.0,0.0,9.0,12.0,4.0,14.0,3.0,0.0,0.0,0.0,1.0,13.0,15.0,9.0,0.0,0.0,0
239,0.0,2.0,16.0,16.0,16.0,16.0,3.0,0.0,0.0,1.0,16.0,13.0,6.0,4.0,0.0,0.0,0.0,9.0,16.0,3.0,0.0,0.0,0.0,0.0,0.0,9.0,16.0,13.0,7.0,0.0,0.0,0.0,0.0,3.0,11.0,13.0,16.0,9.0,0.0,0.0,0.0,0.0,0.0,0.0,7.0,16.0,1.0,0.0,0.0,2.0,11.0,5.0,12.0,14.0,0.0,0.0,0.0,3.0,16.0,16.0,16.0,5.0,0.0,0.0,5
240,0.0,3.0,16.0,15.0,6.0,0.0,0.0,0.0,0.0,5.0,14.0,14.0,16.0,0.0,0.0,0.0,0.0,0.0,0.0,6.0,14.0,0.0,0.0,0.0,0.0,0.0,0.0,13.0,11.0,0.0,0.0,0.0,0.0,0.0,5.0,16.0,3.0,0.0,0.0,0.0,0.0,1.0,14.0,10.0,0.0,0.0,0.0,0.0,0.0,9.0,16.0,8.0,8.0,10.0,5.0,0.0,0.0,4.0,16.0,16.0,16.0,14.0,3.0,0.0,2
241,0.0,0.0,1.0,12.0,9.0,0.0,0.0,0.0,0.0,0.0,11.0,10.0,2.0,0.0,0.0,0.0,0.0,4.0,14.0,0.0,0.0,0.0,0.0,0.0,0.0,5.0,9.0,0.0,0.0,0.0,0.0,0.0,0.0,8.0,10.0,11.0,16.0,14.0,1.0,0.0,0.0,2.0,16.0,10.0,3.0,7.0,11.0,0.0,0.0,0.0,13.0,8.0,1.0,8.0,12.0,0.0,0.0,0.0,2.0,12.0,16.0,15.0,5.0,0.0,6
242,0.0,0.0,0.0,14.0,7.0,0.0,0.0,0.0,0.0,0.0,0.0,15.0,15.0,1.0,0.0,0.0,0.0,0.0,2.0,16.0,15.0,1.0,0.0,0.0,0.0,0.0,6.0,16.0,15.0,0.0,0.0,0.0,0.0,0.0,9.0,16.0,13.0,0.0,0.0,0.0,0.0,0.0,8.0,16.0,15.0,1.0,0.0,0.0,0.0,0.0,4.0,16.0,16.0,6.0,0.0,0.0,0.0,0.0,0.0,13.0,12.0,0.0,0.0,0.0,1
243,0.0,1.0,11.0,16.0,13.0,4.0,0.0,0.0,0.0,1.0,15.0,7.0,14.0,14.0,1.0,0.0,0.0,0.0,0.0,0.0,6.0,15.0,1.0,0.0,0.0,0.0,1.0,10.0,15.0,6.0,0.0,0.0,0.0,0.0,5.0,15.0,14.0,7.0,0.0,0.0,0.0,0.0,1.0,0.0,5.0,16.0,3.0,0.0,0.0,5.0,11.0,1.0,1.0,16.0,4.0,0.0,0.0,0.0,10.0,15.0,16.0,10.0,1.0,0.0,3
244,0.0,0.0,0.0,8.0,7.0,0.0,0.0,0.0,0.0,0.0,2.0,16.0,6.0,0.0,0.0,0.0,0.0,0.0,5.0,16.0,2.0,0.0,0.0,0.0,0.0,0.0,11.0,15.0,12.0,9.0,0.0,0.0,0.0,0.0,11.0,16.0,13.0,9.0,8.0,0.0,0.0,0.0,11.0,16.0,2.0,8.0,9.0,0.0,0.0,0.0,3.0,16.0,5.0,12.0,10.0,0.0,0.0,0.0,0.0,6.0,16.0,14.0,2.0,0.0,6
245,0.0,0.0,1.0,15.0,13.0,2.0,0.0,0.0,0.0,0.0,0.0,8.0,14.0,10.0,0.0,0.0,0.0,0.0,0.0,0.0,5.0,15.0,1.0,0.0,0.0,0.0,0.0,0.0,2.0,16.0,5.0,0.0,0.0,0.0,0.0,0.0,8.0,15.0,1.0,0.0,0.0,0.0,3.0,10.0,13.0,13.0,0.0,0.0,0.0,0.0,8.0,16.0,16.0,12.0,4.0,0.0,0.0,0.0,1.0,13.0,15.0,14.0,16.0,7.0,2
246,0.0,0.0,5.0,12.0,1.0,0.0,0.0,0.0,0.0,0.0,15.0,14.0,7.0,0.0,0.0,0.0,0.0,0.0,13.0,1.0,12.0,0.0,0.0,0.0,0.0,2.0,10.0,0.0,14.0,0.0,0.0,0.0,0.0,0.0,2.0,0.0,16.0,1.0,0.0,0.0,0.0,0.0,0.0,6.0,15.0,0.0,0.0,0.0,0.0,0.0,9.0,16.0,15.0,9.0,8.0,2.0,0.0,0.0,3.0,11.0,8.0,13.0,12.0,4.0,2
248,0.0,0.0,2.0,14.0,1.0,0.0,0.0,0.0,0.0,0.0,11.0,12.0,1.0,0.0,0.0,0.0,0.0,1.0,15.0,4.0,0.0,0.0,0.0,0.0,0.0,5.0,13.0,0.0,0.0,0.0,0.0,0.0,0.0,7.0,12.0,12.0,16.0,13.0,2.0,0.0,0.0,4.0,16.0,12.0,6.0,6.0,11.0,0.0,0.0,0.0,14.0,9.0,0.0,5.0,13.0,0.0,0.0,0.0,3.0,11.0,15.0,14.0,1.0,0.0,6
249,0.0,0.0,6.0,16.0,13.0,12.0,14.0,1.0,0.0,0.0,14.0,4.0,4.0,15.0,4.0,0.0,0.0,1.0,7.0,0.0,10.0,7.0,0.0,0.0,0.0,0.0,0.0,2.0,13.0,1.0,0.0,0.0,0.0,2.0,9.0,14.0,16.0,12.0,0.0,0.0,0.0,4.0,6.0,15.0,2.0,4.0,1.0,0.0,0.0,0.0,6.0,7.0,0.0,0.0,0.0,0.0,0.0,0.0,10.0,4.0,0.0,0.0,0.0,0.0,7
250,0.0,2.0,10.0,16.0,16.0,2.0,0.0,0.0,0.0,10.0,15.0,9.0,16.0,4.0,0.0,0.0,0.0,5.0,3.0,6.0,16.0,2.0,0.0,0.0,0.0,0.0,2.0,15.0,16.0,5.0,0.0,0.0,0.0,0.0,1.0,10.0,14.0,16.0,3.0,0.0,0.0,0.0,5.0,1.0,0.0,13.0,10.0,0.0,0.0,0.0,16.0,13.0,10.0,15.0,11.0,0.0,0.0,0.0,11.0,16.0,16.0,13.0,3.0,0.0,3
251,0.0,0.0,2.0,13.0,12.0,0.0,0.0,0.0,0.0,0.0,8.0,16.0,7.0,0.0,0.0,0.0,0.0,0.0,13.0,16.0,4.0,0.0,0.0,0.0,0.0,4.0,16.0,16.0,16.0,11.0,0.0,0.0,0.0,3.0,16.0,10.0,3.0,15.0,8.0,0.0,0.0,0.0,16.0,8.0,0.0,13.0,10.0,0.0,0.0,0.0,12.0,15.0,1.0,15.0,9.0,0.0,0.0,0.0,2.0,11.0,16.0,16.0,2.0,0.0,6
252,0.0,0.0,7.0,14.0,9.0,0.0,0.0,0.0,0.0,1.0,16.0,5.0,10.0,7.0,0.0,0.0,0.0,0.0,13.0,2.0,3.0,13.0,0.0,0.0,0.0,0.0,5.0,15.0,16.0,16.0,1.0,0.0,0.0,0.0,0.0,0.0,5.0,10.0,7.0,0.0,0.0,0.0,0.0,0.0,0.0,2.0,14.0,0.0,0.0,0.0,4.0,2.0,0.0,0.0,14.0,3.0,0.0,0.0,5.0,15.0,16.0,16.0,12.0,1.0,9
253,0.0,0.0,0.0,0.0,9.0,13.0,0.0,0.0,0.0,0.0,0.0,2.0,16.0,16.0,1.0,0.0,0.0,0.0,0.0,5.0,9.0,15.0,0.0,0.0,0.0,0.0,0.0,0.0,5.0,14.0,0.0,0.0,0.0,0.0,0.0,3.0,15.0,7.0,0.0,0.0,0.0,7.0,16.0,16.0,11.0,0.0,0.0,0.0,0.0,0.0,11.0,14.0,16.0,7.0,3.0,0.0,0.0,0.0,0.0,0.0,9.0,15.0,9.0,0.0,2
258,0.0,0.0,2.0,16.0,12.0,0.0,0.0,0.0,0.0,0.0,5.0,16.0,16.0,1.0,0.0,0.0,0.0,0.0,2.0,16.0,15.0,0.0,0.0,0.0,0.0,0.0,6.0,16.0,14.0,0.0,0.0,0.0,0.0,0.0,8.0,16.0,9.0,0.0,0.0,0.0,0.0,0.0,7.0,16.0,14.0,0.0,0.0,0.0,0.0,0.0,8.0,16.0,11.0,0.0,0.0,0.0,0.0,0.0,2.0,15.0,13.0,0.0,0.0,0.0,1
259,0.0,0.0,7.0,15.0,6.0,0.0,0.0,0.0,0.0,0.0,2.0,14.0,15.0,2.0,0.0,0.0,0.0,0.0,0.0,5.0,16.0,6.0,0.0,0.0,0.0,0.0,0.0,5.0,16.0,9.0,2.0,0.0,0.0,5.0,14.0,16.0,15.0,11.0,4.0,0.0,0.0,5.0,7.0,12.0,11.0,0.0,0.0,0.0,0.0,0.0,4.0,15.0,1.0,0.0,0.0,0.0,0.0,0.0,10.0,11.0,0.0,0.0,0.0,0.0,7
262,0.0,1.0,13.0,16.0,15.0,6.0,0.0,0.0,0.0,10.0,15.0,9.0,11.0,15.0,0.0,0.0,0.0,7.0,9.0,0.0,12.0,12.0,0.0,0.0,0.0,0.0,0.0,0.0,15.0,6.0,0.0,0.0,0.0,0.0,0.0,8.0,15.0,1.0,0.0,0.0,0.0,0.0,2.0,15.0,10.0,0.0,0.0,0.0,0.0,0.0,10.0,16.0,10.0,9.0,16.0,2.0,0.0,0.0,13.0,16.0,15.0,11.0,4.0,0.0,2
264,0.0,0.0,5.0,16.0,15.0,1.0,0.0,0.0,0.0,1.0,15.0,9.0,10.0,12.0,0.0,0.0,0.0,3.0,16.0,1.0,0.0,16.0,4.0,0.0,0.0,6.0,16.0,0.0,0.0,11.0,6.0,0.0,0.0,3.0,16.0,1.0,0.0,11.0,8.0,0.0,0.0,4.0,16.0,4.0,3.0,15.0,4.0,0.0,0.0,1.0,13.0,13.0,13.0,14.0,1.0,0.0,0.0,0.0,4.0,13.0,14.0,1.0,0.0,0.0,0
265,0.0,0.0,2.0,16.0,15.0,15.0,8.0,0.0,0.0,0.0,7.0,16.0,15.0,12.0,7.0,0.0,0.0,3.0,15.0,8.0,1.0,0.0,0.0,0.0,0.0,9.0,15.0,4.0,4.0,2.0,0.0,0.0,0.0,5.0,16.0,16.0,16.0,15.0,2.0,0.0,0.0,0.0,5.0,6.0,8.0,16.0,3.0,0.0,0.0,0.0,0.0,1.0,14.0,10.0,0.0,0.0,0.0,0.0,2.0,16.0,13.0,1.0,0.0,0.0,5
266,0.0,0.0,0.0,1.0,15.0,2.0,0.0,0.0,0.0,0.0,0.0,5.0,15.0,0.0,4.0,0.0,0.0,0.0,0.0,13.0,8.0,1.0,16.0,3.0,0.0,0.0,5.0,15.0,2.0,5.0,15.0,0.0,0.0,5.0,15.0,16.0,16.0,16.0,8.0,0.0,0.0,14.0,12.0,12.0,14.0,16.0,2.0,0.0,0.0,0.0,0.0,0.0,12.0,12.0,0.0,0.0,0.0,0.0,0.0,2.0,16.0,5.0,0.0,0.0,4
269,0.0,0.0,4.0,14.0,11.0,0.0,0.0,0.0,0.0,3.0,15.0,15.0,16.0,9.0,0.0,0.0,0.0,8.0,13.0,0.0,3.0,15.0,1.0,0.0,0.0,8.0,12.0,0.0,0.0,8.0,6.0,0.0,0.0,8.0,12.0,0.0,0.0,8.0,8.0,0.0,0.0,5.0,13.0,1.0,0.0,8.0,8.0,0.0,0.0,2.0,15.0,14.0,12.0,15.0,6.0,0.0,0.0,0.0,5.0,16.0,15.0,8.0,0.0,0.0,0
271,0.0,0.0,1.0,11.0,14.0,5.0,0.0,0.0,0.0,0.0,0.0,15.0,16.0,11.0,0.0,0.0,0.0,0.0,5.0,16.0,16.0,8.0,0.0,0.0,0.0,0.0,5.0,16.0,16.0,5.0,0.0,0.0,0.0,0.0,4.0,16.0,16.0,3.0,0.0,0.0,0.0,0.0,9.0,16.0,16.0,2.0,0.0,0.0,0.0,0.0,8.0,16.0,14.0,0.0,0.0,0.0,0.0,0.0,2.0,13.0,16.0,9.0,0.0,0.0,1
274,0.0,0.0,8.0,14.0,16.0,16.0,0.0,0.0,0.0,0.0,14.0,13.0,8.0,8.0,0.0,0.0,0.0,2.0,16.0,6.0,0.0,0.0,0.0,0.0,0.0,6.0,16.0,13.0,16.0,13.0,0.0,0.0,0.0,3.0,16.0,16.0,12.0,16.0,7.0,0.0,0.0,0.0,4.0,1.0,2.0,14.0,6.0,0.0,0.0,0.0,1.0,6.0,16.0,11.0,0.0,0.0,0.0,0.0,11.0,15.0,8.0,1.0,0.0,0.0,5
275,0.0,0.0,0.0,1.0,11.0,7.0,0.0,0.0,0.0,0.0,0.0,11.0,16.0,5.0,0.0,0.0,0.0,0.0,9.0,15.0,15.0,7.0,0.0,0.0,0.0,5.0,16.0,3.0,16.0,4.0,0.0,0.0,0.0,10.0,13.0,9.0,16.0,14.0,8.0,0.0,0.0,3.0,15.0,16.0,16.0,13.0,6.0,0.0,0.0,0.0,0.0,0.0,16.0,3.0,0.0,0.0,0.0,0.0,0.0,0.0,14.0,2.0,0.0,0.0,4
276,0.0,0.0,7.0,16.0,15.0,4.0,0.0,0.0,0.0,0.0,11.0,16.0,15.0,12.0,0.0,0.0,0.0,0.0,5.0,16.0,16.0,14.0,0.0,0.0,0.0,0.0,0.0,3.0,8.0,15.0,5.0,0.0,0.0,0.0,0.0,0.0,0.0,10.0,10.0,0.0,0.0,0.0,0.0,0.0,0.0,11.0,11.0,0.0,0.0,0.0,1.0,0.0,5.0,15.0,9.0,0.0,0.0,0.0,6.0,15.0,16.0,16.0,2.0,0.0,9
277,0.0,0.0,5.0,12.0,16.0,15.0,0.0,0.0,0.0,3.0,16.0,8.0,9.0,16.0,0.0,0.0,0.0,4.0,16.0,14.0,16.0,7.0,0.0,0.0,0.0,5.0,16.0,15.0,5.0,0.0,0.0,0.0,0.0,8.0,15.0,6.0,0.0,0.0,0.0,0.0,0.0,4.0,8.0,14.0,0.0,0.0,0.0,0.0,0.0,3.0,10.0,16.0,1.0,0.0,0.0,0.0,0.0,0.0,6.0,15.0,2.0,0.0,0.0,0.0,8
279,0.0,0.0,0.0,11.0,16.0,6.0,0.0,0.0,0.0,0.0,10.0,16.0,10.0,0.0,0.0,0.0,0.0,0.0,16.0,3.0,0.0,0.0,0.0,0.0,0.0,5.0,14.0,0.0,3.0,0.0,0.0,0.0,0.0,2.0,16.0,16.0,13.0,12.0,1.0,0.0,0.0,2.0,15.0,3.0,0.0,8.0,7.0,0.0,0.0,0.0,8.0,8.0,0.0,10.0,7.0,0.0,0.0,0.0,1.0,11.0,12.0,15.0,4.0,0.0,6
280,0.0,1.0,11.0,12.0,1.0,0.0,0.0,0.0,0.0,8.0,16.0,12.0,9.0,0.0,0.0,0.0,0.0,7.0,8.0,7.0,12.0,0.0,0.0,0.0,0.0,1.0,1.0,4.0,14.0,0.0,0.0,0.0,0.0,0.0,0.0,5.0,11.0,0.0,0.0,0.0,0.0,0.0,0.0,11.0,9.0,0.0,0.0,0.0,0.0,1.0,14.0,16.0,16.0,15.0,10.0,0.0,0.0,0.0,13.0,11.0,8.0,12.0,8.0,0.0,2
281,0.0,0.0,6.0,16.0,12.0,1.0,0.0,0.0,0.0,0.0,5.0,16.0,13.0,10.0,0.0,0.0,0.0,0.0,0.0,5.0,5.0,15.0,0.0,0.0,0.0,0.0,0.0,0.0,8.0,15.0,0.0,0.0,0.0,0.0,0.0,0.0,13.0,13.0,0.0,0.0,0.0,0.0,0.0,6.0,16.0,9.0,4.0,1.0,0.0,0.0,3.0,16.0,16.0,16.0,16.0,10.0,0.0,0.0,5.0,16.0,11.0,9.0,6.0,2.0,2
283,0.0,0.0,9.0,16.0,16.0,15.0,4.0,0.0,0.0,8.0,16.0,9.0,7.0,14.0,11.0,0.0,0.0,5.0,5.0,1.0,13.0,15.0,1.0,0.0,0.0,0.0,0.0,10.0,16.0,7.0,0.0,0.0,0.0,0.0,0.0,1.0,11.0,16.0,4.0,0.0,0.0,0.0,0.0,0.0,0.0,14.0,8.0,0.0,0.0,0.0,3.0,4.0,6.0,16.0,4.0,0.0,0.0,0.0,14.0,16.0,16.0,8.0,0.0,0.0,3
284,0.0,0.0,9.0,16.0,12.0,2.0,0.0,0.0,0.0,0.0,16.0,3.0,5.0,10.0,0.0,0.0,0.0,0.0,13.0,4.0,14.0,16.0,4.0,0.0,0.0,0.0,4.0,16.0,16.0,16.0,7.0,0.0,0.0,0.0,0.0,3.0,4.0,10.0,4.0,0.0,0.0,0.0,0.0,0.0,0.0,8.0,6.0,0.0,0.0,0.0,12.0,1.0,1.0,13.0,3.0,0.0,0.0,0.0,8.0,15.0,16.0,9.0,0.0,0.0,9
285,0.0,3.0,11.0,15.0,12.0,7.0,1.0,0.0,0.0,4.0,16.0,13.0,11.0,9.0,6.0,0.0,0.0,4.0,15.0,0.0,0.0,0.0,0.0,0.0,0.0,3.0,16.0,8.0,0.0,0.0,0.0,0.0,0.0,0.0,11.0,16.0,8.0,0.0,0.0,0.0,0.0,0.0,0.0,13.0,12.0,0.0,0.0,0.0,0.0,1.0,7.0,16.0,3.0,0.0,0.0,0.0,0.0,5.0,13.0,6.0,0.0,0.0,0.0,0.0,5
286,0.0,0.0,6.0,13.0,10.0,3.0,0.0,0.0,0.0,5.0,15.0,11.0,16.0,11.0,0.0,0.0,0.0,2.0,6.0,0.0,16.0,12.0,0.0,0.0,0.0,0.0,0.0,0.0,16.0,12.0,0.0,0.0,0.0,0.0,0.0,7.0,16.0,6.0,0.0,0.0,0.0,0.0,5.0,15.0,10.0,0.0,0.0,0.0,0.0,0.0,11.0,16.0,8.0,4.0,0.0,0.0,0.0,0.0,8.0,14.0,13.0,12.0,4.0,0.0,2
287,0.0,0.0,10.0,15.0,6.0,0.0,0.0,0.0,0.0,2.0,16.0,14.0,16.0,7.0,0.0,0.0,0.0,4.0,16.0,8.0,5.0,16.0,1.0,0.0,0.0,5.0,12.0,0.0,0.0,12.0,8.0,0.0,0.0,8.0,9.0,0.0,0.0,12.0,8.0,0.0,0.0,5.0,12.0,0.0,1.0,15.0,3.0,0.0,0.0,4.0,13.0,4.0,12.0,13.0,0.0,0.0,0.0,0.0,9.0,16.0,13.0,4.0,0.0,0.0,0
290,0.0,0.0,0.0,0.0,11.0,14.0,3.0,0.0,0.0,0.0,0.0,2.0,16.0,16.0,2.0,0.0,0.0,0.0,0.0,11.0,16.0,14.0,0.0,0.0,0.0,0.0,3.0,16.0,16.0,15.0,0.0,0.0,0.0,1.0,13.0,16.0,16.0,13.0,0.0,0.0,0.0,6.0,16.0,9.0,15.0,13.0,0.0,0.0,0.0,0.0,0.0,0.0,12.0,16.0,1.0,0.0,0.0,0.0,0.0,0.0,9.0,14.0,1.0,0.0,1
291,0.0,0.0,7.0,16.0,16.0,16.0,13.0,0.0,0.0,0.0,8.0,9.0,8.0,15.0,15.0,0.0,0.0,0.0,0.0,0.0,4.0,16.0,7.0,0.0,0.0,0.0,4.0,8.0,12.0,16.0,5.0,0.0,0.0,3.0,16.0,16.0,16.0,14.0,7.0,0.0,0.0,0.0,3.0,8.0,16.0,3.0,0.0,0.0,0.0,0.0,0.0,15.0,13.0,0.0,0.0,0.0,0.0,0.0,7.0,16.0,3.0,0.0,0.0,0.0,7
292,0.0,0.0,1.0,10.0,16.0,15.0,5.0,0.0,0.0,0.0,12.0,12.0,9.0,9.0,10.0,0.0,0.0,4.0,16.0,1.0,0.0,7.0,7.0,0.0,0.0,4.0,14.0,13.0,8.0,11.0,0.0,0.0,0.0,0.0,1.0,6.0,16.0,14.0,1.0,0.0,0.0,0.0,0.0,8.0,11.0,14.0,5.0,0.0,0.0,0.0,0.0,12.0,8.0,15.0,2.0,0.0,0.0,0.0,0.0,10.0,15.0,5.0,0.0,0.0,8
294,0.0,0.0,7.0,15.0,0.0,0.0,0.0,0.0,0.0,0.0,15.0,15.0,0.0,0.0,0.0,0.0,0.0,3.0,16.0,12.0,4.0,1.0,0.0,0.0,0.0,6.0,16.0,16.0,16.0,16.0,5.0,0.0,0.0,8.0,16.0,7.0,1.0,15.0,8.0,0.0,0.0,7.0,16.0,0.0,0.0,16.0,4.0,0.0,0.0,2.0,16.0,7.0,10.0,12.0,0.0,0.0,0.0,0.0,4.0,15.0,13.0,3.0,0.0,0.0,6
295,0.0,0.0,5.0,14.0,0.0,0.0,0.0,0.0,0.0,0.0,12.0,9.0,0.0,0.0,0.0,0.0,0.0,0.0,15.0,3.0,0.0,0.0,0.0,0.0,0.0,1.0,16.0,0.0,0.0,0.0,0.0,0.0,0.0,1.0,16.0,2.0,7.0,4.0,0.0,0.0,0.0,3.0,16.0,16.0,16.0,16.0,9.0,0.0,0.0,0.0,15.0,15.0,4.0,10.0,16.0,0.0,0.0,0.0,4.0,14.0,16.0,12.0,7.0,0.0,6
296,0.0,0.0,5.0,15.0,14.0,3.0,0.0,0.0,0.0,2.0,14.0,7.0,4.0,13.0,0.0,0.0,0.0,2.0,15.0,5.0,5.0,16.0,1.0,0.0,0.0,0.0,7.0,15.0,16.0,16.0,3.0,0.0,0.0,0.0,0.0,1.0,3.0,7.0,10.0,0.0,0.0,0.0,0.0,0.0,0.0,2.0,14.0,0.0,0.0,0.0,8.0,9.0,4.0,2.0,16.0,1.0,0.0,0.0,4.0,11.0,13.0,16.0,11.0,0.0,9
297,0.0,0.0,3.0,16.0,4.0,0.0,0.0,0.0,0.0,0.0,12.0,13.0,2.0,5.0,0.0,0.0,0.0,2.0,16.0,6.0,10.0,15.0,1.0,0.0,0.0,9.0,15.0,3.0,16.0,11.0,7.0,0.0,0.0,12.0,16.0,16.0,15.0,11.0,5.0,0.0,0.0,3.0,9.0,16.0,3.0,0.0,0.0,0.0,0.0,0.0,2.0,16.0,3.0,0.0,0.0,0.0,0.0,0.0,6.0,14.0,0.0,0.0,0.0,0.0,4
300,0.0,0.0,3.0,15.0,12.0,2.0,0.0,0.0,0.0,0.0,1.0,16.0,16.0,6.0,0.0,0.0,0.0,0.0,4.0,16.0,16.0,2.0,0.0,0.0,0.0,0.0,3.0,16.0,16.0,6.0,0.0,0.0,0.0,0.0,4.0,16.0,16.0,0.0,0.0,0.0,0.0,0.0,1.0,15.0,16.0,6.0,0.0,0.0,0.0,0.0,4.0,16.0,16.0,4.0,0.0,0.0,0.0,0.0,4.0,16.0,16.0,6.0,0.0,0.0,1
301,0.0,1.0,12.0,16.0,14.0,8.0,0.0,0.0,0.0,4.0,16.0,8.0,10.0,15.0,3.0,0.0,0.0,0.0,0.0,0.0,5.0,16.0,3.0,0.0,0.0,0.0,0.0,1.0,12.0,15.0,0.0,0.0,0.0,0.0,0.0,10.0,16.0,5.0,0.0,0.0,0.0,0.0,5.0,16.0,10.0,0.0,0.0,0.0,0.0,1.0,14.0,15.0,6.0,10.0,11.0,0.0,0.0,0.0,13.0,16.0,16.0,14.0,8.0,1.0,2
303,0.0,0.0,6.0,13.0,16.0,10.0,0.0,0.0,0.0,4.0,13.0,5.0,4.0,16.0,0.0,0.0,0.0,0.0,0.0,1.0,10.0,8.0,0.0,0.0,0.0,0.0,0.0,12.0,16.0,3.0,0.0,0.0,0.0,0.0,0.0,3.0,7.0,15.0,1.0,0.0,0.0,0.0,0.0,0.0,0.0,9.0,8.0,0.0,0.0,0.0,8.0,6.0,3.0,11.0,7.0,0.0,0.0,0.0,4.0,14.0,16.0,11.0,1.0,0.0,3
305,0.0,4.0,16.0,16.0,16.0,10.0,3.0,0.0,0.0,12.0,16.0,9.0,8.0,12.0,3.0,0.0,0.0,10.0,16.0,2.0,0.0,0.0,0.0,0.0,0.0,3.0,16.0,12.0,0.0,0.0,0.0,0.0,0.0,0.0,7.0,16.0,9.0,0.0,0.0,0.0,0.0,0.0,0.0,12.0,16.0,1.0,0.0,0.0,0.0,3.0,10.0,15.0,15.0,1.0,0.0,0.0,0.0,4.0,16.0,13.0,3.0,0.0,0.0,0.0,5
306,0.0,0.0,6.0,14.0,15.0,7.0,0.0,0.0,0.0,3.0,15.0,6.0,2.0,14.0,3.0,0.0,0.0,4.0,13.0,0.0,1.0,16.0,4.0,0.0,0.0,0.0,10.0,11.0,9.0,16.0,6.0,0.0,0.0,0.0,1.0,8.0,10.0,14.0,5.0,0.0,0.0,0.0,0.0,0.0,0.0,8.0,11.0,0.0,0.0,1.0,12.0,5.0,0.0,10.0,11.0,0.0,0.0,0.0,7.0,13.0,16.0,16.0,4.0,0.0,9
307,0.0,0.0,0.0,12.0,14.0,1.0,0.0,0.0,0.0,0.0,5.0,16.0,12.0,0.0,0.0,0.0,0.0,0.0,10.0,15.0,1.0,0.0,0.0,0.0,0.0,0.0,14.0,15.0,9.0,2.0,0.0,0.0,0.0,1.0,16.0,15.0,16.0,15.0,2.0,0.0,0.0,0.0,15.0,7.0,1.0,12.0,10.0,0.0,0.0,0.0,10.0,14.0,4.0,15.0,12.0,0.0,0.0,0.0,0.0,11.0,16.0,15.0,5.0,0.0,6
309,0.0,0.0,5.0,12.0,15.0,10.0,1.0,0.0,0.0,2.0,14.0,7.0,4.0,9.0,7.0,0.0,0.0,7.0,15.0,7.0,0.0,9.0,8.0,0.0,0.0,1.0,5.0,15.0,11.0,13.0,3.0,0.0,0.0,0.0,3.0,15.0,16.0,5.0,0.0,0.0,0.0,0.0,15.0,9.0,12.0,7.0,0.0,0.0,0.0,0.0,15.0,5.0,8.0,12.0,0.0,0.0,0.0,0.0,4.0,14.0,16.0,11.0,0.0,0.0,8
310,0.0,2.0,15.0,16.0,16.0,13.0,2.0,0.0,0.0,7.0,16.0,13.0,8.0,8.0,3.0,0.0,0.0,4.0,16.0,4.0,0.0,0.0,0.0,0.0,0.0,0.0,16.0,11.0,0.0,0.0,0.0,0.0,0.0,0.0,12.0,16.0,3.0,0.0,0.0,0.0,0.0,0.0,2.0,13.0,11.0,0.0,0.0,0.0,0.0,3.0,8.0,15.0,8.0,0.0,0.0,0.0,0.0,2.0,15.0,15.0,1.0,0.0,0.0,0.0,5
311,0.0,0.0,4.0,16.0,6.0,0.0,0.0,0.0,0.0,0.0,7.0,16.0,5.0,0.0,0.0,0.0,0.0,0.0,12.0,12.0,1.0,0.0,0.0,0.0,0.0,0.0,16.0,8.0,0.0,0.0,0.0,0.0,0.0,4.0,16.0,11.0,2.0,0.0,0.0,0.0,0.0,5.0,16.0,16.0,16.0,13.0,1.0,0.0,0.0,2.0,16.0,14.0,15.0,16.0,5.0,0.0,0.0,0.0,5.0,15.0,14.0,7.0,0.0,0.0,6
312,0.0,0.0,0.0,11.0,13.0,0.0,0.0,0.0,0.0,0.0,1.0,16.0,12.0,0.0,0.0,0.0,0.0,0.0,4.0,16.0,6.0,0.0,0.0,0.0,0.0,0.0,7.0,16.0,16.0,7.0,0.0,0.0,0.0,0.0,8.0,16.0,16.0,14.0,11.0,0.0,0.0,0.0,9.0,16.0,3.0,5.0,16.0,4.0,0.0,0.0,6.0,15.0,5.0,14.0,16.0,2.0,0.0,0.0,1.0,11.0,16.0,15.0,4.0,0.0,6
316,0.0,0.0,10.0,12.0,10.0,0.0,0.0,0.0,0.0,3.0,16.0,16.0,16.0,4.0,0.0,0.0,0.0,7.0,15.0,3.0,8.0,13.0,0.0,0.0,0.0,8.0,12.0,0.0,0.0,14.0,1.0,0.0,0.0,8.0,12.0,0.0,0.0,7.0,8.0,0.0,0.0,5.0,13.0,0.0,0.0,4.0,8.0,0.0,0.0,0.0,14.0,8.0,0.0,10.0,8.0,0.0,0.0,0.0,7.0,12.0,13.0,12.0,4.0,0.0,0
317,0.0,0.0,0.0,3.0,16.0,8.0,0.0,0.0,0.0,0.0,0.0,11.0,16.0,9.0,0.0,0.0,0.0,3.0,12.0,16.0,16.0,8.0,0.0,0.0,0.0,13.0,16.0,9.0,16.0,8.0,0.0,0.0,0.0,1.0,2.0,0.0,16.0,8.0,0.0,0.0,0.0,0.0,0.0,2.0,16.0,4.0,0.0,0.0,0.0,0.0,0.0,2.0,16.0,6.0,0.0,0.0,0.0,0.0,0.0,1.0,16.0,9.0,0.0,0.0,1
318,0.0,0.0,1.0,15.0,6.0,0.0,0.0,0.0,0.0,0.0,8.0,16.0,2.0,0.0,0.0,0.0,0.0,0.0,15.0,11.0,0.0,7.0,4.0,0.0,0.0,8.0,16.0,10.0,6.0,16.0,9.0,0.0,0.0,6.0,16.0,16.0,16.0,16.0,4.0,0.0,0.0,0.0,5.0,11.0,16.0,13.0,0.0,0.0,0.0,0.0,0.0,12.0,15.0,3.0,0.0,0.0,0.0,0.0,0.0,15.0,11.0,0.0,0.0,0.0,4
320,0.0,0.0,2.0,15.0,4.0,0.0,0.0,0.0,0.0,0.0,11.0,13.0,0.0,0.0,0.0,0.0,0.0,0.0,16.0,6.0,0.0,0.0,0.0,0.0,0.0,3.0,16.0,7.0,0.0,0.0,0.0,0.0,0.0,4.0,16.0,16.0,15.0,5.0,0.0,0.0,0.0,4.0,16.0,5.0,3.0,13.0,7.0,0.0,0.0,1.0,14.0,9.0,0.0,8.0,13.0,0.0,0.0,0.0,2.0,13.0,16.0,16.0,8.0,0.0,6
321,0.0,0.0,1.0,13.0,7.0,0.0,0.0,0.0,0.0,1.0,15.0,9.0,15.0,1.0,0.0,0.0,0.0,9.0,11.0,0.0,16.0,0.0,0.0,0.0,0.0,2.0,10.0,3.0,14.0,0.0,0.0,0.0,0.0,0.0,0.0,2.0,11.0,0.0,0.0,0.0,0.0,0.0,0.0,5.0,11.0,0.0,0.0,0.0,0.0,0.0,0.0,9.0,10.0,4.0,4.0,2.0,0.0,0.0,1.0,15.0,16.0,15.0,13.0,15.0,2
322,0.0,0.0,0.0,7.0,10.0,0.0,0.0,0.0,0.0,0.0,3.0,15.0,5.0,0.0,0.0,0.0,0.0,0.0,11.0,11.0,0.0,2.0,2.0,0.0,0.0,5.0,14.0,2.0,1.0,13.0,7.0,0.0,0.0,7.0,15.0,2.0,8.0,16.0,3.0,0.0,0.0,3.0,14.0,16.0,16.0,8.0,0.0,0.0,0.0,0.0,0.0,7.0,16.0,0.0,0.0,0.0,0.0,0.0,0.0,6.0,16.0,2.0,0.0,0.0,4
323,0.0,0.0,6.0,14.0,16.0,6.0,0.0,0.0,0.0,6.0,16.0,16.0,8.0,15.0,0.0,0.0,0.0,7.0,14.0,14.0,12.0,14.0,0.0,0.0,0.0,0.0,13.0,10.0,16.0,6.0,0.0,0.0,0.0,0.0,4.0,16.0,10.0,0.0,0.0,0.0,0.0,0.0,11.0,13.0,16.0,2.0,0.0,0.0,0.0,0.0,15.0,5.0,15.0,4.0,0.0,0.0,0.0,0.0,8.0,16.0,15.0,1.0,0.0,0.0,8
324,0.0,0.0,8.0,13.0,12.0,3.0,0.0,0.0,0.0,6.0,15.0,7.0,9.0,12.0,0.0,0.0,0.0,0.0,0.0,0.0,7.0,11.0,0.0,0.0,0.0,0.0,0.0,4.0,15.0,3.0,0.0,0.0,0.0,0.0,0.0,10.0,16.0,9.0,0.0,0.0,0.0,0.0,0.0,0.0,4.0,15.0,7.0,0.0,0.0,0.0,11.0,2.0,1.0,15.0,7.0,0.0,0.0,0.0,8.0,16.0,16.0,12.0,0.0,0.0,3
326,0.0,0.0,8.0,14.0,11.0,2.0,0.0,0.0,0.0,6.0,16.0,7.0,6.0,13.0,1.0,0.0,0.0,8.0,11.0,0.0,0.0,10.0,4.0,0.0,0.0,7.0,8.0,0.0,0.0,5.0,7.0,0.0,0.0,8.0,4.0,0.0,0.0,7.0,8.0,0.0,0.0,2.0,10.0,0.0,0.0,7.0,10.0,0.0,0.0,0.0,14.0,3.0,4.0,15.0,3.0,0.0,0.0,0.0,5.0,16.0,16.0,7.0,0.0,0.0,0
327,0.0,0.0,5.0,15.0,2.0,0.0,0.0,0.0,0.0,0.0,1.0,16.0,8.0,0.0,0.0,0.0,0.0,0.0,0.0,14.0,12.0,0.0,0.0,0.0,0.0,0.0,2.0,16.0,16.0,3.0,0.0,0.0,0.0,0.0,2.0,9.0,14.0,6.0,0.0,0.0,0.0,0.0,0.0,0.0,6.0,13.0,0.0,0.0,0.0,0.0,2.0,10.0,12.0,16.0,4.0,4.0,0.0,0.0,4.0,15.0,16.0,16.0,16.0,16.0,1
328,0.0,0.0,11.0,15.0,15.0,16.0,9.0,0.0,0.0,4.0,16.0,14.0,8.0,9.0,3.0,0.0,0.0,4.0,12.0,0.0,0.0,0.0,0.0,0.0,0.0,6.0,16.0,15.0,3.0,0.0,0.0,0.0,0.0,3.0,11.0,11.0,12.0,0.0,0.0,0.0,0.0,0.0,0.0,2.0,16.0,0.0,0.0,0.0,0.0,2.0,12.0,9.0,16.0,0.0,0.0,0.0,0.0,0.0,11.0,16.0,8.0,0.0,0.0,0.0,5
330,0.0,0.0,0.0,9.0,11.0,0.0,0.0,0.0,0.0,0.0,1.0,16.0,11.0,0.0,0.0,0.0,0.0,0.0,6.0,16.0,1.0,0.0,0.0,0.0,0.0,0.0,11.0,11.0,6.0,7.0,1.0,0.0,0.0,0.0,13.0,14.0,15.0,16.0,8.0,0.0,0.0,0.0,12.0,13.0,5.0,5.0,13.0,0.0,0.0,0.0,6.0,14.0,8.0,15.0,12.0,0.0,0.0,0.0,0.0,10.0,16.0,12.0,2.0,0.0,6
331,0.0,0.0,11.0,16.0,16.0,11.0,0.0,0.0,0.0,0.0,10.0,16.0,7.0,2.0,0.0,0.0,0.0,1.0,16.0,9.0,0.0,0.0,0.0,0.0,0.0,0.0,13.0,16.0,8.0,0.0,0.0,0.0,0.0,0.0,0.0,4.0,15.0,4.0,0.0,0.0,0.0,0.0,0.0,0.0,14.0,8.0,0.0,0.0,0.0,0.0,3.0,8.0,16.0,4.0,0.0,0.0,0.0,0.0,14.0,16.0,9.0,0.0,0.0,0.0,5
332,0.0,0.0,2.0,15.0,5.0,0.0,0.0,0.0,0.0,0.0,11.0,16.0,16.0,6.0,0.0,0.0,0.0,3.0,14.0,3.0,7.0,16.0,3.0,0.0,0.0,7.0,8.0,0.0,0.0,8.0,8.0,0.0,0.0,5.0,8.0,0.0,0.0,4.0,8.0,0.0,0.0,4.0,12.0,0.0,0.0,8.0,8.0,0.0,0.0,0.0,14.0,9.0,8.0,16.0,2.0,0.0,0.0,0.0,3.0,14.0,15.0,6.0,0.0,0.0,0
333,0.0,0.0,10.0,16.0,16.0,13.0,0.0,0.0,0.0,4.0,16.0,15.0,12.0,4.0,0.0,0.0,0.0,8.0,16.0,4.0,0.0,0.0,0.0,0.0,0.0,4.0,16.0,11.0,6.0,1.0,0.0,0.0,0.0,0.0,8.0,16.0,16.0,13.0,2.0,0.0,0.0,0.0,0.0,1.0,7.0,14.0,12.0,0.0,0.0,0.0,0.0,6.0,13.0,16.0,10.0,0.0,0.0,0.0,12.0,16.0,14.0,6.0,0.0,0.0,5
336,0.0,0.0,9.0,16.0,16.0,12.0,0.0,0.0,0.0,2.0,16.0,8.0,9.0,16.0,0.0,0.0,0.0,1.0,8.0,0.0,13.0,14.0,0.0,0.0,0.0,0.0,0.0,13.0,16.0,5.0,0.0,0.0,0.0,0.0,0.0,8.0,14.0,15.0,5.0,0.0,0.0,0.0,0.0,0.0,0.0,9.0,14.0,0.0,0.0,0.0,9.0,6.0,0.0,11.0,15.0,0.0,0.0,0.0,8.0,16.0,16.0,16.0,6.0,0.0,3
337,0.0,0.0,1.0,13.0,16.0,2.0,0.0,0.0,0.0,0.0,8.0,16.0,12.0,1.0,0.0,0.0,0.0,0.0,14.0,16.0,2.0,0.0,0.0,0.0,0.0,0.0,15.0,14.0,9.0,1.0,0.0,0.0,0.0,1.0,16.0,16.0,16.0,10.0,0.0,0.0,0.0,0.0,13.0,15.0,13.0,15.0,0.0,0.0,0.0,0.0,8.0,16.0,14.0,14.0,1.0,0.0,0.0,0.0,1.0,11.0,16.0,8.0,0.0,0.0,6
340,0.0,2.0,13.0,16.0,16.0,16.0,11.0,0.0,0.0,5.0,16.0,10.0,5.0,4.0,1.0,0.0,0.0,6.0,16.0,7.0,3.0,0.0,0.0,0.0,0.0,9.0,16.0,16.0,16.0,6.0,0.0,0.0,0.0,3.0,8.0,4.0,11.0,15.0,0.0,0.0,0.0,0.0,0.0,1.0,12.0,15.0,0.0,0.0,0.0,0.0,4.0,13.0,16.0,6.0,0.0,0.0,0.0,2.0,16.0,15.0,8.0,0.0,0.0,0.0,5
342,0.0,0.0,7.0,12.0,11.0,1.0,0.0,0.0,0.0,0.0,12.0,10.0,5.0,14.0,0.0,0.0,0.0,6.0,13.0,13.0,3.0,15.0,0.0,0.0,0.0,8.0,9.0,11.0,16.0,8.0,0.0,0.0,0.0,1.0,11.0,10.0,9.0,11.0,1.0,0.0,0.0,0.0,0.0,0.0,0.0,13.0,6.0,0.0,0.0,0.0,0.0,0.0,0.0,10.0,12.0,0.0,0.0,0.0,8.0,12.0,16.0,13.0,2.0,0.0,9
343,0.0,0.0,0.0,0.0,15.0,7.0,0.0,0.0,0.0,0.0,0.0,10.0,16.0,6.0,0.0,0.0,0.0,0.0,8.0,15.0,14.0,4.0,0.0,0.0,0.0,6.0,15.0,2.0,15.0,2.0,1.0,0.0,0.0,9.0,16.0,16.0,16.0,16.0,11.0,0.0,0.0,5.0,10.0,12.0,16.0,8.0,1.0,0.0,0.0,0.0,0.0,1.0,15.0,0.0,0.0,0.0,0.0,0.0,0.0,1.0,15.0,0.0,0.0,0.0,4
344,0.0,0.0,0.0,6.0,14.0,0.0,0.0,0.0,0.0,0.0,4.0,15.0,4.0,0.0,0.0,0.0,0.0,1.0,13.0,9.0,4.0,7.0,0.0,0.0,0.0,7.0,13.0,1.0,13.0,10.0,6.0,0.0,0.0,14.0,14.0,8.0,16.0,16.0,10.0,0.0,0.0,7.0,15.0,16.0,16.0,7.0,1.0,0.0,0.0,0.0,0.0,6.0,16.0,0.0,0.0,0.0,0.0,0.0,0.0,10.0,13.0,0.0,0.0,0.0,4
345,0.0,0.0,0.0,4.0,9.0,0.0,0.0,0.0,0.0,0.0,0.0,12.0,11.0,0.0,0.0,0.0,0.0,0.0,4.0,13.0,16.0,4.0,0.0,0.0,0.0,0.0,12.0,6.0,14.0,4.0,0.0,0.0,0.0,4.0,16.0,9.0,15.0,13.0,3.0,0.0,0.0,4.0,12.0,12.0,16.0,14.0,6.0,0.0,0.0,0.0,0.0,0.0,16.0,4.0,0.0,0.0,0.0,0.0,0.0,2.0,16.0,3.0,0.0,0.0,4
347,0.0,0.0,0.0,7.0,12.0,13.0,1.0,0.0,0.0,0.0,8.0,11.0,1.0,10.0,8.0,0.0,0.0,0.0,12.0,2.0,1.0,11.0,7.0,0.0,0.0,0.0,10.0,10.0,14.0,8.0,0.0,0.0,0.0,1.0,7.0,16.0,9.0,0.0,0.0,0.0,0.0,7.0,16.0,7.0,14.0,3.0,0.0,0.0,0.0,0.0,7.0,13.0,5.0,14.0,0.0,0.0,0.0,0.0,0.0,6.0,15.0,14.0,2.0,0.0,8
348,0.0,1.0,13.0,14.0,16.0,15.0,7.0,0.0,0.0,4.0,15.0,3.0,3.0,4.0,1.0,0.0,0.0,4.0,13.0,5.0,8.0,5.0,0.0,0.0,0.0,6.0,16.0,12.0,8.0,14.0,2.0,0.0,0.0,0.0,4.0,0.0,0.0,12.0,4.0,0.0,0.0,0.0,0.0,0.0,1.0,14.0,2.0,0.0,0.0,2.0,12.0,3.0,11.0,9.0,0.0,0.0,0.0,1.0,11.0,16.0,13.0,1.0,0.0,0.0,5
349,0.0,0.0,2.0,14.0,13.0,0.0,0.0,0.0,0.0,0.0,10.0,15.0,15.0,8.0,0.0,0.0,0.0,2.0,16.0,7.0,4.0,15.0,0.0,0.0,0.0,4.0,16.0,4.0,0.0,13.0,7.0,0.0,0.0,4.0,16.0,1.0,0.0,10.0,8.0,0.0,0.0,4.0,16.0,5.0,1.0,12.0,11.0,0.0,0.0,1.0,15.0,14.0,13.0,16.0,3.0,0.0,0.0,0.0,3.0,12.0,13.0,5.0,0.0,0.0,0
350,0.0,0.0,10.0,15.0,1.0,0.0,0.0,0.0,0.0,0.0,11.0,16.0,1.0,0.0,0.0,0.0,0.0,1.0,16.0,16.0,1.0,0.0,0.0,0.0,0.0,0.0,8.0,16.0,5.0,0.0,0.0,0.0,0.0,0.0,0.0,14.0,10.0,0.0,0.0,0.0,0.0,0.0,0.0,10.0,14.0,0.0,0.0,0.0,0.0,0.0,5.0,11.0,15.0,6.0,4.0,1.0,0.0,0.0,10.0,16.0,16.0,16.0,16.0,10.0,1
351,0.0,0.0,0.0,3.0,16.0,3.0,0.0,0.0,0.0,0.0,0.0,10.0,16.0,11.0,0.0,0.0,0.0,0.0,4.0,16.0,16.0,8.0,0.0,0.0,0.0,2.0,14.0,12.0,16.0,5.0,0.0,0.0,0.0,10.0,16.0,14.0,16.0,16.0,11.0,0.0,0.0,5.0,12.0,13.0,16.0,8.0,3.0,0.0,0.0,0.0,0.0,2.0,15.0,3.0,0.0,0.0,0.0,0.0,0.0,4.0,12.0,0.0,0.0,0.0,4
352,0.0,0.0,1.0,14.0,16.0,16.0,15.0,1.0,0.0,0.0,11.0,14.0,8.0,13.0,11.0,0.0,0.0,0.0,15.0,6.0,0.0,14.0,3.0,0.0,0.0,0.0,5.0,1.0,5.0,13.0,1.0,0.0,0.0,0.0,0.0,13.0,16.0,16.0,9.0,0.0,0.0,0.0,2.0,16.0,15.0,9.0,1.0,0.0,0.0,0.0,0.0,11.0,9.0,0.0,0.0,0.0,0.0,0.0,3.0,16.0,2.0,0.0,0.0,0.0,7
354,0.0,0.0,6.0,12.0,13.0,2.0,0.0,0.0,0.0,3.0,16.0,6.0,1.0,15.0,0.0,0.0,0.0,5.0,16.0,13.0,12.0,16.0,2.0,0.0,0.0,2.0,13.0,16.0,12.0,15.0,4.0,0.0,0.0,0.0,0.0,0.0,0.0,8.0,8.0,0.0,0.0,0.0,1.0,0.0,0.0,8.0,8.0,0.0,0.0,3.0,16.0,2.0,0.0,10.0,7.0,0.0,0.0,0.0,5.0,11.0,16.0,13.0,1.0,0.0,9
355,0.0,0.0,10.0,11.0,7.0,0.0,0.0,0.0,0.0,4.0,16.0,16.0,16.0,10.0,0.0,0.0,0.0,4.0,16.0,6.0,5.0,15.0,2.0,0.0,0.0,8.0,12.0,0.0,0.0,5.0,8.0,0.0,0.0,8.0,10.0,0.0,0.0,5.0,8.0,0.0,0.0,6.0,13.0,1.0,5.0,14.0,5.0,0.0,0.0,0.0,14.0,13.0,15.0,11.0,1.0,0.0,0.0,0.0,7.0,12.0,8.0,0.0,0.0,0.0,0
356,0.0,0.0,15.0,16.0,13.0,6.0,0.0,0.0,0.0,0.0,12.0,12.0,14.0,13.0,0.0,0.0,0.0,0.0,0.0,0.0,11.0,9.0,0.0,0.0,0.0,0.0,1.0,11.0,15.0,2.0,0.0,0.0,0.0,0.0,8.0,16.0,16.0,12.0,1.0,0.0,0.0,1.0,8.0,4.0,9.0,16.0,3.0,0.0,0.0,5.0,14.0,7.0,10.0,15.0,1.0,0.0,0.0,2.0,12.0,16.0,14.0,6.0,0.0,0.0,3
357,0.0,0.0,2.0,14.0,15.0,5.0,0.0,0.0,0.0,0.0,10.0,16.0,16.0,15.0,1.0,0.0,0.0,3.0,16.0,10.0,10.0,16.0,4.0,0.0,0.0,5.0,16.0,0.0,0.0,14.0,6.0,0.0,0.0,5.0,16.0,6.0,0.0,12.0,7.0,0.0,0.0,1.0,15.0,13.0,4.0,13.0,6.0,0.0,0.0,0.0,11.0,16.0,16.0,15.0,0.0,0.0,0.0,0.0,2.0,11.0,13.0,4.0,0.0,0.0,0
358,0.0,0.0,0.0,14.0,12.0,1.0,0.0,0.0,0.0,0.0,4.0,15.0,7.0,10.0,0.0,0.0,0.0,2.0,16.0,15.0,5.0,12.0,2.0,0.0,0.0,7.0,16.0,0.0,0.0,11.0,5.0,0.0,0.0,5.0,12.0,0.0,0.0,12.0,4.0,0.0,0.0,1.0,15.0,0.0,0.0,14.0,2.0,0.0,0.0,0.0,9.0,6.0,7.0,15.0,0.0,0.0,0.0,0.0,1.0,13.0,16.0,8.0,0.0,0.0,0
359,0.0,1.0,12.0,16.0,16.0,16.0,4.0,0.0,0.0,4.0,16.0,10.0,4.0,1.0,1.0,0.0,0.0,6.0,13.0,0.0,0.0,0.0,0.0,0.0,0.0,6.0,16.0,12.0,5.0,0.0,0.0,0.0,0.0,7.0,11.0,11.0,15.0,0.0,0.0,0.0,0.0,0.0,0.0,4.0,16.0,2.0,0.0,0.0,0.0,0.0,2.0,13.0,10.0,0.0,0.0,0.0,0.0,2.0,16.0,11.0,0.0,0.0,0.0,0.0,5
360,0.0,0.0,10.0,15.0,2.0,0.0,0.0,0.0,0.0,7.0,16.0,16.0,6.0,0.0,0.0,0.0,0.0,12.0,13.0,12.0,9.0,0.0,0.0,0.0,0.0,8.0,9.0,13.0,7.0,0.0,0.0,0.0,0.0,0.0,0.0,16.0,5.0,0.0,0.0,0.0,0.0,0.0,6.0,15.0,1.0,0.0,0.0,0.0,0.0,0.0,16.0,14.0,4.0,5.0,8.0,3.0,0.0,0.0,8.0,16.0,16.0,16.0,16.0,9.0,2
361,0.0,0.0,11.0,12.0,0.0,0.0,0.0,0.0,0.0,7.0,16.0,16.0,5.0,0.0,0.0,0.0,0.0,5.0,13.0,16.0,8.0,0.0,0.0,0.0,0.0,0.0,1.0,16.0,8.0,0.0,0.0,0.0,0.0,0.0,7.0,16.0,5.0,0.0,0.0,0.0,0.0,0.0,9.0,15.0,1.0,0.0,0.0,0.0,0.0,0.0,16.0,15.0,9.0,7.0,2.0,0.0,0.0,0.0,12.0,14.0,13.0,12.0,5.0,0.0,2
362,0.0,0.0,1.0,10.0,16.0,8.0,0.0,0.0,0.0,0.0,11.0,13.0,10.0,16.0,0.0,0.0,0.0,0.0,12.0,1.0,4.0,16.0,1.0,0.0,0.0,0.0,1.0,0.0,13.0,7.0,0.0,0.0,0.0,0.0,0.0,9.0,12.0,0.0,0.0,0.0,0.0,2.0,13.0,15.0,1.0,0.0,0.0,0.0,0.0,4.0,15.0,14.0,7.0,4.0,0.0,0.0,0.0,0.0,1.0,11.0,14.0,15.0,5.0,0.0,2
363,0.0,0.0,3.0,15.0,1.0,0.0,0.0,0.0,0.0,0.0,12.0,8.0,0.0,0.0,0.0,0.0,0.0,3.0,13.0,0.0,0.0,0.0,0.0,0.0,0.0,4.0,12.0,0.0,0.0,0.0,0.0,0.0,0.0,5.0,10.0,11.0,16.0,14.0,1.0,0.0,0.0,2.0,16.0,10.0,4.0,7.0,10.0,0.0,0.0,0.0,15.0,8.0,2.0,12.0,8.0,0.0,0.0,0.0,3.0,12.0,16.0,8.0,0.0,0.0,6
364,0.0,0.0,1.0,12.0,12.0,3.0,0.0,0.0,0.0,0.0,9.0,13.0,5.0,14.0,0.0,0.0,0.0,0.0,15.0,3.0,0.0,10.0,2.0,0.0,0.0,3.0,16.0,4.0,0.0,9.0,4.0,0.0,0.0,4.0,13.0,0.0,0.0,9.0,2.0,0.0,0.0,3.0,13.0,0.0,1.0,15.0,0.0,0.0,0.0,0.0,13.0,6.0,8.0,9.0,0.0,0.0,0.0,0.0,2.0,14.0,12.0,2.0,0.0,0.0,0
366,0.0,0.0,5.0,12.0,12.0,9.0,3.0,0.0,0.0,0.0,8.0,16.0,16.0,16.0,4.0,0.0,0.0,0.0,9.0,16.0,16.0,14.0,1.0,0.0,0.0,0.0,11.0,16.0,16.0,12.0,0.0,0.0,0.0,0.0,12.0,16.0,16.0,12.0,0.0,0.0,0.0,0.0,11.0,16.0,16.0,12.0,0.0,0.0,0.0,0.0,4.0,16.0,16.0,12.0,0.0,0.0,0.0,0.0,6.0,12.0,12.0,6.0,0.0,0.0,1
369,0.0,0.0,0.0,14.0,9.0,0.0,0.0,0.0,0.0,0.0,0.0,14.0,13.0,0.0,0.0,0.0,0.0,0.0,0.0,11.0,16.0,2.0,0.0,0.0,0.0,0.0,0.0,14.0,16.0,5.0,0.0,0.0,0.0,0.0,0.0,13.0,16.0,4.0,0.0,0.0,0.0,0.0,0.0,16.0,16.0,4.0,0.0,0.0,0.0,0.0,1.0,16.0,16.0,0.0,0.0,0.0,0.0,0.0,0.0,14.0,12.0,0.0,0.0,0.0,1
370,0.0,0.0,6.0,14.0,9.0,5.0,2.0,0.0,0.0,7.0,15.0,6.0,2.0,12.0,8.0,0.0,0.0,5.0,15.0,2.0,8.0,15.0,1.0,0.0,0.0,1.0,12.0,14.0,16.0,4.0,0.0,0.0,0.0,0.0,1.0,16.0,11.0,0.0,0.0,0.0,0.0,0.0,4.0,10.0,16.0,3.0,0.0,0.0,0.0,0.0,9.0,2.0,13.0,8.0,0.0,0.0,0.0,0.0,5.0,14.0,11.0,3.0,0.0,0.0,8
371,0.0,0.0,2.0,11.0,14.0,12.0,3.0,0.0,0.0,0.0,14.0,14.0,9.0,15.0,8.0,0.0,0.0,5.0,12.0,0.0,5.0,15.0,2.0,0.0,0.0,3.0,16.0,11.0,15.0,3.0,0.0,0.0,0.0,0.0,1.0,14.0,16.0,4.0,0.0,0.0,0.0,0.0,0.0,15.0,5.0,15.0,0.0,0.0,0.0,0.0,1.0,16.0,10.0,11.0,0.0,0.0,0.0,0.0,0.0,15.0,13.0,2.0,0.0,0.0,8
372,0.0,0.0,4.0,16.0,15.0,7.0,0.0,0.0,0.0,0.0,6.0,16.0,16.0,6.0,0.0,0.0,0.0,0.0,5.0,16.0,16.0,4.0,0.0,0.0,0.0,0.0,7.0,16.0,15.0,0.0,0.0,0.0,0.0,0.0,11.0,16.0,14.0,0.0,0.0,0.0,0.0,0.0,6.0,16.0,14.0,0.0,0.0,0.0,0.0,0.0,6.0,16.0,16.0,5.0,0.0,0.0,0.0,0.0,2.0,12.0,16.0,3.0,0.0,0.0,1
373,0.0,0.0,0.0,10.0,10.0,0.0,0.0,0.0,0.0,0.0,6.0,16.0,6.0,0.0,0.0,0.0,0.0,1.0,14.0,10.0,0.0,0.0,0.0,0.0,0.0,7.0,16.0,3.0,11.0,7.0,0.0,0.0,0.0,12.0,16.0,8.0,16.0,9.0,1.0,0.0,0.0,10.0,16.0,16.0,16.0,16.0,6.0,0.0,0.0,0.0,0.0,10.0,16.0,0.0,0.0,0.0,0.0,0.0,0.0,10.0,11.0,0.0,0.0,0.0,4
374,0.0,0.0,0.0,14.0,8.0,0.0,0.0,0.0,0.0,0.0,3.0,16.0,3.0,0.0,0.0,0.0,0.0,0.0,12.0,9.0,9.0,7.0,0.0,0.0,0.0,6.0,15.0,1.0,14.0,11.0,6.0,0.0,0.0,13.0,14.0,8.0,16.0,16.0,7.0,0.0,0.0,8.0,16.0,16.0,16.0,3.0,0.0,0.0,0.0,0.0,1.0,11.0,14.0,0.0,0.0,0.0,0.0,0.0,0.0,14.0,14.0,0.0,0.0,0.0,4
375,0.0,0.0,6.0,15.0,13.0,3.0,0.0,0.0,0.0,0.0,13.0,14.0,15.0,12.0,0.0,0.0,0.0,0.0,14.0,11.0,13.0,15.0,5.0,0.0,0.0,0.0,9.0,16.0,15.0,8.0,0.0,0.0,0.0,2.0,16.0,16.0,16.0,2.0,0.0,0.0,0.0,8.0,16.0,2.0,14.0,10.0,0.0,0.0,0.0,5.0,16.0,9.0,14.0,11.0,0.0,0.0,0.0,0.0,8.0,14.0,13.0,2.0,0.0,0.0,8
377,0.0,0.0,2.0,15.0,5.0,0.0,0.0,0.0,0.0,0.0,9.0,15.0,0.0,1.0,0.0,0.0,0.0,0.0,14.0,9.0,9.0,9.0,0.0,0.0,0.0,8.0,16.0,4.0,16.0,13.0,12.0,0.0,0.0,13.0,16.0,16.0,16.0,15.0,7.0,0.0,0.0,3.0,8.0,13.0,12.0,2.0,0.0,0.0,0.0,0.0,0.0,14.0,10.0,0.0,0.0,0.0,0.0,0.0,3.0,16.0,7.0,0.0,0.0,0.0,4
379,0.0,0.0,15.0,16.0,16.0,12.0,2.0,0.0,0.0,2.0,16.0,15.0,12.0,12.0,3.0,0.0,0.0,4.0,16.0,8.0,0.0,0.0,0.0,0.0,0.0,8.0,16.0,12.0,4.0,0.0,0.0,0.0,0.0,0.0,12.0,16.0,16.0,0.0,0.0,0.0,0.0,0.0,0.0,3.0,16.0,8.0,0.0,0.0,0.0,2.0,6.0,9.0,16.0,8.0,0.0,0.0,0.0,1.0,15.0,16.0,15.0,3.0,0.0,0.0,5
380,0.0,0.0,7.0,16.0,13.0,2.0,0.0,0.0,0.0,0.0,14.0,15.0,13.0,9.0,0.0,0.0,0.0,0.0,14.0,8.0,9.0,10.0,0.0,0.0,0.0,0.0,1.0,2.0,9.0,12.0,0.0,0.0,0.0,0.0,0.0,0.0,13.0,8.0,0.0,0.0,0.0,0.0,0.0,5.0,16.0,4.0,0.0,0.0,0.0,0.0,6.0,15.0,16.0,5.0,5.0,5.0,0.0,0.0,6.0,16.0,16.0,16.0,16.0,13.0,2
382,0.0,0.0,0.0,4.0,11.0,15.0,15.0,2.0,0.0,1.0,10.0,16.0,13.0,14.0,14.0,2.0,0.0,5.0,16.0,16.0,16.0,16.0,14.0,0.0,0.0,0.0,9.0,8.0,8.0,15.0,9.0,0.0,0.0,0.0,0.0,0.0,1.0,16.0,2.0,0.0,0.0,0.0,0.0,0.0,10.0,10.0,0.0,0.0,0.0,0.0,0.0,1.0,16.0,6.0,0.0,0.0,0.0,0.0,0.0,3.0,16.0,2.0,0.0,0.0,9
383,0.0,0.0,0.0,10.0,12.0,0.0,0.0,0.0,0.0,0.0,4.0,15.0,1.0,0.0,0.0,0.0,0.0,0.0,13.0,10.0,1.0,2.0,0.0,0.0,0.0,5.0,15.0,2.0,15.0,9.0,1.0,0.0,0.0,11.0,13.0,6.0,16.0,16.0,9.0,0.0,0.0,13.0,16.0,16.0,16.0,10.0,2.0,0.0,0.0,2.0,7.0,13.0,11.0,0.0,0.0,0.0,0.0,0.0,0.0,13.0,11.0,0.0,0.0,0.0,4
385,0.0,0.0,0.0,7.0,16.0,16.0,7.0,0.0,0.0,0.0,0.0,14.0,16.0,16.0,4.0,0.0,0.0,2.0,13.0,16.0,16.0,12.0,0.0,0.0,0.0,7.0,16.0,16.0,16.0,12.0,0.0,0.0,0.0,0.0,0.0,10.0,16.0,8.0,0.0,0.0,0.0,0.0,0.0,11.0,16.0,13.0,0.0,0.0,0.0,0.0,0.0,10.0,16.0,16.0,2.0,0.0,0.0,0.0,0.0,9.0,16.0,12.0,2.0,0.0,1
388,0.0,0.0,0.0,10.0,6.0,0.0,0.0,0.0,0.0,0.0,4.0,16.0,2.0,3.0,0.0,0.0,0.0,0.0,13.0,8.0,7.0,14.0,0.0,0.0,0.0,7.0,15.0,0.0,13.0,14.0,5.0,0.0,0.0,14.0,15.0,14.0,16.0,16.0,9.0,0.0,0.0,13.0,16.0,15.0,16.0,6.0,0.0,0.0,0.0,0.0,1.0,9.0,14.0,0.0,0.0,0.0,0.0,0.0,0.0,14.0,10.0,0.0,0.0,0.0,4
389,0.0,0.0,0.0,1.0,12.0,6.0,0.0,0.0,0.0,0.0,0.0,11.0,15.0,2.0,0.0,0.0,0.0,0.0,8.0,16.0,6.0,1.0,2.0,0.0,0.0,4.0,16.0,9.0,1.0,15.0,9.0,0.0,0.0,13.0,15.0,6.0,10.0,16.0,6.0,0.0,0.0,12.0,16.0,16.0,16.0,16.0,1.0,0.0,0.0,1.0,7.0,4.0,14.0,13.0,0.0,0.0,0.0,0.0,0.0,0.0,14.0,9.0,0.0,0.0,4
390,0.0,0.0,2.0,14.0,13.0,2.0,0.0,0.0,0.0,0.0,11.0,16.0,15.0,13.0,0.0,0.0,0.0,0.0,13.0,13.0,1.0,16.0,3.0,0.0,0.0,0.0,12.0,13.0,0.0,15.0,6.0,0.0,0.0,1.0,16.0,7.0,1.0,16.0,4.0,0.0,0.0,1.0,16.0,5.0,8.0,16.0,1.0,0.0,0.0,0.0,15.0,13.0,15.0,13.0,0.0,0.0,0.0,0.0,3.0,15.0,15.0,2.0,0.0,0.0,0
394,0.0,0.0,5.0,13.0,1.0,0.0,0.0,0.0,0.0,0.0,12.0,13.0,1.0,0.0,0.0,0.0,0.0,0.0,16.0,3.0,0.0,0.0,0.0,0.0,0.0,3.0,16.0,0.0,0.0,0.0,0.0,0.0,0.0,3.0,16.0,16.0,14.0,9.0,0.0,0.0,0.0,2.0,16.0,8.0,3.0,8.0,9.0,0.0,0.0,0.0,14.0,2.0,0.0,3.0,16.0,1.0,0.0,0.0,6.0,15.0,16.0,14.0,5.0,0.0,6
395,0.0,0.0,0.0,10.0,9.0,0.0,0.0,0.0,0.0,0.0,5.0,15.0,0.0,0.0,9.0,5.0,0.0,0.0,14.0,10.0,0.0,7.0,16.0,4.0,0.0,5.0,16.0,7.0,5.0,16.0,6.0,0.0,0.0,11.0,16.0,16.0,16.0,14.0,0.0,0.0,0.0,3.0,4.0,11.0,16.0,8.0,0.0,0.0,0.0,0.0,0.0,7.0,16.0,2.0,0.0,0.0,0.0,0.0,0.0,12.0,12.0,0.0,0.0,0.0,4
396,0.0,0.0,0.0,8.0,13.0,2.0,0.0,0.0,0.0,0.0,9.0,16.0,13.0,3.0,0.0,0.0,0.0,1.0,15.0,14.0,1.0,0.0,0.0,0.0,0.0,2.0,16.0,11.0,4.0,1.0,0.0,0.0,0.0,3.0,16.0,16.0,14.0,15.0,2.0,0.0,0.0,2.0,16.0,13.0,1.0,16.0,9.0,0.0,0.0,0.0,9.0,15.0,9.0,16.0,7.0,0.0,0.0,0.0,0.0,8.0,16.0,13.0,2.0,0.0,6
397,0.0,0.0,0.0,10.0,16.0,7.0,0.0,0.0,0.0,0.0,2.0,15.0,4.0,14.0,2.0,0.0,0.0,0.0,0.0,13.0,8.0,16.0,0.0,0.0,0.0,0.0,0.0,10.0,16.0,14.0,1.0,0.0,0.0,0.0,8.0,16.0,16.0,7.0,0.0,0.0,0.0,1.0,15.0,6.0,8.0,12.0,0.0,0.0,0.0,1.0,13.0,5.0,12.0,9.0,0.0,0.0,0.0,0.0,1.0,11.0,15.0,6.0,0.0,0.0,8
398,0.0,0.0,1.0,16.0,11.0,0.0,0.0,0.0,0.0,0.0,0.0,15.0,16.0,1.0,0.0,0.0,0.0,0.0,0.0,15.0,14.0,0.0,0.0,0.0,0.0,0.0,2.0,16.0,14.0,0.0,0.0,0.0,0.0,0.0,1.0,16.0,15.0,0.0,0.0,0.0,0.0,0.0,0.0,14.0,13.0,0.0,0.0,0.0,0.0,0.0,0.0,13.0,10.0,0.0,0.0,0.0,0.0,0.0,0.0,12.0,11.0,0.0,0.0,0.0,1
399,0.0,0.0,4.0,11.0,15.0,7.0,0.0,0.0,0.0,2.0,15.0,14.0,9.0,15.0,1.0,0.0,0.0,8.0,15.0,1.0,6.0,16.0,5.0,0.0,0.0,6.0,14.0,13.0,15.0,6.0,0.0,0.0,0.0,1.0,16.0,16.0,6.0,0.0,0.0,0.0,0.0,4.0,15.0,11.0,15.0,1.0,0.0,0.0,0.0,1.0,12.0,3.0,7.0,9.0,0.0,0.0,0.0,0.0,4.0,14.0,16.0,6.0,0.0,0.0,8
400,0.0,0.0,0.0,1.0,13.0,1.0,0.0,0.0,0.0,0.0,1.0,14.0,15.0,0.0,0.0,0.0,0.0,0.0,3.0,16.0,6.0,0.0,0.0,0.0,0.0,0.0,6.0,12.0,0.0,0.0,0.0,0.0,0.0,0.0,9.0,14.0,10.0,3.0,0.0,0.0,0.0,0.0,8.0,16.0,16.0,16.0,1.0,0.0,0.0,0.0,8.0,16.0,15.0,16.0,5.0,0.0,0.0,0.0,0.0,2.0,11.0,11.0,1.0,0.0,6
401,0.0,0.0,13.0,9.0,0.0,0.0,0.0,0.0,0.0,8.0,16.0,15.0,0.0,0.0,0.0,0.0,0.0,9.0,9.0,13.0,2.0,0.0,0.0,0.0,0.0,0.0,0.0,11.0,3.0,0.0,0.0,0.0,0.0,0.0,1.0,13.0,0.0,0.0,0.0,0.0,0.0,0.0,4.0,13.0,0.0,0.0,0.0,0.0,0.0,1.0,13.0,15.0,8.0,12.0,11.0,0.0,0.0,0.0,12.0,16.0,16.0,12.0,2.0,0.0,2
402,0.0,0.0,0.0,1.0,8.0,13.0,14.0,2.0,0.0,0.0,2.0,13.0,9.0,4.0,14.0,4.0,0.0,0.0,13.0,9.0,0.0,9.0,14.0,1.0,0.0,4.0,16.0,14.0,14.0,16.0,6.0,0.0,0.0,1.0,11.0,10.0,7.0,14.0,0.0,0.0,0.0,0.0,0.0,0.0,8.0,8.0,0.0,0.0,0.0,0.0,0.0,0.0,11.0,5.0,0.0,0.0,0.0,0.0,0.0,0.0,11.0,3.0,0.0,0.0,9
403,0.0,0.0,0.0,8.0,12.0,9.0,2.0,0.0,0.0,0.0,5.0,16.0,16.0,16.0,4.0,0.0,0.0,0.0,9.0,16.0,16.0,11.0,0.0,0.0,0.0,3.0,16.0,16.0,16.0,5.0,0.0,0.0,0.0,4.0,16.0,16.0,16.0,4.0,0.0,0.0,0.0,1.0,15.0,16.0,16.0,3.0,0.0,0.0,0.0,0.0,8.0,16.0,16.0,9.0,0.0,0.0,0.0,0.0,0.0,9.0,12.0,6.0,0.0,0.0,1
404,0.0,0.0,7.0,15.0,15.0,5.0,0.0,0.0,0.0,6.0,16.0,12.0,16.0,12.0,0.0,0.0,0.0,1.0,7.0,0.0,16.0,10.0,0.0,0.0,0.0,0.0,0.0,10.0,15.0,0.0,0.0,0.0,0.0,0.0,1.0,16.0,7.0,0.0,0.0,0.0,0.0,0.0,10.0,13.0,1.0,5.0,1.0,0.0,0.0,0.0,12.0,12.0,13.0,15.0,3.0,0.0,0.0,0.0,10.0,16.0,13.0,3.0,0.0,0.0,2
406,0.0,0.0,0.0,0.0,7.0,13.0,5.0,0.0,0.0,0.0,0.0,0.0,15.0,16.0,8.0,0.0,0.0,0.0,1.0,13.0,16.0,16.0,3.0,0.0,0.0,0.0,12.0,16.0,16.0,16.0,0.0,0.0,0.0,8.0,16.0,3.0,16.0,13.0,0.0,0.0,0.0,2.0,3.0,0.0,16.0,12.0,0.0,0.0,0.0,0.0,0.0,0.0,16.0,13.0,0.0,0.0,0.0,0.0,0.0,0.0,8.0,12.0,0.0,0.0,1
409,0.0,0.0,4.0,13.0,16.0,16.0,16.0,10.0,0.0,0.0,11.0,15.0,12.0,13.0,16.0,5.0,0.0,0.0,0.0,0.0,0.0,12.0,11.0,0.0,0.0,0.0,1.0,0.0,5.0,15.0,2.0,0.0,0.0,0.0,14.0,13.0,15.0,15.0,6.0,0.0,0.0,0.0,15.0,16.0,15.0,9.0,2.0,0.0,0.0,0.0,1.0,16.0,7.0,0.0,0.0,0.0,0.0,0.0,6.0,14.0,2.0,0.0,0.0,0.0,7
410,0.0,2.0,15.0,16.0,5.0,0.0,0.0,0.0,0.0,0.0,4.0,11.0,9.0,0.0,0.0,0.0,0.0,0.0,0.0,13.0,7.0,2.0,1.0,0.0,0.0,1.0,8.0,16.0,14.0,16.0,10.0,0.0,0.0,10.0,16.0,15.0,7.0,1.0,0.0,0.0,0.0,0.0,14.0,8.0,0.0,0.0,0.0,0.0,0.0,1.0,16.0,3.0,0.0,0.0,0.0,0.0,0.0,2.0,15.0,1.0,0.0,0.0,0.0,0.0,7
411,0.0,0.0,12.0,9.0,9.0,8.0,1.0,0.0,0.0,2.0,15.0,8.0,8.0,8.0,2.0,0.0,0.0,8.0,12.0,8.0,5.0,0.0,0.0,0.0,0.0,8.0,15.0,9.0,14.0,9.0,0.0,0.0,0.0,2.0,1.0,0.0,1.0,14.0,3.0,0.0,0.0,0.0,0.0,0.0,0.0,6.0,11.0,0.0,0.0,1.0,8.0,4.0,5.0,14.0,9.0,0.0,0.0,1.0,11.0,16.0,12.0,7.0,0.0,0.0,5
412,0.0,0.0,0.0,3.0,12.0,16.0,15.0,1.0,0.0,0.0,3.0,16.0,9.0,10.0,16.0,0.0,0.0,0.0,14.0,13.0,7.0,15.0,10.0,0.0,0.0,2.0,16.0,16.0,16.0,16.0,2.0,0.0,0.0,2.0,12.0,9.0,13.0,8.0,0.0,0.0,0.0,0.0,0.0,0.0,15.0,5.0,0.0,0.0,0.0,0.0,0.0,3.0,16.0,1.0,0.0,0.0,0.0,0.0,0.0,3.0,14.0,1.0,0.0,0.0,9
413,0.0,0.0,2.0,13.0,6.0,0.0,0.0,0.0,0.0,0.0,4.0,16.0,15.0,5.0,0.0,0.0,0.0,0.0,1.0,15.0,12.0,15.0,0.0,0.0,0.0,0.0,0.0,10.0,16.0,16.0,1.0,0.0,0.0,0.0,0.0,0.0,2.0,16.0,2.0,0.0,0.0,0.0,0.0,0.0,0.0,15.0,5.0,0.0,0.0,0.0,4.0,4.0,6.0,16.0,3.0,0.0,0.0,0.0,2.0,14.0,16.0,10.0,0.0,0.0,9
414,0.0,0.0,3.0,13.0,13.0,3.0,0.0,0.0,0.0,0.0,12.0,7.0,3.0,13.0,0.0,0.0,0.0,0.0,16.0,0.0,5.0,12.0,0.0,0.0,0.0,0.0,10.0,13.0,14.0,16.0,2.0,0.0,0.0,0.0,1.0,7.0,6.0,13.0,4.0,0.0,0.0,1.0,4.0,0.0,0.0,5.0,11.0,0.0,0.0,2.0,14.0,6.0,2.0,9.0,11.0,0.0,0.0,0.0,4.0,10.0,16.0,16.0,4.0,0.0,9
415,0.0,0.0,1.0,14.0,15.0,4.0,0.0,0.0,0.0,0.0,9.0,16.0,10.0,5.0,0.0,0.0,0.0,1.0,16.0,10.0,0.0,0.0,0.0,0.0,0.0,3.0,16.0,12.0,5.0,0.0,0.0,0.0,0.0,4.0,16.0,16.0,16.0,8.0,0.0,0.0,0.0,1.0,15.0,7.0,4.0,16.0,4.0,0.0,0.0,0.0,11.0,13.0,4.0,16.0,9.0,0.0,0.0,0.0,1.0,12.0,16.0,16.0,9.0,0.0,6
418,0.0,0.0,10.0,10.0,14.0,16.0,14.0,0.0,0.0,0.0,14.0,8.0,4.0,0.0,0.0,0.0,0.0,0.0,16.0,0.0,6.0,11.0,5.0,0.0,0.0,3.0,16.0,14.0,10.0,10.0,9.0,0.0,0.0,3.0,14.0,5.0,0.0,9.0,8.0,0.0,0.0,0.0,0.0,0.0,6.0,13.0,0.0,0.0,0.0,0.0,3.0,9.0,13.0,3.0,0.0,0.0,0.0,0.0,8.0,13.0,1.0,0.0,0.0,0.0,5
419,0.0,0.0,0.0,6.0,14.0,0.0,0.0,0.0,0.0,0.0,4.0,16.0,6.0,0.0,0.0,0.0,0.0,0.0,14.0,10.0,1.0,2.0,0.0,0.0,0.0,6.0,16.0,4.0,12.0,10.0,0.0,0.0,0.0,14.0,11.0,0.0,16.0,8.0,0.0,0.0,4.0,16.0,16.0,16.0,16.0,10.0,0.0,0.0,1.0,11.0,12.0,12.0,16.0,5.0,0.0,0.0,0.0,0.0,0.0,8.0,16.0,4.0,0.0,0.0,4
420,0.0,0.0,6.0,14.0,7.0,6.0,0.0,0.0,0.0,1.0,14.0,6.0,13.0,16.0,1.0,0.0,0.0,5.0,12.0,0.0,9.0,16.0,3.0,0.0,0.0,1.0,15.0,14.0,13.0,11.0,8.0,0.0,0.0,0.0,0.0,0.0,0.0,8.0,8.0,0.0,0.0,0.0,0.0,0.0,0.0,7.0,8.0,0.0,0.0,1.0,14.0,2.0,1.0,12.0,1.0,0.0,0.0,0.0,4.0,13.0,15.0,5.0,0.0,0.0,9
425,0.0,0.0,11.0,16.0,16.0,10.0,0.0,0.0,1.0,14.0,16.0,9.0,11.0,16.0,1.0,0.0,1.0,14.0,3.0,0.0,12.0,14.0,0.0,0.0,0.0,0.0,0.0,6.0,16.0,7.0,0.0,0.0,0.0,0.0,0.0,0.0,8.0,16.0,5.0,0.0,0.0,0.0,0.0,0.0,0.0,12.0,10.0,0.0,0.0,0.0,2.0,4.0,5.0,14.0,13.0,0.0,0.0,0.0,11.0,16.0,16.0,16.0,4.0,0.0,3
426,0.0,0.0,10.0,16.0,16.0,8.0,0.0,0.0,0.0,5.0,16.0,6.0,7.0,14.0,0.0,0.0,0.0,3.0,16.0,3.0,13.0,9.0,0.0,0.0,0.0,0.0,13.0,15.0,9.0,0.0,0.0,0.0,0.0,0.0,10.0,16.0,1.0,0.0,0.0,0.0,0.0,0.0,16.0,15.0,6.0,0.0,0.0,0.0,0.0,1.0,15.0,12.0,11.0,0.0,0.0,0.0,0.0,0.0,5.0,16.0,10.0,0.0,0.0,0.0,8
427,0.0,0.0,3.0,16.0,12.0,2.0,0.0,0.0,0.0,0.0,6.0,16.0,16.0,3.0,0.0,0.0,0.0,0.0,9.0,16.0,16.0,0.0,0.0,0.0,0.0,0.0,9.0,16.0,16.0,1.0,0.0,0.0,0.0,0.0,9.0,16.0,16.0,0.0,0.0,0.0,0.0,0.0,9.0,16.0,13.0,0.0,0.0,0.0,0.0,0.0,7.0,16.0,13.0,0.0,0.0,0.0,0.0,0.0,3.0,14.0,16.0,3.0,0.0,0.0,1
430,0.0,1.0,10.0,16.0,15.0,1.0,0.0,0.0,0.0,3.0,15.0,10.0,16.0,4.0,0.0,0.0,0.0,0.0,1.0,11.0,15.0,0.0,0.0,0.0,0.0,0.0,12.0,16.0,15.0,3.0,0.0,0.0,0.0,0.0,0.0,1.0,11.0,15.0,1.0,0.0,0.0,8.0,3.0,0.0,3.0,16.0,7.0,0.0,0.0,13.0,15.0,6.0,8.0,16.0,6.0,0.0,0.0,0.0,12.0,16.0,16.0,7.0,0.0,0.0,3
432,0.0,0.0,0.0,9.0,9.0,0.0,0.0,0.0,0.0,0.0,3.0,16.0,9.0,0.0,0.0,0.0,0.0,3.0,14.0,10.0,0.0,2.0,0.0,0.0,0.0,10.0,16.0,5.0,7.0,15.0,1.0,0.0,0.0,2.0,11.0,15.0,16.0,13.0,1.0,0.0,0.0,0.0,0.0,7.0,16.0,3.0,0.0,0.0,0.0,0.0,0.0,6.0,15.0,0.0,0.0,0.0,0.0,0.0,0.0,4.0,16.0,5.0,0.0,0.0,4
434,0.0,0.0,1.0,13.0,15.0,8.0,0.0,0.0,0.0,0.0,11.0,14.0,8.0,15.0,0.0,0.0,0.0,2.0,16.0,3.0,0.0,13.0,2.0,0.0,0.0,5.0,15.0,0.0,0.0,10.0,5.0,0.0,0.0,3.0,10.0,0.0,0.0,10.0,5.0,0.0,0.0,3.0,13.0,0.0,1.0,15.0,3.0,0.0,0.0,0.0,12.0,10.0,11.0,11.0,0.0,0.0,0.0,0.0,1.0,12.0,11.0,4.0,0.0,0.0,0
435,0.0,0.0,11.0,16.0,12.0,12.0,16.0,7.0,0.0,3.0,16.0,9.0,8.0,16.0,10.0,0.0,0.0,1.0,10.0,0.0,6.0,14.0,2.0,0.0,0.0,0.0,1.0,8.0,15.0,15.0,11.0,0.0,0.0,0.0,12.0,16.0,15.0,7.0,2.0,0.0,0.0,0.0,4.0,13.0,7.0,0.0,0.0,0.0,0.0,0.0,4.0,16.0,3.0,0.0,0.0,0.0,0.0,0.0,12.0,12.0,0.0,0.0,0.0,0.0,7
437,0.0,0.0,5.0,15.0,5.0,0.0,0.0,0.0,0.0,0.0,12.0,11.0,13.0,8.0,0.0,0.0,0.0,0.0,11.0,9.0,10.0,16.0,0.0,0.0,0.0,0.0,3.0,15.0,16.0,16.0,1.0,0.0,0.0,0.0,0.0,0.0,0.0,14.0,6.0,0.0,0.0,0.0,0.0,0.0,0.0,13.0,8.0,0.0,0.0,0.0,6.0,3.0,0.0,14.0,6.0,0.0,0.0,0.0,2.0,13.0,16.0,15.0,3.0,0.0,9
439,0.0,0.0,0.0,9.0,10.0,0.0,0.0,0.0,0.0,0.0,3.0,16.0,4.0,0.0,0.0,0.0,0.0,0.0,12.0,8.0,2.0,7.0,0.0,0.0,0.0,4.0,16.0,3.0,13.0,13.0,3.0,0.0,0.0,14.0,13.0,8.0,16.0,16.0,10.0,0.0,0.0,14.0,16.0,16.0,16.0,9.0,1.0,0.0,0.0,2.0,4.0,9.0,16.0,1.0,0.0,0.0,0.0,0.0,0.0,9.0,15.0,2.0,0.0,0.0,4
440,0.0,0.0,11.0,16.0,16.0,7.0,0.0,0.0,0.0,2.0,16.0,10.0,11.0,15.0,0.0,0.0,0.0,0.0,15.0,4.0,4.0,16.0,3.0,0.0,0.0,0.0,3.0,3.0,5.0,16.0,1.0,0.0,0.0,0.0,0.0,0.0,9.0,13.0,0.0,0.0,0.0,0.0,0.0,1.0,16.0,7.0,0.0,0.0,0.0,0.0,2.0,12.0,15.0,6.0,4.0,1.0,0.0,0.0,10.0,16.0,16.0,16.0,16.0,10.0,2
441,0.0,1.0,15.0,14.0,2.0,0.0,0.0,0.0,0.0,6.0,14.0,0.0,0.0,3.0,2.0,0.0,0.0,2.0,16.0,3.0,2.0,13.0,3.0,0.0,0.0,0.0,11.0,14.0,15.0,9.0,0.0,0.0,0.0,0.0,7.0,16.0,11.0,0.0,0.0,0.0,0.0,0.0,15.0,13.0,14.0,0.0,0.0,0.0,0.0,2.0,15.0,4.0,16.0,3.0,0.0,0.0,0.0,1.0,15.0,16.0,12.0,1.0,0.0,0.0,8
442,0.0,0.0,2.0,12.0,16.0,6.0,0.0,0.0,0.0,0.0,5.0,16.0,12.0,4.0,0.0,0.0,0.0,0.0,15.0,14.0,0.0,0.0,0.0,0.0,0.0,2.0,16.0,14.0,8.0,8.0,0.0,0.0,0.0,4.0,16.0,16.0,13.0,15.0,8.0,0.0,0.0,4.0,16.0,11.0,1.0,12.0,12.0,0.0,0.0,0.0,11.0,16.0,12.0,14.0,15.0,0.0,0.0,0.0,1.0,8.0,12.0,12.0,6.0,0.0,6
444,0.0,1.0,11.0,15.0,13.0,2.0,0.0,0.0,0.0,8.0,13.0,5.0,14.0,9.0,0.0,0.0,0.0,3.0,15.0,1.0,10.0,12.0,0.0,0.0,0.0,0.0,7.0,15.0,14.0,16.0,3.0,0.0,0.0,0.0,0.0,0.0,0.0,13.0,8.0,0.0,0.0,0.0,0.0,0.0,0.0,12.0,8.0,0.0,0.0,2.0,8.0,4.0,5.0,16.0,7.0,0.0,0.0,1.0,15.0,16.0,15.0,8.0,1.0,0.0,9
445,0.0,0.0,13.0,16.0,13.0,1.0,0.0,0.0,0.0,6.0,16.0,10.0,15.0,5.0,0.0,0.0,0.0,3.0,15.0,0.0,11.0,9.0,0.0,0.0,0.0,0.0,4.0,0.0,12.0,8.0,0.0,0.0,0.0,0.0,0.0,0.0,15.0,8.0,0.0,0.0,0.0,0.0,0.0,8.0,16.0,4.0,0.0,0.0,0.0,0.0,5.0,16.0,16.0,13.0,10.0,1.0,0.0,0.0,13.0,16.0,16.0,16.0,16.0,9.0,2
446,0.0,0.0,7.0,16.0,16.0,5.0,0.0,0.0,0.0,1.0,15.0,11.0,14.0,11.0,0.0,0.0,0.0,0.0,0.0,0.0,12.0,8.0,0.0,0.0,0.0,0.0,3.0,8.0,14.0,12.0,5.0,0.0,0.0,0.0,14.0,16.0,16.0,10.0,5.0,0.0,0.0,0.0,2.0,8.0,14.0,0.0,0.0,0.0,0.0,0.0,1.0,15.0,8.0,0.0,0.0,0.0,0.0,0.0,8.0,14.0,1.0,0.0,0.0,0.0,7
447,0.0,0.0,9.0,12.0,13.0,6.0,0.0,0.0,0.0,0.0,16.0,8.0,8.0,15.0,2.0,0.0,0.0,0.0,16.0,10.0,9.0,16.0,5.0,0.0,0.0,0.0,4.0,12.0,11.0,12.0,5.0,0.0,0.0,0.0,0.0,0.0,0.0,8.0,8.0,0.0,0.0,0.0,0.0,0.0,0.0,9.0,7.0,0.0,0.0,0.0,8.0,4.0,7.0,16.0,2.0,0.0,0.0,0.0,10.0,16.0,16.0,7.0,0.0,0.0,9
449,0.0,0.0,7.0,16.0,9.0,8.0,2.0,0.0,0.0,5.0,16.0,14.0,16.0,16.0,4.0,0.0,0.0,8.0,14.0,0.0,6.0,16.0,4.0,0.0,0.0,1.0,16.0,16.0,15.0,16.0,6.0,0.0,0.0,0.0,0.0,4.0,4.0,13.0,8.0,0.0,0.0,0.0,0.0,0.0,0.0,13.0,8.0,0.0,0.0,0.0,12.0,9.0,11.0,16.0,7.0,0.0,0.0,0.0,7.0,15.0,14.0,7.0,0.0,0.0,9
452,0.0,0.0,0.0,1.0,12.0,16.0,14.0,0.0,0.0,0.0,3.0,14.0,13.0,15.0,13.0,0.0,0.0,4.0,16.0,15.0,13.0,16.0,4.0,0.0,0.0,3.0,16.0,16.0,16.0,16.0,3.0,0.0,0.0,0.0,7.0,7.0,14.0,14.0,0.0,0.0,0.0,0.0,0.0,0.0,12.0,11.0,0.0,0.0,0.0,0.0,0.0,0.0,13.0,10.0,0.0,0.0,0.0,0.0,0.0,0.0,13.0,12.0,0.0,0.0,9
453,0.0,0.0,0.0,10.0,12.0,15.0,16.0,13.0,0.0,0.0,6.0,15.0,6.0,4.0,14.0,9.0,0.0,0.0,10.0,6.0,0.0,3.0,14.0,2.0,0.0,1.0,14.0,1.0,0.0,12.0,6.0,0.0,0.0,0.0,3.0,0.0,5.0,13.0,0.0,0.0,0.0,0.0,0.0,1.0,13.0,3.0,0.0,0.0,0.0,0.0,0.0,6.0,13.0,0.0,0.0,0.0,0.0,0.0,0.0,14.0,6.0,0.0,0.0,0.0,7
455,0.0,0.0,0.0,5.0,11.0,0.0,0.0,0.0,0.0,0.0,0.0,10.0,13.0,0.0,0.0,0.0,0.0,0.0,0.0,16.0,16.0,6.0,0.0,0.0,0.0,0.0,9.0,12.0,16.0,5.0,0.0,0.0,0.0,2.0,16.0,4.0,16.0,7.0,0.0,0.0,0.0,9.0,16.0,14.0,16.0,16.0,3.0,0.0,0.0,3.0,8.0,11.0,16.0,8.0,1.0,0.0,0.0,0.0,0.0,5.0,13.0,0.0,0.0,0.0,4
457,0.0,0.0,6.0,15.0,15.0,3.0,0.0,0.0,0.0,3.0,16.0,14.0,14.0,13.0,0.0,0.0,0.0,6.0,15.0,2.0,1.0,14.0,5.0,0.0,0.0,8.0,14.0,2.0,0.0,9.0,8.0,0.0,0.0,8.0,16.0,4.0,0.0,8.0,8.0,0.0,0.0,5.0,16.0,6.0,0.0,11.0,9.0,0.0,0.0,1.0,16.0,16.0,14.0,16.0,9.0,0.0,0.0,0.0,5.0,14.0,15.0,10.0,1.0,0.0,0
458,0.0,0.0,6.0,16.0,16.0,8.0,0.0,0.0,0.0,2.0,16.0,8.0,9.0,16.0,3.0,0.0,0.0,8.0,16.0,1.0,0.0,9.0,9.0,0.0,0.0,9.0,12.0,0.0,0.0,8.0,12.0,0.0,0.0,10.0,12.0,0.0,0.0,8.0,10.0,0.0,0.0,8.0,13.0,0.0,0.0,9.0,8.0,0.0,0.0,2.0,16.0,8.0,6.0,15.0,3.0,0.0,0.0,0.0,8.0,16.0,15.0,8.0,0.0,0.0,0
461,0.0,0.0,6.0,14.0,16.0,5.0,0.0,0.0,0.0,2.0,16.0,16.0,16.0,7.0,0.0,0.0,0.0,2.0,15.0,16.0,15.0,2.0,0.0,0.0,0.0,0.0,6.0,16.0,15.0,7.0,0.0,0.0,0.0,0.0,14.0,10.0,6.0,16.0,3.0,0.0,0.0,1.0,16.0,3.0,0.0,16.0,7.0,0.0,0.0,0.0,10.0,11.0,11.0,15.0,3.0,0.0,0.0,0.0,3.0,14.0,16.0,6.0,0.0,0.0,8
463,0.0,0.0,0.0,9.0,11.0,0.0,0.0,0.0,0.0,0.0,5.0,15.0,1.0,0.0,0.0,0.0,0.0,2.0,16.0,4.0,0.0,3.0,9.0,0.0,0.0,7.0,14.0,0.0,1.0,14.0,12.0,0.0,0.0,9.0,16.0,12.0,14.0,15.0,1.0,0.0,0.0,0.0,6.0,8.0,15.0,6.0,0.0,0.0,0.0,0.0,0.0,4.0,16.0,1.0,0.0,0.0,0.0,0.0,0.0,9.0,13.0,0.0,0.0,0.0,4
465,0.0,0.0,3.0,11.0,16.0,15.0,2.0,0.0,0.0,4.0,16.0,10.0,4.0,16.0,4.0,0.0,0.0,7.0,6.0,0.0,5.0,16.0,1.0,0.0,0.0,0.0,0.0,0.0,10.0,12.0,0.0,0.0,0.0,0.0,0.0,9.0,16.0,16.0,10.0,0.0,0.0,0.0,0.0,6.0,15.0,6.0,1.0,0.0,0.0,0.0,0.0,13.0,9.0,0.0,0.0,0.0,0.0,0.0,1.0,15.0,2.0,0.0,0.0,0.0,7
467,0.0,4.0,10.0,15.0,16.0,16.0,14.0,0.0,0.0,11.0,16.0,14.0,8.0,5.0,2.0,0.0,0.0,6.0,16.0,8.0,0.0,0.0,0.0,0.0,0.0,0.0,10.0,15.0,1.0,0.0,0.0,0.0,0.0,0.0,2.0,16.0,5.0,0.0,0.0,0.0,0.0,0.0,0.0,13.0,10.0,0.0,0.0,0.0,0.0,5.0,10.0,14.0,10.0,0.0,0.0,0.0,0.0,3.0,16.0,15.0,3.0,0.0,0.0,0.0,5
468,0.0,0.0,10.0,16.0,9.0,0.0,0.0,0.0,0.0,4.0,16.0,16.0,16.0,0.0,0.0,0.0,0.0,2.0,12.0,9.0,15.0,0.0,0.0,0.0,0.0,0.0,0.0,11.0,11.0,0.0,0.0,0.0,0.0,0.0,1.0,16.0,7.0,0.0,0.0,0.0,0.0,0.0,9.0,16.0,2.0,0.0,0.0,0.0,0.0,0.0,15.0,16.0,8.0,5.0,0.0,0.0,0.0,0.0,11.0,16.0,16.0,16.0,2.0,0.0,2
469,0.0,0.0,1.0,15.0,13.0,1.0,0.0,0.0,0.0,0.0,7.0,16.0,14.0,8.0,0.0,0.0,0.0,8.0,12.0,9.0,2.0,13.0,2.0,0.0,0.0,7.0,9.0,1.0,0.0,6.0,6.0,0.0,0.0,5.0,9.0,0.0,0.0,3.0,9.0,0.0,0.0,0.0,15.0,2.0,0.0,8.0,12.0,0.0,0.0,0.0,9.0,15.0,13.0,16.0,6.0,0.0,0.0,0.0,0.0,13.0,14.0,8.0,0.0,0.0,0
470,0.0,0.0,12.0,16.0,14.0,8.0,0.0,0.0,0.0,7.0,16.0,10.0,14.0,16.0,0.0,0.0,0.0,4.0,16.0,11.0,14.0,16.0,4.0,0.0,0.0,0.0,5.0,14.0,16.0,16.0,8.0,0.0,0.0,0.0,0.0,0.0,0.0,16.0,8.0,0.0,0.0,0.0,0.0,0.0,4.0,16.0,6.0,0.0,0.0,2.0,12.0,9.0,16.0,15.0,1.0,0.0,0.0,1.0,9.0,16.0,14.0,3.0,0.0,0.0,9
471,0.0,1.0,7.0,14.0,10.0,0.0,0.0,0.0,0.0,10.0,12.0,5.0,9.0,7.0,0.0,0.0,0.0,10.0,6.0,0.0,6.0,15.0,0.0,0.0,0.0,5.0,11.0,11.0,14.0,15.0,1.0,0.0,0.0,0.0,2.0,7.0,1.0,10.0,5.0,0.0,0.0,0.0,0.0,0.0,0.0,9.0,5.0,0.0,0.0,0.0,5.0,3.0,0.0,13.0,5.0,0.0,0.0,0.0,4.0,14.0,14.0,12.0,2.0,0.0,9
472,0.0,0.0,3.0,16.0,12.0,1.0,0.0,0.0,0.0,0.0,10.0,16.0,16.0,0.0,0.0,0.0,0.0,0.0,12.0,16.0,12.0,0.0,0.0,0.0,0.0,0.0,13.0,16.0,10.0,0.0,0.0,0.0,0.0,0.0,16.0,16.0,1.0,0.0,0.0,0.0,0.0,0.0,16.0,16.0,0.0,0.0,0.0,0.0,0.0,0.0,10.0,16.0,1.0,0.0,0.0,0.0,0.0,0.0,2.0,13.0,9.0,0.0,0.0,0.0,1
473,0.0,0.0,6.0,15.0,4.0,0.0,0.0,0.0,0.0,1.0,14.0,7.0,0.0,0.0,0.0,0.0,0.0,4.0,15.0,1.0,0.0,0.0,0.0,0.0,0.0,5.0,11.0,0.0,2.0,1.0,0.0,0.0,0.0,4.0,13.0,12.0,16.0,13.0,3.0,0.0,0.0,1.0,16.0,2.0,1.0,8.0,10.0,0.0,0.0,0.0,12.0,4.0,0.0,11.0,12.0,0.0,0.0,0.0,4.0,13.0,12.0,14.0,2.0,0.0,6
476,0.0,0.0,5.0,12.0,10.0,4.0,0.0,0.0,0.0,0.0,5.0,16.0,16.0,16.0,3.0,0.0,0.0,0.0,0.0,16.0,16.0,16.0,0.0,0.0,0.0,0.0,3.0,16.0,16.0,13.0,0.0,0.0,0.0,0.0,4.0,16.0,16.0,12.0,0.0,0.0,0.0,0.0,8.0,16.0,16.0,8.0,0.0,0.0,0.0,0.0,10.0,16.0,16.0,7.0,0.0,0.0,0.0,0.0,8.0,12.0,12.0,4.0,0.0,0.0,1
477,0.0,0.0,7.0,13.0,10.0,1.0,0.0,0.0,0.0,1.0,15.0,3.0,9.0,10.0,0.0,0.0,0.0,3.0,16.0,4.0,13.0,11.0,0.0,0.0,0.0,0.0,6.0,12.0,12.0,16.0,0.0,0.0,0.0,0.0,0.0,0.0,0.0,12.0,5.0,0.0,0.0,0.0,0.0,0.0,0.0,5.0,11.0,0.0,0.0,1.0,11.0,2.0,0.0,7.0,11.0,0.0,0.0,0.0,7.0,13.0,16.0,15.0,4.0,0.0,9
478,0.0,0.0,6.0,14.0,16.0,16.0,2.0,0.0,0.0,5.0,16.0,13.0,11.0,16.0,0.0,0.0,0.0,0.0,7.0,2.0,15.0,12.0,0.0,0.0,0.0,0.0,0.0,7.0,16.0,13.0,1.0,0.0,0.0,0.0,0.0,0.0,6.0,15.0,10.0,0.0,0.0,0.0,0.0,0.0,0.0,15.0,9.0,0.0,0.0,0.0,3.0,11.0,8.0,16.0,6.0,0.0,0.0,0.0,7.0,16.0,16.0,8.0,0.0,0.0,3
479,0.0,3.0,16.0,9.0,2.0,0.0,0.0,0.0,0.0,3.0,16.0,13.0,12.0,0.0,0.0,0.0,0.0,0.0,12.0,11.0,14.0,10.0,6.0,0.0,0.0,0.0,2.0,15.0,16.0,10.0,2.0,0.0,0.0,0.0,6.0,14.0,15.0,1.0,0.0,0.0,0.0,3.0,15.0,4.0,9.0,7.0,0.0,0.0,0.0,6.0,13.0,1.0,10.0,9.0,0.0,0.0,0.0,2.0,11.0,12.0,14.0,4.0,0.0,0.0,8
480,0.0,0.0,2.0,9.0,14.0,12.0,0.0,0.0,0.0,0.0,12.0,16.0,10.0,15.0,1.0,0.0,0.0,4.0,14.0,3.0,2.0,6.0,6.0,0.0,0.0,5.0,7.0,0.0,0.0,3.0,8.0,0.0,0.0,4.0,7.0,0.0,0.0,1.0,8.0,0.0,0.0,3.0,12.0,1.0,0.0,5.0,8.0,0.0,0.0,0.0,10.0,12.0,7.0,14.0,3.0,0.0,0.0,0.0,1.0,12.0,16.0,8.0,0.0,0.0,0
482,0.0,0.0,0.0,6.0,14.0,3.0,0.0,0.0,0.0,0.0,2.0,16.0,11.0,0.0,0.0,0.0,0.0,0.0,11.0,15.0,2.0,0.0,0.0,0.0,0.0,1.0,15.0,13.0,2.0,0.0,0.0,0.0,0.0,3.0,16.0,16.0,16.0,7.0,0.0,0.0,0.0,4.0,16.0,14.0,8.0,13.0,7.0,0.0,0.0,0.0,12.0,16.0,5.0,12.0,10.0,0.0,0.0,0.0,0.0,8.0,14.0,13.0,5.0,0.0,6
485,0.0,0.0,11.0,16.0,12.0,2.0,0.0,0.0,0.0,7.0,16.0,6.0,10.0,13.0,0.0,0.0,0.0,0.0,2.0,0.0,3.0,16.0,0.0,0.0,0.0,0.0,0.0,3.0,12.0,9.0,0.0,0.0,0.0,0.0,0.0,10.0,16.0,12.0,0.0,0.0,0.0,0.0,3.0,0.0,3.0,15.0,7.0,0.0,0.0,3.0,16.0,7.0,6.0,14.0,8.0,0.0,0.0,1.0,9.0,15.0,16.0,12.0,1.0,0.0,3
486,0.0,0.0,2.0,14.0,16.0,8.0,0.0,0.0,0.0,0.0,4.0,12.0,16.0,11.0,0.0,0.0,0.0,0.0,0.0,0.0,16.0,12.0,0.0,0.0,0.0,0.0,0.0,3.0,16.0,9.0,0.0,0.0,0.0,2.0,5.0,10.0,16.0,12.0,2.0,0.0,0.0,16.0,16.0,16.0,16.0,14.0,3.0,0.0,0.0,4.0,4.0,14.0,12.0,0.0,0.0,0.0,0.0,0.0,2.0,16.0,7.0,0.0,0.0,0.0,7
487,0.0,0.0,1.0,12.0,8.0,0.0,0.0,0.0,0.0,0.0,11.0,15.0,5.0,0.0,0.0,0.0,0.0,2.0,16.0,5.0,0.0,0.0,0.0,0.0,0.0,5.0,16.0,0.0,0.0,0.0,0.0,0.0,0.0,5.0,12.0,8.0,14.0,14.0,3.0,0.0,0.0,4.0,16.0,16.0,9.0,12.0,8.0,0.0,0.0,0.0,13.0,8.0,0.0,11.0,8.0,0.0,0.0,0.0,1.0,14.0,16.0,11.0,1.0,0.0,6
488,0.0,0.0,10.0,15.0,7.0,0.0,0.0,0.0,0.0,4.0,16.0,13.0,11.0,11.0,0.0,0.0,0.0,10.0,16.0,12.0,15.0,16.0,4.0,0.0,0.0,3.0,12.0,12.0,14.0,16.0,4.0,0.0,0.0,0.0,0.0,0.0,10.0,16.0,4.0,0.0,0.0,0.0,0.0,0.0,9.0,16.0,4.0,0.0,0.0,0.0,4.0,4.0,15.0,15.0,0.0,0.0,0.0,1.0,12.0,15.0,12.0,3.0,0.0,0.0,9
489,0.0,0.0,5.0,14.0,15.0,2.0,0.0,0.0,0.0,0.0,13.0,14.0,9.0,10.0,0.0,0.0,0.0,0.0,15.0,8.0,2.0,15.0,3.0,0.0,0.0,0.0,11.0,12.0,9.0,14.0,2.0,0.0,0.0,0.0,7.0,16.0,14.0,2.0,0.0,0.0,0.0,0.0,13.0,14.0,16.0,4.0,0.0,0.0,0.0,3.0,15.0,8.0,14.0,10.0,0.0,0.0,0.0,0.0,6.0,16.0,16.0,8.0,0.0,0.0,8
490,0.0,0.0,2.0,8.0,8.0,8.0,12.0,2.0,0.0,0.0,12.0,16.0,14.0,14.0,15.0,1.0,0.0,0.0,14.0,9.0,0.0,12.0,6.0,0.0,0.0,0.0,10.0,2.0,8.0,11.0,0.0,0.0,0.0,0.0,0.0,2.0,14.0,3.0,0.0,0.0,0.0,0.0,0.0,9.0,8.0,0.0,0.0,0.0,0.0,0.0,0.0,14.0,4.0,0.0,0.0,0.0,0.0,0.0,3.0,15.0,0.0,0.0,0.0,0.0,7
491,0.0,1.0,8.0,13.0,16.0,13.0,0.0,0.0,0.0,1.0,13.0,12.0,15.0,16.0,0.0,0.0,0.0,0.0,0.0,5.0,15.0,8.0,0.0,0.0,0.0,0.0,5.0,15.0,5.0,0.0,0.0,0.0,0.0,0.0,6.0,16.0,11.0,1.0,0.0,0.0,0.0,0.0,2.0,13.0,16.0,11.0,0.0,0.0,0.0,0.0,0.0,2.0,14.0,16.0,4.0,0.0,0.0,0.0,13.0,16.0,15.0,7.0,0.0,0.0,3
492,0.0,4.0,15.0,11.0,1.0,0.0,0.0,0.0,0.0,8.0,16.0,16.0,4.0,0.0,0.0,0.0,0.0,2.0,6.0,13.0,8.0,0.0,0.0,0.0,0.0,0.0,0.0,8.0,5.0,0.0,0.0,0.0,0.0,0.0,0.0,11.0,4.0,0.0,0.0,0.0,0.0,0.0,5.0,16.0,0.0,0.0,0.0,0.0,0.0,2.0,13.0,16.0,13.0,12.0,6.0,0.0,0.0,5.0,16.0,15.0,16.0,12.0,3.0,0.0,2
494,0.0,0.0,2.0,10.0,11.0,1.0,0.0,0.0,0.0,0.0,5.0,14.0,3.0,12.0,0.0,0.0,0.0,0.0,6.0,13.0,3.0,15.0,0.0,0.0,0.0,0.0,8.0,15.0,15.0,9.0,0.0,0.0,0.0,2.0,16.0,11.0,9.0,0.0,0.0,0.0,0.0,2.0,14.0,2.0,10.0,0.0,0.0,0.0,0.0,0.0,7.0,6.0,13.0,0.0,0.0,0.0,0.0,0.0,1.0,15.0,6.0,0.0,0.0,0.0,8
495,0.0,0.0,0.0,10.0,13.0,3.0,0.0,0.0,0.0,0.0,8.0,16.0,14.0,12.0,0.0,0.0,0.0,3.0,16.0,13.0,0.0,14.0,1.0,0.0,0.0,5.0,16.0,6.0,0.0,14.0,5.0,0.0,0.0,6.0,16.0,0.0,0.0,15.0,4.0,0.0,0.0,2.0,13.0,1.0,5.0,16.0,4.0,0.0,0.0,0.0,10.0,16.0,16.0,14.0,1.0,0.0,0.0,0.0,2.0,11.0,13.0,6.0,0.0,0.0,0
496,0.0,0.0,4.0,10.0,15.0,16.0,4.0,0.0,0.0,0.0,13.0,14.0,9.0,16.0,3.0,0.0,0.0,0.0,2.0,1.0,5.0,15.0,0.0,0.0,0.0,0.0,3.0,4.0,13.0,14.0,2.0,0.0,0.0,5.0,16.0,16.0,16.0,16.0,8.0,0.0,0.0,4.0,9.0,12.0,14.0,1.0,0.0,0.0,0.0,0.0,5.0,15.0,10.0,0.0,0.0,0.0,0.0,0.0,6.0,16.0,4.0,0.0,0.0,0.0,7
497,0.0,1.0,7.0,15.0,16.0,9.0,0.0,0.0,1.0,13.0,14.0,7.0,14.0,14.0,0.0,0.0,0.0,6.0,1.0,8.0,16.0,8.0,0.0,0.0,0.0,0.0,3.0,16.0,9.0,0.0,0.0,0.0,0.0,0.0,0.0,11.0,15.0,6.0,1.0,0.0,0.0,0.0,0.0,0.0,7.0,15.0,11.0,0.0,0.0,0.0,5.0,1.0,0.0,11.0,16.0,2.0,0.0,0.0,10.0,16.0,16.0,16.0,7.0,0.0,3
498,0.0,5.0,16.0,15.0,5.0,0.0,0.0,0.0,0.0,2.0,12.0,15.0,16.0,0.0,0.0,0.0,0.0,0.0,0.0,14.0,14.0,2.0,0.0,0.0,0.0,0.0,2.0,16.0,9.0,0.0,0.0,0.0,0.0,0.0,11.0,16.0,2.0,0.0,0.0,0.0,0.0,4.0,16.0,8.0,0.0,0.0,0.0,0.0,0.0,13.0,16.0,11.0,8.0,8.0,3.0,0.0,0.0,6.0,16.0,16.0,16.0,16.0,7.0,0.0,2
500,0.0,1.0,9.0,12.0,16.0,16.0,4.0,0.0,0.0,1.0,11.0,8.0,7.0,16.0,4.0,0.0,0.0,0.0,0.0,0.0,8.0,13.0,0.0,0.0,0.0,0.0,5.0,11.0,15.0,15.0,9.0,0.0,0.0,0.0,16.0,15.0,13.0,5.0,2.0,0.0,0.0,0.0,2.0,16.0,5.0,0.0,0.0,0.0,0.0,0.0,9.0,14.0,1.0,0.0,0.0,0.0,0.0,0.0,14.0,10.0,0.0,0.0,0.0,0.0,7
501,0.0,0.0,3.0,13.0,13.0,1.0,0.0,0.0,0.0,0.0,10.0,15.0,16.0,7.0,0.0,0.0,0.0,0.0,5.0,3.0,15.0,10.0,0.0,0.0,0.0,0.0,0.0,0.0,16.0,15.0,1.0,0.0,0.0,2.0,7.0,0.0,4.0,16.0,8.0,0.0,0.0,5.0,13.0,0.0,0.0,14.0,9.0,0.0,0.0,0.0,14.0,11.0,9.0,16.0,8.0,0.0,0.0,0.0,3.0,12.0,13.0,8.0,0.0,0.0,3
502,0.0,1.0,12.0,12.0,13.0,8.0,1.0,0.0,0.0,0.0,8.0,9.0,15.0,16.0,2.0,0.0,0.0,0.0,0.0,3.0,16.0,10.0,0.0,0.0,0.0,0.0,0.0,7.0,16.0,6.0,0.0,0.0,0.0,0.0,0.0,5.0,16.0,10.0,0.0,0.0,0.0,0.0,0.0,0.0,7.0,16.0,7.0,0.0,0.0,0.0,3.0,8.0,15.0,13.0,2.0,0.0,0.0,2.0,14.0,16.0,10.0,1.0,0.0,0.0,3
503,0.0,1.0,10.0,12.0,12.0,11.0,0.0,0.0,0.0,7.0,14.0,8.0,8.0,6.0,0.0,0.0,0.0,7.0,11.0,7.0,3.0,0.0,0.0,0.0,0.0,8.0,16.0,13.0,13.0,8.0,0.0,0.0,0.0,1.0,3.0,0.0,1.0,14.0,5.0,0.0,0.0,0.0,0.0,0.0,0.0,4.0,12.0,0.0,0.0,0.0,11.0,3.0,0.0,10.0,12.0,0.0,0.0,0.0,10.0,16.0,16.0,14.0,4.0,0.0,5
505,0.0,0.0,7.0,15.0,14.0,8.0,0.0,0.0,0.0,1.0,15.0,7.0,5.0,14.0,5.0,0.0,0.0,0.0,15.0,8.0,0.0,10.0,7.0,0.0,0.0,3.0,16.0,6.0,0.0,12.0,8.0,0.0,0.0,5.0,16.0,2.0,0.0,12.0,8.0,0.0,0.0,4.0,16.0,3.0,1.0,16.0,4.0,0.0,0.0,5.0,16.0,10.0,14.0,12.0,0.0,0.0,0.0,0.0,8.0,15.0,15.0,2.0,0.0,0.0,0
506,0.0,0.0,0.0,4.0,12.0,16.0,11.0,0.0,0.0,0.0,15.0,12.0,0.0,5.0,9.0,0.0,0.0,4.0,16.0,5.0,6.0,15.0,3.0,0.0,0.0,3.0,15.0,16.0,14.0,1.0,0.0,0.0,0.0,0.0,3.0,10.0,16.0,2.0,0.0,0.0,0.0,0.0,0.0,0.0,14.0,2.0,0.0,0.0,0.0,0.0,0.0,0.0,12.0,0.0,0.0,0.0,0.0,0.0,0.0,4.0,12.0,0.0,0.0,0.0,9
507,0.0,0.0,4.0,15.0,16.0,11.0,0.0,0.0,0.0,0.0,7.0,9.0,9.0,16.0,0.0,0.0,0.0,0.0,0.0,0.0,4.0,13.0,0.0,0.0,0.0,0.0,1.0,9.0,15.0,16.0,10.0,0.0,0.0,0.0,13.0,15.0,16.0,8.0,2.0,0.0,0.0,0.0,3.0,7.0,13.0,0.0,0.0,0.0,0.0,0.0,1.0,13.0,4.0,0.0,0.0,0.0,0.0,0.0,6.0,11.0,0.0,0.0,0.0,0.0,7
509,0.0,0.0,1.0,12.0,16.0,14.0,2.0,0.0,0.0,0.0,13.0,11.0,3.0,16.0,5.0,0.0,0.0,4.0,14.0,0.0,0.0,15.0,6.0,0.0,0.0,6.0,12.0,8.0,13.0,16.0,5.0,0.0,0.0,0.0,9.0,12.0,4.0,10.0,8.0,0.0,0.0,0.0,3.0,0.0,0.0,11.0,5.0,0.0,0.0,0.0,16.0,14.0,5.0,15.0,4.0,0.0,0.0,0.0,3.0,12.0,16.0,11.0,1.0,0.0,9
512,0.0,0.0,3.0,15.0,2.0,0.0,0.0,0.0,0.0,0.0,12.0,12.0,1.0,7.0,0.0,0.0,0.0,2.0,16.0,4.0,9.0,13.0,0.0,0.0,0.0,8.0,11.0,6.0,16.0,1.0,2.0,0.0,0.0,12.0,10.0,12.0,14.0,12.0,11.0,0.0,0.0,11.0,16.0,16.0,14.0,7.0,1.0,0.0,0.0,1.0,7.0,16.0,0.0,0.0,0.0,0.0,0.0,0.0,5.0,16.0,1.0,0.0,0.0,0.0,4
515,0.0,2.0,15.0,16.0,12.0,0.0,0.0,0.0,0.0,8.0,11.0,8.0,16.0,0.0,0.0,0.0,0.0,3.0,1.0,7.0,13.0,0.0,0.0,0.0,0.0,0.0,0.0,10.0,8.0,0.0,0.0,0.0,0.0,0.0,0.0,15.0,5.0,0.0,0.0,0.0,0.0,0.0,7.0,15.0,0.0,0.0,0.0,0.0,0.0,0.0,14.0,11.0,6.0,5.0,2.0,0.0,0.0,1.0,16.0,16.0,16.0,16.0,9.0,0.0,2
516,0.0,0.0,11.0,16.0,10.0,0.0,0.0,0.0,0.0,6.0,15.0,16.0,16.0,6.0,0.0,0.0,0.0,0.0,0.0,2.0,11.0,12.0,0.0,0.0,0.0,0.0,0.0,0.0,9.0,8.0,0.0,0.0,0.0,0.0,0.0,4.0,15.0,2.0,0.0,0.0,0.0,1.0,9.0,15.0,9.0,3.0,0.0,0.0,0.0,0.0,16.0,16.0,16.0,16.0,7.0,0.0,0.0,0.0,10.0,13.0,8.0,4.0,1.0,0.0,2
517,0.0,0.0,6.0,14.0,10.0,2.0,0.0,0.0,0.0,0.0,15.0,15.0,13.0,15.0,3.0,0.0,0.0,2.0,16.0,10.0,0.0,13.0,9.0,0.0,0.0,1.0,16.0,5.0,0.0,12.0,5.0,0.0,0.0,0.0,16.0,3.0,0.0,13.0,6.0,0.0,0.0,1.0,15.0,5.0,6.0,13.0,1.0,0.0,0.0,0.0,16.0,11.0,14.0,10.0,0.0,0.0,0.0,0.0,7.0,16.0,11.0,1.0,0.0,0.0,0
519,0.0,0.0,2.0,12.0,8.0,0.0,0.0,0.0,0.0,0.0,12.0,13.0,5.0,0.0,0.0,0.0,0.0,1.0,16.0,1.0,0.0,0.0,0.0,0.0,0.0,2.0,14.0,0.0,0.0,0.0,0.0,0.0,0.0,2.0,16.0,5.0,10.0,10.0,4.0,0.0,0.0,0.0,16.0,14.0,8.0,6.0,13.0,0.0,0.0,0.0,13.0,9.0,2.0,4.0,14.0,0.0,0.0,0.0,3.0,10.0,16.0,16.0,7.0,0.0,6
523,0.0,0.0,0.0,4.0,15.0,7.0,0.0,0.0,0.0,0.0,3.0,15.0,12.0,0.0,0.0,0.0,0.0,1.0,14.0,12.0,0.0,2.0,11.0,0.0,0.0,10.0,14.0,0.0,0.0,13.0,12.0,0.0,0.0,11.0,15.0,12.0,15.0,16.0,5.0,0.0,0.0,4.0,10.0,8.0,16.0,11.0,0.0,0.0,0.0,0.0,0.0,2.0,16.0,4.0,0.0,0.0,0.0,0.0,0.0,6.0,14.0,0.0,0.0,0.0,4
524,0.0,1.0,13.0,16.0,7.0,0.0,0.0,0.0,0.0,5.0,16.0,12.0,15.0,3.0,0.0,0.0,0.0,0.0,9.0,6.0,15.0,9.0,0.0,0.0,0.0,0.0,0.0,0.0,14.0,10.0,0.0,0.0,0.0,0.0,0.0,0.0,14.0,11.0,0.0,0.0,0.0,0.0,0.0,8.0,16.0,4.0,1.0,0.0,0.0,0.0,9.0,16.0,16.0,6.0,16.0,5.0,0.0,0.0,8.0,12.0,13.0,16.0,16.0,11.0,2
525,0.0,1.0,10.0,13.0,2.0,0.0,0.0,0.0,0.0,10.0,16.0,16.0,12.0,0.0,0.0,0.0,0.0,9.0,9.0,8.0,16.0,0.0,0.0,0.0,0.0,0.0,0.0,6.0,16.0,2.0,0.0,0.0,0.0,0.0,1.0,11.0,15.0,0.0,0.0,0.0,0.0,0.0,4.0,16.0,13.0,2.0,0.0,0.0,0.0,0.0,14.0,16.0,16.0,16.0,13.0,0.0,0.0,0.0,9.0,13.0,11.0,10.0,9.0,0.0,2
526,0.0,0.0,3.0,15.0,6.0,0.0,0.0,0.0,0.0,0.0,9.0,13.0,1.0,6.0,9.0,0.0,0.0,3.0,16.0,3.0,6.0,15.0,5.0,0.0,0.0,7.0,15.0,1.0,14.0,9.0,5.0,0.0,0.0,10.0,13.0,9.0,16.0,15.0,7.0,0.0,0.0,7.0,16.0,16.0,11.0,4.0,0.0,0.0,0.0,0.0,3.0,16.0,5.0,0.0,0.0,0.0,0.0,0.0,4.0,16.0,3.0,0.0,0.0,0.0,4
529,0.0,0.0,2.0,14.0,14.0,6.0,0.0,0.0,0.0,0.0,10.0,15.0,11.0,15.0,2.0,0.0,0.0,3.0,16.0,3.0,0.0,12.0,6.0,0.0,0.0,3.0,9.0,0.0,0.0,9.0,10.0,0.0,0.0,10.0,11.0,0.0,0.0,8.0,12.0,0.0,0.0,7.0,16.0,1.0,0.0,11.0,13.0,0.0,0.0,0.0,15.0,14.0,12.0,15.0,10.0,0.0,0.0,0.0,3.0,14.0,16.0,13.0,5.0,0.0,0
530,0.0,0.0,10.0,16.0,8.0,0.0,0.0,0.0,0.0,7.0,13.0,4.0,14.0,7.0,0.0,0.0,0.0,7.0,13.0,2.0,7.0,8.0,0.0,0.0,0.0,0.0,7.0,16.0,16.0,5.0,0.0,0.0,0.0,1.0,12.0,13.0,15.0,6.0,0.0,0.0,0.0,3.0,16.0,2.0,4.0,13.0,6.0,0.0,0.0,4.0,16.0,4.0,1.0,11.0,12.0,0.0,0.0,0.0,7.0,15.0,16.0,14.0,2.0,0.0,8
533,0.0,0.0,1.0,9.0,15.0,15.0,1.0,0.0,0.0,0.0,13.0,14.0,8.0,12.0,4.0,0.0,0.0,5.0,11.0,1.0,2.0,13.0,1.0,0.0,0.0,1.0,4.0,0.0,11.0,6.0,0.0,0.0,0.0,0.0,0.0,0.0,15.0,14.0,1.0,0.0,0.0,0.0,0.0,0.0,3.0,13.0,6.0,0.0,0.0,0.0,0.0,4.0,10.0,16.0,2.0,0.0,0.0,0.0,0.0,12.0,13.0,4.0,0.0,0.0,3
534,0.0,0.0,0.0,12.0,7.0,0.0,0.0,0.0,0.0,0.0,6.0,15.0,1.0,1.0,0.0,0.0,0.0,1.0,14.0,8.0,10.0,8.0,0.0,0.0,0.0,6.0,15.0,0.0,13.0,12.0,6.0,0.0,0.0,14.0,15.0,12.0,16.0,16.0,9.0,0.0,0.0,10.0,16.0,15.0,16.0,8.0,1.0,0.0,0.0,0.0,0.0,10.0,16.0,1.0,0.0,0.0,0.0,0.0,0.0,12.0,9.0,0.0,0.0,0.0,4
536,0.0,0.0,0.0,1.0,14.0,14.0,3.0,0.0,0.0,0.0,0.0,10.0,11.0,13.0,8.0,0.0,0.0,0.0,0.0,7.0,0.0,13.0,8.0,0.0,0.0,0.0,0.0,0.0,7.0,15.0,1.0,0.0,0.0,4.0,8.0,12.0,15.0,4.0,0.0,0.0,0.0,6.0,16.0,16.0,6.0,0.0,0.0,0.0,0.0,0.0,2.0,12.0,12.0,4.0,2.0,0.0,0.0,0.0,0.0,1.0,13.0,16.0,5.0,0.0,2
537,0.0,2.0,11.0,14.0,10.0,1.0,0.0,0.0,0.0,6.0,12.0,8.0,15.0,10.0,0.0,0.0,0.0,0.0,0.0,0.0,10.0,11.0,0.0,0.0,0.0,0.0,0.0,8.0,14.0,2.0,0.0,0.0,0.0,0.0,0.0,7.0,16.0,15.0,1.0,0.0,0.0,0.0,0.0,0.0,2.0,13.0,8.0,0.0,0.0,2.0,5.0,1.0,2.0,12.0,7.0,0.0,0.0,1.0,12.0,16.0,16.0,10.0,0.0,0.0,3
539,0.0,0.0,4.0,15.0,1.0,0.0,0.0,0.0,0.0,0.0,9.0,10.0,0.0,0.0,0.0,0.0,0.0,1.0,15.0,2.0,0.0,0.0,0.0,0.0,0.0,4.0,12.0,0.0,0.0,0.0,0.0,0.0,0.0,8.0,14.0,9.0,8.0,6.0,1.0,0.0,0.0,7.0,14.0,7.0,5.0,12.0,8.0,0.0,0.0,2.0,16.0,4.0,1.0,12.0,6.0,0.0,0.0,0.0,5.0,14.0,16.0,11.0,0.0,0.0,6
540,0.0,0.0,13.0,16.0,16.0,15.0,2.0,0.0,0.0,0.0,14.0,13.0,11.0,16.0,2.0,0.0,0.0,0.0,11.0,13.0,15.0,6.0,0.0,0.0,0.0,0.0,5.0,16.0,10.0,0.0,0.0,0.0,0.0,0.0,10.0,14.0,15.0,0.0,0.0,0.0,0.0,1.0,14.0,3.0,15.0,7.0,0.0,0.0,0.0,6.0,11.0,0.0,15.0,6.0,0.0,0.0,0.0,1.0,13.0,16.0,15.0,3.0,0.0,0.0,8
542,0.0,0.0,8.0,16.0,13.0,2.0,0.0,0.0,0.0,2.0,16.0,8.0,11.0,14.0,1.0,0.0,0.0,3.0,16.0,1.0,12.0,16.0,5.0,0.0,0.0,0.0,12.0,16.0,16.0,13.0,9.0,0.0,0.0,0.0,0.0,4.0,2.0,9.0,14.0,0.0,0.0,0.0,4.0,5.0,0.0,8.0,13.0,0.0,0.0,1.0,16.0,11.0,1.0,13.0,7.0,0.0,0.0,0.0,8.0,15.0,16.0,15.0,1.0,0.0,9
545,0.0,0.0,1.0,9.0,16.0,16.0,3.0,0.0,0.0,0.0,14.0,11.0,8.0,16.0,8.0,0.0,0.0,0.0,4.0,0.0,0.0,15.0,6.0,0.0,0.0,0.0,0.0,0.0,7.0,16.0,3.0,0.0,0.0,0.0,6.0,12.0,16.0,16.0,9.0,0.0,0.0,1.0,16.0,14.0,16.0,5.0,0.0,0.0,0.0,0.0,2.0,8.0,16.0,0.0,0.0,0.0,0.0,0.0,0.0,12.0,7.0,0.0,0.0,0.0,7
546,0.0,0.0,7.0,12.0,1.0,0.0,0.0,0.0,0.0,0.0,15.0,16.0,15.0,4.0,0.0,0.0,0.0,2.0,16.0,9.0,10.0,11.0,0.0,0.0,0.0,6.0,12.0,0.0,0.0,12.0,3.0,0.0,0.0,8.0,12.0,0.0,0.0,6.0,8.0,0.0,0.0,6.0,13.0,0.0,0.0,9.0,8.0,0.0,0.0,1.0,16.0,13.0,15.0,16.0,3.0,0.0,0.0,0.0,6.0,15.0,9.0,3.0,0.0,0.0,0
548,0.0,0.0,0.0,4.0,14.0,2.0,0.0,0.0,0.0,0.0,1.0,15.0,7.0,0.0,0.0,0.0,0.0,0.0,8.0,14.0,0.0,2.0,8.0,0.0,0.0,1.0,15.0,5.0,0.0,10.0,11.0,0.0,0.0,6.0,14.0,1.0,6.0,16.0,5.0,0.0,0.0,12.0,16.0,16.0,16.0,14.0,2.0,0.0,0.0,3.0,12.0,13.0,16.0,3.0,0.0,0.0,0.0,0.0,0.0,6.0,10.0,0.0,0.0,0.0,4
549,0.0,0.0,0.0,5.0,12.0,0.0,2.0,1.0,0.0,0.0,1.0,14.0,4.0,1.0,14.0,8.0,0.0,0.0,10.0,8.0,0.0,9.0,15.0,1.0,0.0,1.0,15.0,1.0,2.0,15.0,8.0,0.0,0.0,5.0,16.0,6.0,11.0,16.0,2.0,0.0,0.0,5.0,16.0,16.0,16.0,10.0,0.0,0.0,0.0,0.0,1.0,0.0,15.0,2.0,0.0,0.0,0.0,0.0,0.0,5.0,11.0,0.0,0.0,0.0,4
550,0.0,0.0,1.0,13.0,10.0,1.0,0.0,0.0,0.0,0.0,12.0,6.0,7.0,10.0,0.0,0.0,0.0,0.0,10.0,10.0,11.0,15.0,0.0,0.0,0.0,0.0,1.0,14.0,16.0,16.0,5.0,0.0,0.0,0.0,0.0,0.0,0.0,10.0,10.0,0.0,0.0,0.0,0.0,0.0,0.0,5.0,11.0,0.0,0.0,0.0,2.0,4.0,4.0,14.0,11.0,0.0,0.0,0.0,2.0,11.0,15.0,16.0,5.0,0.0,9
552,0.0,0.0,1.0,12.0,6.0,0.0,0.0,0.0,0.0,0.0,12.0,15.0,0.0,0.0,0.0,0.0,0.0,4.0,16.0,10.0,0.0,0.0,0.0,0.0,0.0,7.0,16.0,10.0,1.0,0.0,0.0,0.0,0.0,8.0,16.0,16.0,15.0,7.0,0.0,0.0,0.0,6.0,16.0,9.0,9.0,16.0,3.0,0.0,0.0,0.0,8.0,16.0,13.0,15.0,11.0,0.0,0.0,0.0,1.0,10.0,15.0,14.0,4.0,0.0,6
553,0.0,0.0,5.0,12.0,0.0,0.0,0.0,0.0,0.0,0.0,14.0,10.0,14.0,12.0,0.0,0.0,0.0,2.0,16.0,16.0,8.0,11.0,2.0,0.0,0.0,3.0,16.0,11.0,0.0,9.0,3.0,0.0,0.0,5.0,12.0,2.0,0.0,12.0,4.0,0.0,0.0,1.0,12.0,0.0,0.0,13.0,3.0,0.0,0.0,0.0,13.0,6.0,8.0,13.0,0.0,0.0,0.0,0.0,3.0,14.0,12.0,3.0,0.0,0.0,0
554,0.0,0.0,8.0,15.0,12.0,4.0,0.0,0.0,0.0,5.0,14.0,4.0,11.0,7.0,0.0,0.0,0.0,0.0,0.0,1.0,14.0,3.0,0.0,0.0,0.0,0.0,2.0,15.0,14.0,1.0,0.0,0.0,0.0,0.0,0.0,8.0,13.0,11.0,0.0,0.0,0.0,0.0,0.0,0.0,0.0,13.0,5.0,0.0,0.0,0.0,12.0,2.0,3.0,12.0,7.0,0.0,0.0,0.0,13.0,16.0,15.0,8.0,0.0,0.0,3
555,0.0,0.0,0.0,6.0,14.0,4.0,0.0,0.0,0.0,0.0,4.0,13.0,2.0,12.0,0.0,0.0,0.0,0.0,8.0,6.0,0.0,12.0,0.0,0.0,0.0,0.0,2.0,12.0,6.0,14.0,0.0,0.0,0.0,0.0,1.0,12.0,16.0,9.0,0.0,0.0,0.0,0.0,13.0,11.0,6.0,11.0,0.0,0.0,0.0,0.0,9.0,11.0,2.0,7.0,8.0,0.0,0.0,0.0,0.0,5.0,10.0,15.0,13.0,0.0,8
557,0.0,0.0,5.0,8.0,12.0,16.0,4.0,0.0,0.0,3.0,16.0,11.0,7.0,1.0,0.0,0.0,0.0,3.0,14.0,6.0,4.0,0.0,0.0,0.0,0.0,5.0,16.0,12.0,14.0,6.0,0.0,0.0,0.0,0.0,2.0,0.0,4.0,12.0,0.0,0.0,0.0,0.0,0.0,0.0,4.0,10.0,0.0,0.0,0.0,0.0,6.0,8.0,14.0,7.0,0.0,0.0,0.0,0.0,7.0,13.0,7.0,0.0,0.0,0.0,5
558,0.0,0.0,3.0,13.0,7.0,0.0,0.0,0.0,0.0,3.0,15.0,8.0,14.0,0.0,0.0,0.0,0.0,10.0,8.0,1.0,14.0,0.0,0.0,0.0,0.0,8.0,11.0,5.0,13.0,0.0,0.0,0.0,0.0,0.0,0.0,5.0,12.0,0.0,0.0,0.0,0.0,0.0,0.0,8.0,8.0,0.0,0.0,0.0,0.0,0.0,1.0,12.0,10.0,7.0,5.0,2.0,0.0,0.0,2.0,14.0,14.0,12.0,14.0,7.0,2
562,0.0,0.0,7.0,15.0,16.0,12.0,0.0,0.0,0.0,12.0,16.0,11.0,16.0,13.0,0.0,0.0,0.0,15.0,16.0,16.0,14.0,5.0,0.0,0.0,0.0,8.0,16.0,12.0,0.0,0.0,0.0,0.0,0.0,0.0,2.0,12.0,9.0,0.0,0.0,0.0,0.0,0.0,0.0,9.0,13.0,0.0,0.0,0.0,0.0,0.0,2.0,16.0,8.0,0.0,0.0,0.0,0.0,0.0,10.0,12.0,1.0,0.0,0.0,0.0,9
563,0.0,0.0,10.0,16.0,13.0,5.0,0.0,0.0,0.0,7.0,13.0,5.0,14.0,12.0,0.0,0.0,0.0,9.0,10.0,0.0,13.0,14.0,0.0,0.0,0.0,4.0,15.0,13.0,16.0,15.0,3.0,0.0,0.0,0.0,2.0,6.0,3.0,12.0,8.0,0.0,0.0,0.0,0.0,0.0,0.0,12.0,8.0,0.0,0.0,0.0,12.0,6.0,5.0,15.0,4.0,0.0,0.0,0.0,9.0,13.0,16.0,8.0,0.0,0.0,9
564,0.0,0.0,6.0,10.0,9.0,4.0,0.0,0.0,0.0,0.0,14.0,10.0,16.0,16.0,1.0,0.0,0.0,4.0,15.0,1.0,9.0,16.0,0.0,0.0,0.0,3.0,16.0,16.0,16.0,8.0,0.0,0.0,0.0,0.0,12.0,14.0,16.0,5.0,0.0,0.0,0.0,0.0,12.0,1.0,9.0,12.0,0.0,0.0,0.0,0.0,16.0,6.0,14.0,9.0,0.0,0.0,0.0,0.0,8.0,12.0,6.0,1.0,0.0,0.0,8
565,0.0,0.0,0.0,5.0,14.0,0.0,0.0,0.0,0.0,0.0,1.0,15.0,5.0,0.0,0.0,0.0,0.0,0.0,11.0,9.0,0.0,0.0,3.0,0.0,0.0,4.0,14.0,1.0,0.0,8.0,15.0,0.0,0.0,10.0,14.0,12.0,13.0,16.0,6.0,0.0,0.0,5.0,12.0,9.0,11.0,15.0,0.0,0.0,0.0,0.0,0.0,0.0,11.0,9.0,0.0,0.0,0.0,0.0,0.0,4.0,14.0,1.0,0.0,0.0,4
566,0.0,0.0,6.0,16.0,15.0,5.0,0.0,0.0,0.0,1.0,16.0,14.0,8.0,15.0,1.0,0.0,0.0,9.0,13.0,1.0,0.0,12.0,6.0,0.0,0.0,5.0,9.0,0.0,0.0,9.0,10.0,0.0,0.0,6.0,9.0,0.0,0.0,9.0,11.0,0.0,0.0,7.0,16.0,1.0,0.0,11.0,11.0,0.0,0.0,3.0,16.0,11.0,13.0,16.0,8.0,0.0,0.0,0.0,8.0,16.0,16.0,12.0,1.0,0.0,0
567,0.0,0.0,3.0,13.0,14.0,4.0,0.0,0.0,0.0,0.0,13.0,12.0,14.0,16.0,0.0,0.0,0.0,1.0,16.0,3.0,14.0,16.0,4.0,0.0,0.0,1.0,14.0,9.0,16.0,16.0,6.0,0.0,0.0,0.0,2.0,8.0,4.0,11.0,9.0,0.0,0.0,0.0,2.0,2.0,0.0,12.0,10.0,0.0,0.0,0.0,14.0,14.0,4.0,11.0,9.0,0.0,0.0,0.0,4.0,8.0,11.0,16.0,9.0,0.0,9
568,0.0,0.0,5.0,14.0,11.0,8.0,0.0,0.0,0.0,4.0,15.0,2.0,16.0,16.0,0.0,0.0,0.0,8.0,12.0,0.0,12.0,16.0,0.0,0.0,0.0,2.0,15.0,16.0,16.0,15.0,4.0,0.0,0.0,0.0,0.0,4.0,10.0,16.0,2.0,0.0,0.0,0.0,0.0,0.0,4.0,16.0,2.0,0.0,0.0,3.0,13.0,8.0,14.0,16.0,0.0,0.0,0.0,0.0,7.0,15.0,12.0,5.0,0.0,0.0,9
570,0.0,0.0,0.0,3.0,15.0,16.0,1.0,0.0,0.0,0.0,7.0,15.0,16.0,14.0,0.0,0.0,0.0,4.0,16.0,16.0,15.0,13.0,0.0,0.0,0.0,0.0,8.0,2.0,15.0,13.0,0.0,0.0,0.0,0.0,0.0,0.0,16.0,15.0,0.0,0.0,0.0,0.0,0.0,0.0,16.0,12.0,0.0,0.0,0.0,0.0,0.0,1.0,16.0,16.0,2.0,0.0,0.0,0.0,0.0,3.0,15.0,13.0,1.0,0.0,1
572,0.0,0.0,3.0,11.0,16.0,15.0,1.0,0.0,0.0,1.0,16.0,14.0,10.0,16.0,2.0,0.0,0.0,5.0,12.0,0.0,8.0,12.0,0.0,0.0,0.0,0.0,1.0,1.0,13.0,9.0,0.0,0.0,0.0,0.0,11.0,16.0,16.0,13.0,2.0,0.0,0.0,0.0,11.0,14.0,15.0,12.0,5.0,0.0,0.0,0.0,0.0,15.0,9.0,0.0,0.0,0.0,0.0,0.0,0.0,15.0,5.0,0.0,0.0,0.0,7
573,0.0,0.0,0.0,3.0,16.0,2.0,0.0,0.0,0.0,0.0,0.0,10.0,13.0,3.0,8.0,0.0,0.0,0.0,1.0,16.0,5.0,9.0,16.0,0.0,0.0,2.0,12.0,14.0,5.0,15.0,9.0,0.0,0.0,12.0,16.0,16.0,16.0,16.0,7.0,0.0,0.0,5.0,5.0,6.0,14.0,16.0,0.0,0.0,0.0,0.0,0.0,1.0,13.0,12.0,0.0,0.0,0.0,0.0,0.0,3.0,16.0,4.0,0.0,0.0,4
574,0.0,0.0,1.0,10.0,11.0,2.0,0.0,0.0,0.0,0.0,12.0,12.0,8.0,15.0,4.0,0.0,0.0,6.0,11.0,0.0,1.0,12.0,7.0,0.0,0.0,4.0,16.0,7.0,15.0,12.0,0.0,0.0,0.0,0.0,5.0,15.0,15.0,3.0,0.0,0.0,0.0,0.0,0.0,14.0,7.0,14.0,0.0,0.0,0.0,0.0,4.0,12.0,7.0,10.0,0.0,0.0,0.0,0.0,1.0,16.0,16.0,3.0,0.0,0.0,8
576,0.0,0.0,10.0,15.0,15.0,11.0,4.0,0.0,0.0,1.0,10.0,5.0,7.0,16.0,10.0,0.0,0.0,0.0,0.0,1.0,14.0,14.0,0.0,0.0,0.0,0.0,0.0,11.0,13.0,0.0,0.0,0.0,0.0,0.0,0.0,5.0,16.0,5.0,0.0,0.0,0.0,0.0,0.0,1.0,10.0,14.0,0.0,0.0,0.0,0.0,0.0,2.0,7.0,15.0,3.0,0.0,0.0,0.0,6.0,11.0,16.0,8.0,0.0,0.0,3
577,0.0,0.0,1.0,13.0,2.0,0.0,0.0,0.0,0.0,0.0,9.0,14.0,2.0,0.0,0.0,0.0,0.0,3.0,16.0,7.0,0.0,0.0,0.0,0.0,0.0,3.0,16.0,7.0,0.0,0.0,0.0,0.0,0.0,5.0,16.0,16.0,8.0,1.0,0.0,0.0,0.0,3.0,15.0,11.0,14.0,13.0,2.0,0.0,0.0,0.0,10.0,16.0,10.0,16.0,15.0,0.0,0.0,0.0,1.0,10.0,14.0,12.0,7.0,0.0,6
579,0.0,0.0,0.0,3.0,12.0,10.0,0.0,0.0,0.0,0.0,1.0,14.0,6.0,15.0,0.0,0.0,0.0,0.0,0.0,16.0,6.0,10.0,0.0,0.0,0.0,0.0,0.0,14.0,16.0,2.0,0.0,0.0,0.0,0.0,3.0,14.0,15.0,3.0,0.0,0.0,0.0,1.0,16.0,4.0,9.0,9.0,0.0,0.0,0.0,0.0,4.0,13.0,4.0,7.0,8.0,0.0,0.0,0.0,0.0,3.0,10.0,11.0,15.0,2.0,8
580,0.0,0.0,1.0,13.0,12.0,5.0,0.0,0.0,0.0,0.0,11.0,16.0,4.0,13.0,2.0,0.0,0.0,2.0,16.0,4.0,0.0,8.0,5.0,0.0,0.0,7.0,12.0,0.0,0.0,8.0,8.0,0.0,0.0,6.0,12.0,0.0,0.0,5.0,8.0,0.0,0.0,3.0,16.0,0.0,0.0,8.0,7.0,0.0,0.0,1.0,15.0,8.0,6.0,15.0,3.0,0.0,0.0,0.0,2.0,13.0,15.0,6.0,0.0,0.0,0
581,0.0,0.0,4.0,13.0,14.0,8.0,0.0,0.0,0.0,3.0,14.0,3.0,1.0,16.0,3.0,0.0,0.0,7.0,9.0,0.0,0.0,14.0,6.0,0.0,0.0,8.0,4.0,0.0,0.0,16.0,4.0,0.0,0.0,8.0,6.0,0.0,0.0,16.0,0.0,0.0,0.0,3.0,11.0,0.0,1.0,14.0,0.0,0.0,0.0,0.0,12.0,4.0,6.0,11.0,0.0,0.0,0.0,0.0,5.0,16.0,14.0,1.0,0.0,0.0,0
582,0.0,0.0,5.0,15.0,16.0,15.0,1.0,0.0,0.0,10.0,16.0,11.0,8.0,16.0,5.0,0.0,0.0,12.0,10.0,1.0,10.0,15.0,1.0,0.0,0.0,0.0,0.0,8.0,16.0,11.0,1.0,0.0,0.0,0.0,0.0,1.0,10.0,16.0,10.0,0.0,0.0,0.0,0.0,2.0,0.0,7.0,16.0,0.0,0.0,0.0,8.0,13.0,5.0,15.0,12.0,0.0,0.0,0.0,5.0,15.0,16.0,14.0,3.0,0.0,3
583,0.0,0.0,0.0,7.0,15.0,0.0,0.0,0.0,0.0,0.0,6.0,15.0,8.0,0.0,0.0,0.0,0.0,0.0,13.0,9.0,0.0,0.0,0.0,0.0,0.0,2.0,16.0,5.0,4.0,1.0,0.0,0.0,0.0,5.0,16.0,16.0,16.0,12.0,3.0,0.0,0.0,1.0,15.0,4.0,1.0,8.0,12.0,0.0,0.0,0.0,8.0,14.0,5.0,5.0,15.0,0.0,0.0,0.0,0.0,6.0,16.0,16.0,11.0,0.0,6
584,0.0,0.0,2.0,10.0,14.0,9.0,0.0,0.0,0.0,2.0,14.0,11.0,12.0,16.0,0.0,0.0,0.0,4.0,16.0,1.0,0.0,15.0,0.0,0.0,0.0,2.0,13.0,12.0,7.0,13.0,0.0,0.0,0.0,0.0,1.0,8.0,16.0,12.0,0.0,0.0,0.0,0.0,0.0,4.0,14.0,15.0,4.0,0.0,0.0,0.0,0.0,13.0,7.0,14.0,4.0,0.0,0.0,0.0,0.0,14.0,15.0,10.0,0.0,0.0,8
585,0.0,0.0,6.0,10.0,8.0,3.0,0.0,0.0,0.0,0.0,6.0,16.0,16.0,9.0,0.0,0.0,0.0,0.0,9.0,16.0,16.0,6.0,0.0,0.0,0.0,0.0,7.0,16.0,16.0,10.0,0.0,0.0,0.0,0.0,11.0,16.0,16.0,8.0,0.0,0.0,0.0,0.0,7.0,16.0,16.0,9.0,0.0,0.0,0.0,0.0,10.0,16.0,16.0,6.0,0.0,0.0,0.0,0.0,4.0,9.0,12.0,11.0,2.0,0.0,1
586,0.0,0.0,1.0,8.0,14.0,15.0,5.0,0.0,0.0,1.0,14.0,8.0,1.0,14.0,8.0,0.0,0.0,7.0,12.0,0.0,7.0,16.0,8.0,0.0,0.0,4.0,14.0,12.0,12.0,9.0,8.0,0.0,0.0,0.0,1.0,3.0,0.0,9.0,8.0,0.0,0.0,0.0,0.0,0.0,0.0,13.0,6.0,0.0,0.0,0.0,12.0,10.0,4.0,16.0,0.0,0.0,0.0,0.0,2.0,8.0,16.0,7.0,0.0,0.0,9
589,0.0,0.0,1.0,10.0,14.0,0.0,0.0,0.0,0.0,0.0,8.0,14.0,11.0,3.0,0.0,0.0,0.0,0.0,16.0,2.0,2.0,0.0,0.0,0.0,0.0,3.0,13.0,0.0,0.0,0.0,0.0,0.0,0.0,4.0,13.0,0.0,6.0,10.0,3.0,0.0,0.0,3.0,15.0,13.0,12.0,10.0,12.0,0.0,0.0,0.0,10.0,16.0,4.0,5.0,14.0,0.0,0.0,0.0,0.0,9.0,15.0,14.0,9.0,0.0,6
590,0.0,0.0,13.0,14.0,12.0,15.0,4.0,0.0,0.0,0.0,16.0,5.0,5.0,16.0,5.0,0.0,0.0,0.0,13.0,7.0,15.0,4.0,0.0,0.0,0.0,0.0,11.0,16.0,2.0,0.0,0.0,0.0,0.0,2.0,13.0,10.0,6.0,0.0,0.0,0.0,0.0,8.0,5.0,1.0,15.0,0.0,0.0,0.0,0.0,5.0,8.0,1.0,16.0,0.0,0.0,0.0,0.0,1.0,10.0,16.0,8.0,0.0,0.0,0.0,8
591,0.0,0.0,4.0,15.0,11.0,1.0,0.0,0.0,0.0,2.0,14.0,14.0,16.0,8.0,0.0,0.0,0.0,8.0,15.0,2.0,3.0,13.0,0.0,0.0,0.0,4.0,16.0,0.0,0.0,12.0,7.0,0.0,0.0,7.0,16.0,0.0,0.0,12.0,8.0,0.0,0.0,3.0,16.0,6.0,1.0,14.0,9.0,0.0,0.0,0.0,15.0,16.0,16.0,16.0,2.0,0.0,0.0,0.0,4.0,13.0,14.0,6.0,0.0,0.0,0
593,0.0,1.0,12.0,16.0,16.0,9.0,0.0,0.0,0.0,2.0,14.0,5.0,9.0,14.0,0.0,0.0,0.0,0.0,0.0,1.0,12.0,11.0,0.0,0.0,0.0,0.0,0.0,12.0,16.0,6.0,0.0,0.0,0.0,0.0,0.0,2.0,8.0,15.0,5.0,0.0,0.0,0.0,2.0,0.0,0.0,11.0,9.0,0.0,0.0,4.0,14.0,4.0,4.0,14.0,6.0,0.0,0.0,0.0,15.0,16.0,16.0,11.0,1.0,0.0,3
594,0.0,0.0,0.0,16.0,11.0,0.0,0.0,0.0,0.0,0.0,6.0,16.0,10.0,0.0,0.0,0.0,0.0,0.0,11.0,11.0,0.0,0.0,0.0,0.0,0.0,0.0,12.0,15.0,11.0,5.0,0.0,0.0,0.0,0.0,14.0,15.0,12.0,15.0,11.0,0.0,0.0,0.0,12.0,13.0,0.0,0.0,16.0,5.0,0.0,0.0,6.0,15.0,4.0,11.0,16.0,4.0,0.0,0.0,0.0,13.0,16.0,14.0,9.0,0.0,6
595,0.0,0.0,2.0,16.0,14.0,2.0,0.0,0.0,0.0,1.0,12.0,16.0,16.0,10.0,0.0,0.0,0.0,4.0,16.0,12.0,12.0,12.0,0.0,0.0,0.0,1.0,15.0,11.0,16.0,6.0,0.0,0.0,0.0,0.0,6.0,16.0,13.0,0.0,0.0,0.0,0.0,0.0,9.0,14.0,14.0,8.0,0.0,0.0,0.0,0.0,10.0,12.0,6.0,15.0,0.0,0.0,0.0,0.0,2.0,13.0,16.0,12.0,0.0,0.0,8
597,0.0,1.0,13.0,16.0,16.0,16.0,12.0,1.0,0.0,6.0,16.0,14.0,12.0,11.0,5.0,0.0,0.0,2.0,15.0,15.0,5.0,0.0,0.0,0.0,0.0,0.0,8.0,14.0,15.0,1.0,0.0,0.0,0.0,0.0,0.0,3.0,16.0,6.0,0.0,0.0,0.0,0.0,0.0,3.0,16.0,5.0,0.0,0.0,0.0,0.0,7.0,10.0,16.0,4.0,0.0,0.0,0.0,0.0,15.0,16.0,10.0,0.0,0.0,0.0,5
598,0.0,0.0,3.0,13.0,15.0,5.0,0.0,0.0,0.0,1.0,15.0,13.0,10.0,15.0,0.0,0.0,0.0,2.0,16.0,3.0,2.0,9.0,0.0,0.0,0.0,0.0,12.0,13.0,14.0,7.0,0.0,0.0,0.0,0.0,10.0,16.0,9.0,0.0,0.0,0.0,0.0,1.0,16.0,4.0,9.0,11.0,1.0,0.0,0.0,0.0,15.0,3.0,0.0,8.0,8.0,0.0,0.0,0.0,3.0,12.0,15.0,12.0,7.0,0.0,8
599,0.0,0.0,5.0,15.0,13.0,3.0,0.0,0.0,0.0,0.0,12.0,15.0,12.0,14.0,0.0,0.0,0.0,0.0,12.0,12.0,14.0,14.0,0.0,0.0,0.0,0.0,3.0,16.0,14.0,3.0,0.0,0.0,0.0,0.0,9.0,14.0,15.0,3.0,0.0,0.0,0.0,1.0,15.0,5.0,8.0,12.0,1.0,0.0,0.0,0.0,16.0,4.0,4.0,16.0,4.0,0.0,0.0,0.0,5.0,16.0,16.0,12.0,2.0,0.0,8
601,0.0,0.0,4.0,12.0,16.0,10.0,0.0,0.0,0.0,0.0,15.0,12.0,12.0,11.0,0.0,0.0,0.0,0.0,1.0,0.0,9.0,7.0,0.0,0.0,0.0,0.0,4.0,7.0,15.0,13.0,7.0,0.0,0.0,6.0,16.0,16.0,15.0,10.0,3.0,0.0,0.0,1.0,4.0,12.0,7.0,0.0,0.0,0.0,0.0,0.0,2.0,16.0,2.0,0.0,0.0,0.0,0.0,0.0,6.0,12.0,0.0,0.0,0.0,0.0,7
602,0.0,0.0,0.0,2.0,14.0,5.0,0.0,0.0,0.0,0.0,1.0,11.0,11.0,0.0,0.0,0.0,0.0,0.0,7.0,14.0,1.0,0.0,0.0,0.0,0.0,5.0,16.0,3.0,4.0,6.0,2.0,0.0,0.0,14.0,16.0,14.0,16.0,16.0,10.0,0.0,0.0,9.0,12.0,7.0,8.0,16.0,4.0,0.0,0.0,0.0,0.0,0.0,13.0,12.0,0.0,0.0,0.0,0.0,0.0,3.0,15.0,6.0,0.0,0.0,4
603,0.0,1.0,8.0,16.0,16.0,3.0,0.0,0.0,0.0,6.0,16.0,12.0,16.0,4.0,0.0,0.0,0.0,1.0,7.0,0.0,16.0,4.0,0.0,0.0,0.0,0.0,0.0,7.0,15.0,0.0,0.0,0.0,0.0,0.0,0.0,14.0,9.0,0.0,0.0,0.0,0.0,0.0,10.0,14.0,1.0,4.0,5.0,0.0,0.0,0.0,13.0,12.0,11.0,15.0,3.0,0.0,0.0,0.0,12.0,16.0,12.0,3.0,0.0,0.0,2
604,0.0,0.0,4.0,16.0,15.0,4.0,0.0,0.0,0.0,0.0,8.0,16.0,16.0,4.0,0.0,0.0,0.0,0.0,12.0,16.0,13.0,0.0,0.0,0.0,0.0,2.0,16.0,16.0,10.0,0.0,0.0,0.0,0.0,3.0,16.0,16.0,8.0,0.0,0.0,0.0,0.0,2.0,16.0,16.0,12.0,0.0,0.0,0.0,0.0,0.0,9.0,16.0,16.0,4.0,0.0,0.0,0.0,0.0,3.0,12.0,14.0,11.0,0.0,0.0,1
605,0.0,1.0,3.0,15.0,15.0,2.0,0.0,0.0,2.0,16.0,16.0,12.0,16.0,6.0,0.0,0.0,1.0,15.0,7.0,6.0,14.0,0.0,0.0,0.0,0.0,5.0,14.0,14.0,10.0,0.0,0.0,0.0,0.0,0.0,7.0,16.0,7.0,0.0,0.0,0.0,0.0,0.0,6.0,15.0,13.0,8.0,0.0,0.0,0.0,0.0,8.0,12.0,7.0,16.0,0.0,0.0,0.0,0.0,4.0,15.0,16.0,14.0,0.0,0.0,8
606,0.0,0.0,0.0,6.0,13.0,16.0,16.0,9.0,0.0,0.0,6.0,16.0,14.0,11.0,16.0,10.0,0.0,0.0,2.0,3.0,0.0,4.0,15.0,4.0,0.0,0.0,2.0,9.0,12.0,16.0,13.0,0.0,0.0,2.0,15.0,16.0,16.0,16.0,3.0,0.0,0.0,4.0,9.0,3.0,10.0,10.0,0.0,0.0,0.0,0.0,0.0,1.0,16.0,2.0,0.0,0.0,0.0,0.0,0.0,7.0,9.0,0.0,0.0,0.0,7
607,0.0,0.0,5.0,14.0,15.0,4.0,0.0,0.0,0.0,0.0,8.0,16.0,16.0,14.0,0.0,0.0,0.0,0.0,5.0,16.0,16.0,9.0,0.0,0.0,0.0,0.0,0.0,15.0,16.0,1.0,0.0,0.0,0.0,0.0,1.0,16.0,13.0,0.0,0.0,0.0,0.0,0.0,11.0,15.0,14.0,5.0,0.0,0.0,0.0,0.0,12.0,12.0,8.0,15.0,1.0,0.0,0.0,0.0,5.0,16.0,16.0,16.0,2.0,0.0,8
610,0.0,0.0,10.0,16.0,16.0,10.0,0.0,0.0,0.0,4.0,16.0,6.0,1.0,16.0,2.0,0.0,0.0,0.0,10.0,0.0,1.0,16.0,3.0,0.0,0.0,0.0,0.0,0.0,5.0,15.0,0.0,0.0,0.0,0.0,0.0,0.0,11.0,11.0,0.0,0.0,0.0,0.0,0.0,2.0,15.0,4.0,0.0,0.0,0.0,0.0,2.0,13.0,16.0,12.0,8.0,0.0,0.0,0.0,13.0,15.0,11.0,8.0,14.0,7.0,2
611,0.0,3.0,16.0,13.0,15.0,16.0,11.0,0.0,0.0,5.0,16.0,14.0,12.0,8.0,10.0,0.0,0.0,2.0,16.0,12.0,0.0,0.0,0.0,0.0,0.0,0.0,7.0,16.0,12.0,0.0,0.0,0.0,0.0,0.0,0.0,7.0,16.0,8.0,0.0,0.0,0.0,0.0,0.0,0.0,13.0,11.0,0.0,0.0,0.0,3.0,6.0,8.0,16.0,7.0,0.0,0.0,0.0,2.0,15.0,15.0,9.0,0.0,0.0,0.0,5
612,0.0,0.0,4.0,15.0,14.0,4.0,0.0,0.0,0.0,1.0,14.0,8.0,10.0,13.0,1.0,0.0,0.0,5.0,13.0,0.0,0.0,16.0,3.0,0.0,0.0,6.0,12.0,0.0,0.0,13.0,3.0,0.0,0.0,7.0,12.0,0.0,0.0,14.0,3.0,0.0,0.0,1.0,16.0,0.0,0.0,14.0,3.0,0.0,0.0,0.0,10.0,11.0,12.0,14.0,0.0,0.0,0.0,0.0,1.0,11.0,12.0,3.0,0.0,0.0,0
613,0.0,0.0,5.0,14.0,14.0,2.0,0.0,0.0,0.0,2.0,16.0,16.0,16.0,7.0,0.0,0.0,0.0,0.0,7.0,4.0,16.0,12.0,0.0,0.0,0.0,0.0,1.0,9.0,16.0,16.0,8.0,0.0,0.0,3.0,15.0,16.0,16.0,10.0,2.0,0.0,0.0,4.0,16.0,16.0,11.0,0.0,0.0,0.0,0.0,0.0,9.0,16.0,5.0,0.0,0.0,0.0,0.0,0.0,9.0,13.0,0.0,0.0,0.0,0.0,7
616,0.0,0.0,1.0,10.0,15.0,10.0,0.0,0.0,0.0,1.0,13.0,11.0,8.0,12.0,0.0,0.0,0.0,2.0,9.0,0.0,13.0,6.0,0.0,0.0,0.0,0.0,0.0,0.0,16.0,1.0,0.0,0.0,0.0,0.0,0.0,0.0,14.0,10.0,1.0,0.0,0.0,0.0,0.0,0.0,1.0,9.0,10.0,0.0,0.0,0.0,13.0,7.0,0.0,2.0,16.0,0.0,0.0,0.0,2.0,11.0,15.0,16.0,12.0,0.0,3
618,0.0,0.0,2.0,12.0,12.0,2.0,0.0,0.0,0.0,0.0,10.0,16.0,16.0,9.0,0.0,0.0,0.0,3.0,16.0,16.0,8.0,15.0,3.0,0.0,0.0,6.0,16.0,6.0,0.0,13.0,8.0,0.0,0.0,8.0,16.0,4.0,0.0,15.0,8.0,0.0,0.0,5.0,16.0,8.0,12.0,16.0,6.0,0.0,0.0,0.0,15.0,16.0,16.0,15.0,2.0,0.0,0.0,0.0,3.0,13.0,12.0,3.0,0.0,0.0,0
620,0.0,0.0,0.0,8.0,15.0,4.0,0.0,0.0,0.0,0.0,3.0,16.0,10.0,11.0,0.0,0.0,0.0,0.0,6.0,12.0,11.0,13.0,0.0,0.0,0.0,0.0,10.0,16.0,16.0,9.0,0.0,0.0,0.0,1.0,16.0,12.0,11.0,5.0,0.0,0.0,0.0,2.0,13.0,0.0,2.0,9.0,0.0,0.0,0.0,0.0,8.0,6.0,2.0,12.0,0.0,0.0,0.0,0.0,1.0,9.0,14.0,9.0,0.0,0.0,8
625,0.0,0.0,0.0,9.0,15.0,1.0,0.0,0.0,0.0,0.0,4.0,16.0,12.0,0.0,0.0,0.0,0.0,0.0,15.0,14.0,2.0,11.0,3.0,0.0,0.0,4.0,16.0,9.0,4.0,16.0,10.0,0.0,0.0,9.0,16.0,11.0,13.0,16.0,2.0,0.0,0.0,0.0,9.0,16.0,16.0,14.0,0.0,0.0,0.0,0.0,0.0,8.0,16.0,6.0,0.0,0.0,0.0,0.0,0.0,9.0,16.0,2.0,0.0,0.0,4
626,0.0,1.0,12.0,14.0,10.0,0.0,0.0,0.0,0.0,5.0,16.0,16.0,16.0,4.0,0.0,0.0,0.0,0.0,0.0,4.0,16.0,4.0,0.0,0.0,0.0,0.0,0.0,7.0,15.0,1.0,0.0,0.0,0.0,0.0,2.0,15.0,9.0,0.0,0.0,0.0,0.0,0.0,9.0,15.0,2.0,0.0,0.0,0.0,0.0,0.0,16.0,14.0,8.0,8.0,3.0,0.0,0.0,0.0,10.0,15.0,13.0,9.0,4.0,0.0,2
627,0.0,0.0,0.0,13.0,6.0,0.0,0.0,0.0,0.0,0.0,5.0,16.0,8.0,0.0,0.0,0.0,0.0,0.0,11.0,8.0,0.0,0.0,0.0,0.0,0.0,0.0,13.0,4.0,0.0,0.0,0.0,0.0,0.0,0.0,14.0,15.0,16.0,14.0,5.0,0.0,0.0,0.0,13.0,7.0,0.0,0.0,13.0,1.0,0.0,0.0,10.0,6.0,0.0,5.0,14.0,0.0,0.0,0.0,2.0,13.0,12.0,15.0,4.0,0.0,6
628,0.0,0.0,7.0,16.0,16.0,15.0,8.0,0.0,0.0,0.0,12.0,15.0,15.0,16.0,11.0,0.0,0.0,0.0,0.0,3.0,14.0,15.0,2.0,0.0,0.0,0.0,1.0,14.0,12.0,1.0,0.0,0.0,0.0,0.0,1.0,16.0,15.0,5.0,0.0,0.0,0.0,0.0,0.0,3.0,12.0,15.0,0.0,0.0,0.0,0.0,0.0,4.0,12.0,14.0,1.0,0.0,0.0,0.0,10.0,15.0,10.0,4.0,0.0,0.0,3
629,0.0,8.0,16.0,12.0,15.0,16.0,7.0,0.0,0.0,13.0,16.0,14.0,6.0,4.0,1.0,0.0,0.0,12.0,10.0,0.0,0.0,0.0,0.0,0.0,0.0,3.0,16.0,10.0,0.0,0.0,0.0,0.0,0.0,0.0,6.0,15.0,9.0,0.0,0.0,0.0,0.0,0.0,0.0,4.0,16.0,2.0,0.0,0.0,0.0,1.0,4.0,6.0,16.0,5.0,0.0,0.0,0.0,7.0,16.0,16.0,10.0,0.0,0.0,0.0,5
631,0.0,0.0,0.0,9.0,11.0,0.0,0.0,0.0,0.0,0.0,5.0,14.0,3.0,2.0,0.0,0.0,0.0,0.0,15.0,2.0,1.0,14.0,3.0,0.0,0.0,5.0,13.0,0.0,13.0,8.0,1.0,0.0,0.0,8.0,13.0,3.0,16.0,14.0,6.0,0.0,0.0,6.0,15.0,16.0,13.0,3.0,0.0,0.0,0.0,0.0,0.0,9.0,11.0,0.0,0.0,0.0,0.0,0.0,0.0,11.0,7.0,0.0,0.0,0.0,4
632,0.0,0.0,1.0,14.0,13.0,4.0,0.0,0.0,0.0,3.0,15.0,12.0,11.0,15.0,0.0,0.0,0.0,8.0,11.0,1.0,7.0,13.0,0.0,0.0,0.0,1.0,13.0,14.0,16.0,1.0,0.0,0.0,0.0,0.0,0.0,14.0,13.0,14.0,2.0,0.0,0.0,0.0,2.0,12.0,0.0,9.0,8.0,0.0,0.0,0.0,3.0,13.0,4.0,12.0,6.0,0.0,0.0,0.0,0.0,9.0,14.0,13.0,1.0,0.0,8
633,0.0,0.0,0.0,2.0,13.0,0.0,0.0,0.0,0.0,0.0,0.0,8.0,15.0,0.0,0.0,0.0,0.0,0.0,5.0,16.0,5.0,2.0,0.0,0.0,0.0,0.0,15.0,12.0,1.0,16.0,4.0,0.0,0.0,4.0,16.0,2.0,9.0,16.0,8.0,0.0,0.0,0.0,10.0,14.0,16.0,16.0,4.0,0.0,0.0,0.0,0.0,0.0,13.0,8.0,0.0,0.0,0.0,0.0,0.0,0.0,13.0,6.0,0.0,0.0,4
634,0.0,0.0,0.0,13.0,15.0,4.0,0.0,0.0,0.0,0.0,11.0,16.0,9.0,4.0,0.0,0.0,0.0,1.0,16.0,14.0,0.0,0.0,0.0,0.0,0.0,5.0,16.0,7.0,0.0,0.0,0.0,0.0,0.0,5.0,16.0,16.0,14.0,4.0,0.0,0.0,0.0,2.0,15.0,9.0,7.0,15.0,5.0,0.0,0.0,0.0,11.0,13.0,4.0,12.0,13.0,0.0,0.0,0.0,1.0,13.0,16.0,16.0,10.0,0.0,6
635,0.0,0.0,4.0,10.0,16.0,16.0,7.0,0.0,0.0,3.0,16.0,13.0,11.0,16.0,2.0,0.0,0.0,1.0,3.0,0.0,10.0,9.0,0.0,0.0,0.0,0.0,5.0,8.0,14.0,15.0,13.0,0.0,0.0,0.0,15.0,16.0,14.0,12.0,8.0,0.0,0.0,0.0,3.0,12.0,7.0,0.0,0.0,0.0,0.0,0.0,0.0,15.0,4.0,0.0,0.0,0.0,0.0,0.0,3.0,14.0,1.0,0.0,0.0,0.0,7
636,0.0,0.0,11.0,12.0,2.0,0.0,0.0,0.0,0.0,0.0,15.0,8.0,13.0,2.0,0.0,0.0,0.0,0.0,7.0,11.0,9.0,9.0,0.0,0.0,0.0,4.0,12.0,12.0,16.0,7.0,0.0,0.0,0.0,2.0,10.0,12.0,9.0,12.0,1.0,0.0,0.0,0.0,0.0,0.0,0.0,7.0,11.0,0.0,0.0,0.0,0.0,0.0,0.0,0.0,16.0,2.0,0.0,0.0,6.0,12.0,12.0,13.0,11.0,0.0,9
640,0.0,0.0,0.0,8.0,10.0,14.0,3.0,0.0,0.0,1.0,13.0,13.0,9.0,12.0,8.0,0.0,0.0,6.0,16.0,8.0,8.0,16.0,4.0,0.0,0.0,5.0,16.0,16.0,16.0,9.0,0.0,0.0,0.0,0.0,5.0,8.0,14.0,12.0,0.0,0.0,0.0,0.0,0.0,3.0,16.0,5.0,0.0,0.0,0.0,0.0,0.0,15.0,8.0,0.0,0.0,0.0,0.0,0.0,1.0,12.0,2.0,0.0,0.0,0.0,9
642,0.0,0.0,4.0,15.0,12.0,2.0,0.0,0.0,0.0,2.0,15.0,7.0,11.0,10.0,0.0,0.0,0.0,4.0,16.0,0.0,0.0,15.0,1.0,0.0,0.0,6.0,10.0,0.0,0.0,10.0,8.0,0.0,0.0,8.0,8.0,0.0,0.0,6.0,8.0,0.0,0.0,5.0,12.0,0.0,0.0,11.0,8.0,0.0,0.0,2.0,16.0,7.0,8.0,16.0,2.0,0.0,0.0,0.0,6.0,15.0,16.0,8.0,0.0,0.0,0
644,0.0,0.0,0.0,4.0,13.0,16.0,15.0,2.0,0.0,0.0,2.0,15.0,13.0,13.0,16.0,6.0,0.0,0.0,7.0,7.0,0.0,3.0,16.0,4.0,0.0,0.0,0.0,4.0,4.0,8.0,14.0,0.0,0.0,0.0,14.0,16.0,16.0,16.0,6.0,0.0,0.0,0.0,11.0,9.0,10.0,12.0,0.0,0.0,0.0,0.0,0.0,0.0,13.0,3.0,0.0,0.0,0.0,0.0,0.0,4.0,10.0,0.0,0.0,0.0,7
645,0.0,0.0,2.0,13.0,10.0,0.0,0.0,0.0,0.0,0.0,10.0,13.0,0.0,0.0,0.0,0.0,0.0,0.0,16.0,6.0,0.0,0.0,0.0,0.0,0.0,3.0,16.0,8.0,2.0,0.0,0.0,0.0,0.0,7.0,16.0,16.0,16.0,11.0,0.0,0.0,0.0,4.0,16.0,2.0,4.0,11.0,9.0,0.0,0.0,1.0,13.0,11.0,8.0,12.0,12.0,0.0,0.0,0.0,1.0,12.0,16.0,14.0,4.0,0.0,6
647,0.0,2.0,11.0,14.0,14.0,9.0,0.0,0.0,0.0,3.0,10.0,7.0,10.0,16.0,3.0,0.0,0.0,0.0,0.0,4.0,13.0,12.0,0.0,0.0,0.0,0.0,0.0,13.0,15.0,2.0,0.0,0.0,0.0,0.0,0.0,15.0,9.0,0.0,0.0,0.0,0.0,0.0,0.0,9.0,15.0,0.0,0.0,0.0,0.0,0.0,1.0,13.0,9.0,0.0,0.0,0.0,0.0,1.0,15.0,13.0,1.0,0.0,0.0,0.0,3
648,0.0,1.0,11.0,15.0,16.0,9.0,0.0,0.0,0.0,3.0,16.0,10.0,10.0,16.0,1.0,0.0,0.0,0.0,2.0,1.0,14.0,11.0,0.0,0.0,0.0,0.0,0.0,14.0,16.0,7.0,0.0,0.0,0.0,0.0,0.0,13.0,16.0,16.0,5.0,0.0,0.0,0.0,0.0,0.0,2.0,16.0,8.0,0.0,0.0,0.0,6.0,8.0,13.0,15.0,5.0,0.0,0.0,0.0,15.0,16.0,12.0,5.0,0.0,0.0,3
649,0.0,2.0,12.0,13.0,16.0,16.0,4.0,0.0,0.0,11.0,16.0,13.0,7.0,4.0,1.0,0.0,0.0,13.0,14.0,0.0,0.0,0.0,0.0,0.0,0.0,1.0,15.0,12.0,0.0,0.0,0.0,0.0,0.0,0.0,6.0,16.0,3.0,0.0,0.0,0.0,0.0,0.0,0.0,13.0,7.0,0.0,0.0,0.0,0.0,3.0,5.0,16.0,7.0,0.0,0.0,0.0,0.0,3.0,13.0,15.0,0.0,0.0,0.0,0.0,5
650,0.0,0.0,0.0,6.0,15.0,12.0,1.0,0.0,0.0,4.0,12.0,16.0,12.0,16.0,3.0,0.0,0.0,15.0,16.0,6.0,4.0,16.0,3.0,0.0,0.0,4.0,5.0,1.0,15.0,12.0,0.0,0.0,0.0,0.0,0.0,7.0,16.0,10.0,1.0,0.0,0.0,0.0,3.0,2.0,4.0,15.0,7.0,0.0,0.0,0.0,12.0,15.0,8.0,11.0,14.0,0.0,0.0,0.0,1.0,8.0,15.0,16.0,11.0,0.0,3
652,0.0,0.0,4.0,15.0,4.0,0.0,0.0,0.0,0.0,0.0,3.0,16.0,9.0,0.0,0.0,0.0,0.0,0.0,2.0,16.0,11.0,0.0,0.0,0.0,0.0,0.0,0.0,16.0,13.0,0.0,0.0,0.0,0.0,0.0,2.0,16.0,16.0,2.0,0.0,0.0,0.0,0.0,0.0,5.0,15.0,10.0,0.0,0.0,0.0,0.0,4.0,12.0,14.0,16.0,13.0,13.0,0.0,0.0,2.0,13.0,16.0,16.0,15.0,8.0,1
654,0.0,0.0,0.0,5.0,16.0,9.0,0.0,0.0,0.0,0.0,1.0,13.0,16.0,6.0,0.0,0.0,0.0,0.0,13.0,16.0,16.0,4.0,0.0,0.0,0.0,5.0,15.0,16.0,16.0,5.0,0.0,0.0,0.0,0.0,0.0,10.0,16.0,7.0,0.0,0.0,0.0,0.0,0.0,9.0,16.0,8.0,0.0,0.0,0.0,0.0,0.0,9.0,16.0,13.0,0.0,0.0,0.0,0.0,0.0,5.0,14.0,9.0,0.0,0.0,1
656,0.0,2.0,13.0,16.0,7.0,0.0,0.0,0.0,0.0,12.0,13.0,14.0,13.0,0.0,0.0,0.0,0.0,2.0,0.0,8.0,12.0,0.0,0.0,0.0,0.0,0.0,0.0,11.0,9.0,0.0,0.0,0.0,0.0,0.0,0.0,13.0,5.0,0.0,0.0,0.0,0.0,0.0,8.0,15.0,2.0,0.0,0.0,0.0,0.0,0.0,16.0,16.0,16.0,9.0,2.0,0.0,0.0,1.0,16.0,14.0,13.0,16.0,9.0,0.0,2
657,0.0,0.0,1.0,13.0,7.0,0.0,0.0,0.0,0.0,0.0,7.0,14.0,2.0,0.0,0.0,0.0,0.0,0.0,13.0,5.0,0.0,0.0,0.0,0.0,0.0,0.0,16.0,3.0,0.0,0.0,0.0,0.0,0.0,3.0,16.0,10.0,12.0,12.0,3.0,0.0,0.0,3.0,16.0,11.0,5.0,9.0,12.0,0.0,0.0,1.0,13.0,11.0,4.0,13.0,11.0,0.0,0.0,0.0,1.0,12.0,16.0,11.0,2.0,0.0,6
658,0.0,0.0,5.0,15.0,15.0,7.0,0.0,0.0,0.0,2.0,16.0,11.0,16.0,16.0,8.0,0.0,0.0,2.0,16.0,5.0,4.0,16.0,8.0,0.0,0.0,1.0,12.0,16.0,16.0,10.0,0.0,0.0,0.0,0.0,7.0,16.0,16.0,5.0,0.0,0.0,0.0,0.0,15.0,9.0,14.0,10.0,0.0,0.0,0.0,0.0,14.0,12.0,16.0,8.0,0.0,0.0,0.0,0.0,5.0,14.0,12.0,1.0,0.0,0.0,8
661,0.0,0.0,2.0,10.0,16.0,12.0,0.0,0.0,0.0,2.0,15.0,14.0,8.0,1.0,0.0,0.0,0.0,2.0,16.0,4.0,0.0,0.0,0.0,0.0,0.0,6.0,16.0,14.0,13.0,3.0,0.0,0.0,0.0,10.0,16.0,7.0,11.0,12.0,0.0,0.0,0.0,0.0,1.0,0.0,4.0,16.0,0.0,0.0,0.0,0.0,0.0,0.0,7.0,16.0,2.0,0.0,0.0,0.0,2.0,14.0,16.0,8.0,0.0,0.0,5
662,0.0,0.0,7.0,16.0,5.0,0.0,0.0,0.0,0.0,0.0,16.0,16.0,11.0,0.0,0.0,0.0,0.0,0.0,10.0,13.0,16.0,1.0,0.0,0.0,0.0,0.0,0.0,13.0,15.0,0.0,0.0,0.0,0.0,0.0,0.0,14.0,13.0,0.0,0.0,0.0,0.0,0.0,12.0,16.0,6.0,4.0,8.0,1.0,0.0,0.0,14.0,16.0,16.0,16.0,16.0,4.0,0.0,0.0,7.0,16.0,15.0,7.0,3.0,0.0,2
663,0.0,0.0,3.0,15.0,3.0,0.0,0.0,0.0,0.0,0.0,14.0,16.0,1.0,0.0,0.0,0.0,0.0,8.0,16.0,6.0,0.0,8.0,5.0,0.0,0.0,12.0,14.0,0.0,5.0,16.0,8.0,0.0,0.0,12.0,15.0,14.0,16.0,13.0,0.0,0.0,0.0,1.0,11.0,14.0,16.0,5.0,0.0,0.0,0.0,0.0,4.0,15.0,10.0,0.0,0.0,0.0,0.0,0.0,4.0,16.0,5.0,0.0,0.0,0.0,4
664,0.0,0.0,2.0,10.0,15.0,7.0,0.0,0.0,0.0,0.0,14.0,15.0,7.0,15.0,2.0,0.0,0.0,4.0,16.0,3.0,0.0,11.0,4.0,0.0,0.0,4.0,14.0,0.0,0.0,7.0,8.0,0.0,0.0,7.0,12.0,0.0,0.0,6.0,7.0,0.0,0.0,4.0,16.0,1.0,0.0,12.0,4.0,0.0,0.0,1.0,14.0,12.0,10.0,16.0,1.0,0.0,0.0,0.0,1.0,14.0,13.0,5.0,0.0,0.0,0
665,0.0,0.0,2.0,15.0,16.0,9.0,0.0,0.0,0.0,0.0,3.0,13.0,11.0,16.0,0.0,0.0,0.0,0.0,0.0,2.0,13.0,12.0,0.0,0.0,0.0,0.0,0.0,9.0,16.0,11.0,0.0,0.0,0.0,3.0,3.0,1.0,6.0,15.0,8.0,0.0,0.0,11.0,13.0,0.0,0.0,10.0,12.0,0.0,0.0,3.0,16.0,12.0,7.0,16.0,8.0,0.0,0.0,0.0,3.0,15.0,16.0,10.0,0.0,0.0,3
666,0.0,0.0,8.0,16.0,16.0,1.0,0.0,0.0,0.0,1.0,12.0,10.0,16.0,5.0,0.0,0.0,0.0,0.0,0.0,3.0,16.0,6.0,0.0,0.0,0.0,0.0,0.0,6.0,16.0,2.0,0.0,0.0,0.0,4.0,12.0,14.0,16.0,12.0,5.0,0.0,0.0,12.0,16.0,16.0,14.0,12.0,5.0,0.0,0.0,0.0,6.0,13.0,0.0,0.0,0.0,0.0,0.0,0.0,11.0,8.0,0.0,0.0,0.0,0.0,7
667,0.0,0.0,6.0,11.0,16.0,16.0,3.0,0.0,0.0,5.0,16.0,15.0,5.0,0.0,0.0,0.0,0.0,11.0,16.0,15.0,2.0,0.0,0.0,0.0,0.0,12.0,15.0,12.0,12.0,0.0,0.0,0.0,0.0,2.0,1.0,4.0,16.0,0.0,0.0,0.0,0.0,0.0,0.0,0.0,16.0,4.0,0.0,0.0,0.0,0.0,0.0,2.0,16.0,3.0,0.0,0.0,0.0,0.0,5.0,16.0,13.0,0.0,0.0,0.0,5
668,0.0,0.0,1.0,7.0,12.0,3.0,0.0,0.0,0.0,4.0,16.0,12.0,12.0,10.0,0.0,0.0,0.0,14.0,9.0,0.0,11.0,8.0,0.0,0.0,0.0,7.0,5.0,0.0,15.0,4.0,0.0,0.0,0.0,0.0,0.0,2.0,14.0,7.0,0.0,0.0,0.0,0.0,0.0,0.0,2.0,13.0,9.0,0.0,0.0,0.0,5.0,10.0,4.0,0.0,14.0,5.0,0.0,0.0,1.0,9.0,15.0,16.0,16.0,8.0,3
672,0.0,0.0,4.0,13.0,14.0,2.0,0.0,0.0,0.0,0.0,15.0,10.0,11.0,10.0,0.0,0.0,0.0,3.0,15.0,2.0,12.0,6.0,0.0,0.0,0.0,0.0,3.0,8.0,16.0,7.0,0.0,0.0,0.0,0.0,0.0,4.0,9.0,16.0,2.0,0.0,0.0,0.0,10.0,3.0,0.0,13.0,6.0,0.0,0.0,0.0,16.0,5.0,7.0,16.0,3.0,0.0,0.0,0.0,7.0,13.0,13.0,8.0,0.0,0.0,3
673,0.0,0.0,0.0,12.0,4.0,0.0,0.0,0.0,0.0,0.0,6.0,14.0,1.0,0.0,0.0,0.0,0.0,0.0,14.0,2.0,0.0,0.0,0.0,0.0,0.0,2.0,14.0,1.0,4.0,2.0,0.0,0.0,0.0,4.0,16.0,15.0,12.0,15.0,5.0,0.0,0.0,3.0,16.0,6.0,0.0,5.0,11.0,0.0,0.0,0.0,9.0,11.0,4.0,13.0,5.0,0.0,0.0,0.0,1.0,11.0,16.0,9.0,0.0,0.0,6
674,0.0,0.0,10.0,16.0,14.0,1.0,0.0,0.0,0.0,0.0,14.0,16.0,16.0,7.0,0.0,0.0,0.0,0.0,1.0,5.0,16.0,7.0,0.0,0.0,0.0,0.0,2.0,10.0,16.0,11.0,6.0,0.0,0.0,7.0,16.0,16.0,15.0,12.0,7.0,0.0,0.0,11.0,10.0,15.0,10.0,0.0,0.0,0.0,0.0,0.0,6.0,16.0,2.0,0.0,0.0,0.0,0.0,0.0,13.0,9.0,0.0,0.0,0.0,0.0,7
675,0.0,1.0,8.0,8.0,11.0,15.0,10.0,0.0,0.0,4.0,16.0,16.0,11.0,12.0,6.0,0.0,0.0,4.0,16.0,4.0,0.0,0.0,0.0,0.0,0.0,1.0,16.0,15.0,8.0,0.0,0.0,0.0,0.0,0.0,4.0,10.0,16.0,6.0,0.0,0.0,0.0,0.0,0.0,0.0,12.0,12.0,0.0,0.0,0.0,6.0,15.0,9.0,13.0,10.0,0.0,0.0,0.0,1.0,13.0,16.0,13.0,4.0,0.0,0.0,5
677,0.0,0.0,6.0,8.0,12.0,14.0,0.0,0.0,0.0,5.0,16.0,15.0,12.0,7.0,0.0,0.0,0.0,8.0,16.0,13.0,4.0,0.0,0.0,0.0,0.0,2.0,11.0,8.0,14.0,11.0,0.0,0.0,0.0,0.0,0.0,0.0,0.0,15.0,1.0,0.0,0.0,0.0,0.0,0.0,0.0,14.0,5.0,0.0,0.0,1.0,9.0,8.0,12.0,14.0,1.0,0.0,0.0,0.0,10.0,15.0,12.0,3.0,0.0,0.0,5
678,0.0,0.0,13.0,16.0,12.0,7.0,0.0,0.0,0.0,4.0,16.0,15.0,12.0,12.0,3.0,0.0,0.0,4.0,16.0,5.0,0.0,0.0,0.0,0.0,0.0,3.0,16.0,9.0,0.0,0.0,0.0,0.0,0.0,0.0,15.0,16.0,2.0,0.0,0.0,0.0,0.0,0.0,4.0,16.0,14.0,0.0,0.0,0.0,0.0,1.0,9.0,14.0,16.0,0.0,0.0,0.0,0.0,1.0,13.0,16.0,10.0,0.0,0.0,0.0,5
680,0.0,1.0,10.0,15.0,11.0,1.0,0.0,0.0,0.0,3.0,8.0,8.0,11.0,12.0,0.0,0.0,0.0,0.0,0.0,5.0,14.0,15.0,1.0,0.0,0.0,0.0,0.0,11.0,15.0,2.0,0.0,0.0,0.0,0.0,0.0,4.0,15.0,2.0,0.0,0.0,0.0,0.0,0.0,0.0,12.0,10.0,0.0,0.0,0.0,0.0,3.0,4.0,10.0,16.0,1.0,0.0,0.0,0.0,13.0,16.0,15.0,10.0,0.0,0.0,3
681,0.0,2.0,10.0,16.0,12.0,0.0,0.0,0.0,0.0,12.0,14.0,12.0,16.0,5.0,0.0,0.0,0.0,2.0,0.0,4.0,16.0,7.0,1.0,0.0,0.0,0.0,4.0,15.0,16.0,16.0,10.0,0.0,0.0,1.0,16.0,16.0,12.0,5.0,2.0,0.0,0.0,0.0,15.0,12.0,1.0,0.0,0.0,0.0,0.0,1.0,14.0,4.0,0.0,0.0,0.0,0.0,0.0,0.0,16.0,3.0,0.0,0.0,0.0,0.0,7
682,0.0,2.0,11.0,16.0,15.0,2.0,0.0,0.0,0.0,12.0,15.0,12.0,16.0,4.0,0.0,0.0,0.0,3.0,3.0,6.0,16.0,2.0,0.0,0.0,0.0,0.0,2.0,15.0,12.0,0.0,0.0,0.0,0.0,0.0,3.0,16.0,16.0,12.0,1.0,0.0,0.0,0.0,0.0,1.0,6.0,15.0,10.0,0.0,0.0,0.0,6.0,12.0,8.0,14.0,11.0,0.0,0.0,1.0,16.0,16.0,16.0,11.0,3.0,0.0,3
683,0.0,0.0,0.0,5.0,9.0,0.0,0.0,0.0,0.0,0.0,2.0,14.0,14.0,2.0,0.0,0.0,0.0,0.0,6.0,14.0,11.0,12.0,0.0,0.0,0.0,3.0,15.0,3.0,11.0,10.0,0.0,0.0,0.0,8.0,11.0,0.0,13.0,10.0,2.0,0.0,0.0,10.0,16.0,16.0,16.0,15.0,3.0,0.0,0.0,0.0,4.0,10.0,15.0,0.0,0.0,0.0,0.0,0.0,0.0,8.0,9.0,0.0,0.0,0.0,4
684,0.0,6.0,16.0,16.0,16.0,15.0,10.0,0.0,0.0,9.0,16.0,13.0,8.0,6.0,5.0,0.0,0.0,12.0,16.0,1.0,0.0,0.0,0.0,0.0,0.0,10.0,16.0,7.0,0.0,0.0,0.0,0.0,0.0,3.0,15.0,15.0,3.0,0.0,0.0,0.0,0.0,0.0,3.0,16.0,13.0,0.0,0.0,0.0,0.0,1.0,5.0,16.0,9.0,0.0,0.0,0.0,0.0,9.0,16.0,11.0,0.0,0.0,0.0,0.0,5
686,0.0,0.0,8.0,16.0,16.0,12.0,0.0,0.0,0.0,0.0,14.0,12.0,10.0,14.0,0.0,0.0,0.0,0.0,3.0,3.0,10.0,10.0,0.0,0.0,0.0,0.0,0.0,8.0,16.0,5.0,0.0,0.0,0.0,0.0,0.0,7.0,16.0,6.0,0.0,0.0,0.0,0.0,4.0,0.0,7.0,14.0,0.0,0.0,0.0,2.0,16.0,5.0,10.0,16.0,0.0,0.0,0.0,0.0,7.0,16.0,16.0,7.0,0.0,0.0,3
687,0.0,1.0,11.0,16.0,16.0,12.0,0.0,0.0,0.0,8.0,16.0,13.0,16.0,16.0,3.0,0.0,0.0,1.0,5.0,7.0,16.0,14.0,0.0,0.0,0.0,0.0,0.0,11.0,16.0,4.0,0.0,0.0,0.0,0.0,0.0,2.0,15.0,9.0,0.0,0.0,0.0,0.0,0.0,0.0,11.0,13.0,0.0,0.0,0.0,0.0,3.0,7.0,15.0,14.0,0.0,0.0,0.0,0.0,14.0,16.0,16.0,6.0,0.0,0.0,3
688,0.0,0.0,1.0,14.0,3.0,0.0,0.0,0.0,0.0,0.0,8.0,14.0,0.0,3.0,0.0,0.0,0.0,1.0,16.0,4.0,10.0,12.0,0.0,0.0,0.0,7.0,14.0,2.0,15.0,5.0,0.0,0.0,0.0,13.0,14.0,11.0,16.0,16.0,9.0,0.0,0.0,8.0,16.0,16.0,14.0,4.0,0.0,0.0,0.0,0.0,0.0,15.0,9.0,0.0,0.0,0.0,0.0,0.0,2.0,16.0,5.0,0.0,0.0,0.0,4
689,0.0,0.0,8.0,9.0,8.0,12.0,8.0,0.0,0.0,0.0,12.0,14.0,10.0,8.0,5.0,0.0,0.0,1.0,14.0,2.0,0.0,0.0,0.0,0.0,0.0,6.0,16.0,12.0,12.0,8.0,0.0,0.0,0.0,1.0,4.0,4.0,7.0,15.0,7.0,0.0,0.0,0.0,0.0,0.0,0.0,10.0,7.0,0.0,0.0,1.0,12.0,4.0,9.0,15.0,1.0,0.0,0.0,0.0,9.0,16.0,14.0,3.0,0.0,0.0,5
690,0.0,0.0,2.0,12.0,15.0,3.0,0.0,0.0,0.0,0.0,15.0,15.0,13.0,15.0,0.0,0.0,0.0,2.0,14.0,3.0,1.0,12.0,3.0,0.0,0.0,4.0,8.0,0.0,0.0,8.0,8.0,0.0,0.0,7.0,10.0,0.0,0.0,9.0,5.0,0.0,0.0,1.0,13.0,5.0,3.0,15.0,2.0,0.0,0.0,0.0,7.0,16.0,14.0,15.0,0.0,0.0,0.0,0.0,0.0,10.0,14.0,4.0,0.0,0.0,0
691,0.0,0.0,6.0,14.0,14.0,13.0,11.0,0.0,0.0,0.0,14.0,12.0,5.0,4.0,2.0,0.0,0.0,3.0,16.0,16.0,4.0,0.0,0.0,0.0,0.0,2.0,11.0,11.0,16.0,3.0,0.0,0.0,0.0,0.0,0.0,0.0,7.0,10.0,0.0,0.0,0.0,0.0,0.0,0.0,1.0,11.0,0.0,0.0,0.0,0.0,3.0,7.0,12.0,8.0,0.0,0.0,0.0,0.0,7.0,14.0,11.0,1.0,0.0,0.0,5
693,0.0,1.0,13.0,16.0,16.0,12.0,1.0,0.0,0.0,12.0,15.0,6.0,12.0,16.0,3.0,0.0,0.0,13.0,10.0,10.0,16.0,9.0,0.0,0.0,0.0,0.0,5.0,16.0,15.0,4.0,0.0,0.0,0.0,0.0,0.0,2.0,10.0,14.0,1.0,0.0,0.0,0.0,0.0,0.0,1.0,16.0,7.0,0.0,0.0,0.0,3.0,1.0,5.0,16.0,9.0,0.0,0.0,1.0,14.0,16.0,16.0,11.0,1.0,0.0,3
694,0.0,0.0,2.0,13.0,4.0,0.0,0.0,0.0,0.0,0.0,8.0,14.0,11.0,0.0,0.0,0.0,0.0,0.0,10.0,6.0,14.0,5.0,2.0,0.0,0.0,0.0,2.0,14.0,12.0,14.0,0.0,0.0,0.0,0.0,1.0,15.0,13.0,2.0,0.0,0.0,0.0,0.0,11.0,13.0,14.0,1.0,0.0,0.0,0.0,0.0,13.0,8.0,10.0,4.0,0.0,0.0,0.0,0.0,2.0,11.0,16.0,7.0,0.0,0.0,8
695,0.0,0.0,8.0,16.0,16.0,13.0,0.0,0.0,0.0,0.0,10.0,11.0,9.0,16.0,2.0,0.0,0.0,0.0,0.0,4.0,16.0,12.0,0.0,0.0,0.0,0.0,2.0,16.0,15.0,1.0,0.0,0.0,0.0,0.0,2.0,15.0,11.0,0.0,0.0,0.0,0.0,0.0,0.0,4.0,16.0,3.0,0.0,0.0,0.0,3.0,12.0,2.0,14.0,4.0,0.0,0.0,0.0,0.0,9.0,16.0,16.0,5.0,0.0,0.0,3
696,0.0,0.0,11.0,12.0,13.0,14.0,4.0,0.0,0.0,0.0,13.0,8.0,4.0,4.0,2.0,0.0,0.0,0.0,11.0,0.0,0.0,0.0,0.0,0.0,0.0,5.0,12.0,6.0,3.0,0.0,0.0,0.0,0.0,5.0,12.0,12.0,13.0,11.0,0.0,0.0,0.0,0.0,2.0,0.0,0.0,13.0,0.0,0.0,0.0,4.0,11.0,0.0,3.0,15.0,0.0,0.0,0.0,0.0,9.0,16.0,16.0,6.0,0.0,0.0,5
697,0.0,0.0,2.0,14.0,14.0,0.0,0.0,0.0,0.0,0.0,7.0,16.0,7.0,0.0,0.0,0.0,0.0,0.0,13.0,12.0,0.0,0.0,0.0,0.0,0.0,1.0,16.0,8.0,4.0,2.0,0.0,0.0,0.0,4.0,16.0,16.0,16.0,15.0,3.0,0.0,0.0,2.0,16.0,12.0,4.0,6.0,16.0,2.0,0.0,0.0,13.0,8.0,3.0,6.0,16.0,6.0,0.0,0.0,2.0,13.0,14.0,16.0,12.0,1.0,6
701,0.0,0.0,3.0,14.0,8.0,6.0,4.0,0.0,0.0,0.0,11.0,16.0,16.0,16.0,15.0,1.0,0.0,3.0,16.0,3.0,2.0,15.0,6.0,0.0,0.0,5.0,8.0,0.0,9.0,14.0,0.0,0.0,0.0,0.0,7.0,9.0,15.0,13.0,4.0,0.0,0.0,0.0,10.0,16.0,16.0,15.0,3.0,0.0,0.0,0.0,0.0,13.0,7.0,0.0,0.0,0.0,0.0,0.0,6.0,15.0,2.0,0.0,0.0,0.0,7
704,0.0,0.0,4.0,16.0,12.0,1.0,0.0,0.0,0.0,2.0,16.0,16.0,11.0,8.0,0.0,0.0,0.0,3.0,16.0,13.0,1.0,14.0,2.0,0.0,0.0,4.0,16.0,0.0,0.0,13.0,4.0,0.0,0.0,4.0,15.0,0.0,0.0,13.0,8.0,0.0,0.0,1.0,16.0,1.0,0.0,14.0,5.0,0.0,0.0,0.0,10.0,8.0,7.0,15.0,1.0,0.0,0.0,0.0,2.0,13.0,16.0,8.0,0.0,0.0,0
706,0.0,0.0,6.0,13.0,15.0,16.0,11.0,0.0,0.0,0.0,10.0,11.0,8.0,8.0,5.0,0.0,0.0,2.0,13.0,0.0,0.0,0.0,0.0,0.0,0.0,4.0,11.0,7.0,8.0,5.0,0.0,0.0,0.0,7.0,16.0,14.0,10.0,14.0,2.0,0.0,0.0,1.0,7.0,1.0,2.0,12.0,3.0,0.0,0.0,0.0,5.0,8.0,14.0,6.0,0.0,0.0,0.0,0.0,8.0,12.0,5.0,0.0,0.0,0.0,5
707,0.0,0.0,0.0,6.0,15.0,6.0,0.0,0.0,0.0,1.0,11.0,13.0,8.0,11.0,0.0,0.0,0.0,9.0,13.0,0.0,9.0,10.0,0.0,0.0,0.0,8.0,9.0,3.0,15.0,3.0,0.0,0.0,0.0,0.0,0.0,5.0,14.0,3.0,0.0,0.0,0.0,0.0,3.0,0.0,5.0,13.0,2.0,0.0,0.0,0.0,9.0,12.0,5.0,10.0,7.0,0.0,0.0,0.0,0.0,6.0,12.0,15.0,5.0,0.0,3
708,0.0,0.0,0.0,6.0,12.0,0.0,0.0,0.0,0.0,0.0,2.0,15.0,5.0,0.0,0.0,0.0,0.0,0.0,12.0,8.0,0.0,2.0,6.0,0.0,0.0,4.0,15.0,0.0,1.0,13.0,8.0,0.0,0.0,6.0,16.0,2.0,6.0,14.0,1.0,0.0,0.0,8.0,16.0,16.0,16.0,6.0,0.0,0.0,0.0,1.0,5.0,8.0,16.0,1.0,0.0,0.0,0.0,0.0,0.0,3.0,11.0,0.0,0.0,0.0,4
709,0.0,0.0,0.0,12.0,12.0,0.0,0.0,0.0,0.0,0.0,5.0,16.0,4.0,0.0,0.0,0.0,0.0,1.0,14.0,11.0,0.0,0.0,0.0,0.0,0.0,6.0,16.0,3.0,2.0,0.0,0.0,0.0,0.0,13.0,12.0,8.0,12.0,0.0,0.0,0.0,0.0,15.0,16.0,15.0,16.0,13.0,4.0,0.0,0.0,4.0,9.0,14.0,16.0,7.0,0.0,0.0,0.0,0.0,0.0,11.0,13.0,0.0,0.0,0.0,4
710,0.0,0.0,5.0,10.0,8.0,8.0,0.0,0.0,0.0,0.0,0.0,16.0,16.0,15.0,2.0,0.0,0.0,0.0,7.0,16.0,16.0,13.0,0.0,0.0,0.0,0.0,10.0,16.0,16.0,4.0,0.0,0.0,0.0,0.0,9.0,16.0,16.0,0.0,0.0,0.0,0.0,0.0,10.0,16.0,16.0,0.0,0.0,0.0,0.0,0.0,8.0,16.0,15.0,0.0,0.0,0.0,0.0,0.0,2.0,11.0,9.0,0.0,0.0,0.0,1
713,0.0,0.0,0.0,14.0,7.0,0.0,0.0,0.0,0.0,1.0,9.0,16.0,16.0,3.0,0.0,0.0,0.0,4.0,16.0,8.0,11.0,11.0,0.0,0.0,0.0,3.0,16.0,7.0,4.0,16.0,4.0,0.0,0.0,8.0,16.0,4.0,0.0,16.0,8.0,0.0,0.0,5.0,16.0,10.0,0.0,13.0,11.0,0.0,0.0,0.0,13.0,16.0,16.0,16.0,9.0,0.0,0.0,0.0,2.0,10.0,13.0,6.0,0.0,0.0,0
714,0.0,1.0,9.0,16.0,15.0,10.0,0.0,0.0,0.0,6.0,16.0,8.0,7.0,16.0,3.0,0.0,0.0,0.0,11.0,14.0,16.0,11.0,1.0,0.0,0.0,1.0,13.0,16.0,6.0,0.0,0.0,0.0,0.0,8.0,15.0,16.0,3.0,0.0,0.0,0.0,0.0,5.0,14.0,10.0,11.0,0.0,0.0,0.0,0.0,0.0,15.0,7.0,16.0,3.0,0.0,0.0,0.0,0.0,11.0,16.0,8.0,0.0,0.0,0.0,8
717,0.0,0.0,9.0,15.0,14.0,2.0,0.0,0.0,0.0,0.0,9.0,3.0,9.0,8.0,0.0,0.0,0.0,0.0,0.0,0.0,6.0,10.0,0.0,0.0,0.0,0.0,0.0,10.0,15.0,2.0,0.0,0.0,0.0,0.0,2.0,10.0,11.0,15.0,2.0,0.0,0.0,3.0,1.0,0.0,0.0,14.0,4.0,0.0,0.0,10.0,13.0,7.0,2.0,12.0,4.0,0.0,0.0,0.0,7.0,14.0,16.0,10.0,0.0,0.0,3
719,0.0,2.0,13.0,16.0,16.0,16.0,15.0,2.0,0.0,8.0,16.0,12.0,8.0,4.0,1.0,0.0,0.0,5.0,16.0,13.0,1.0,0.0,0.0,0.0,0.0,0.0,8.0,16.0,8.0,0.0,0.0,0.0,0.0,0.0,0.0,10.0,16.0,0.0,0.0,0.0,0.0,0.0,0.0,9.0,16.0,0.0,0.0,0.0,0.0,0.0,3.0,13.0,12.0,0.0,0.0,0.0,0.0,2.0,16.0,16.0,6.0,0.0,0.0,0.0,5
720,0.0,0.0,0.0,3.0,13.0,7.0,0.0,0.0,0.0,0.0,1.0,14.0,11.0,0.0,0.0,0.0,0.0,0.0,12.0,12.0,1.0,2.0,3.0,0.0,0.0,7.0,16.0,4.0,1.0,15.0,10.0,0.0,0.0,10.0,14.0,0.0,7.0,16.0,8.0,0.0,0.0,15.0,16.0,16.0,16.0,16.0,1.0,0.0,0.0,4.0,11.0,11.0,15.0,11.0,0.0,0.0,0.0,0.0,0.0,2.0,15.0,4.0,0.0,0.0,4
721,0.0,0.0,0.0,7.0,12.0,16.0,16.0,15.0,0.0,0.0,9.0,16.0,10.0,4.0,16.0,10.0,0.0,0.0,14.0,16.0,13.0,14.0,12.0,1.0,0.0,0.0,4.0,16.0,16.0,16.0,12.0,0.0,0.0,0.0,0.0,0.0,0.0,16.0,10.0,0.0,0.0,0.0,0.0,0.0,7.0,15.0,0.0,0.0,0.0,0.0,0.0,1.0,15.0,7.0,0.0,0.0,0.0,0.0,0.0,12.0,6.0,0.0,0.0,0.0,9
722,0.0,0.0,2.0,13.0,16.0,13.0,0.0,0.0,0.0,0.0,14.0,15.0,14.0,16.0,0.0,0.0,0.0,0.0,5.0,0.0,10.0,15.0,0.0,0.0,0.0,0.0,0.0,0.0,13.0,13.0,0.0,0.0,0.0,0.0,7.0,14.0,16.0,16.0,7.0,0.0,0.0,0.0,14.0,16.0,14.0,10.0,3.0,0.0,0.0,0.0,3.0,15.0,5.0,0.0,0.0,0.0,0.0,0.0,4.0,15.0,0.0,0.0,0.0,0.0,7
724,0.0,0.0,10.0,16.0,16.0,4.0,0.0,0.0,0.0,0.0,9.0,8.0,13.0,10.0,0.0,0.0,0.0,0.0,0.0,4.0,15.0,6.0,0.0,0.0,0.0,0.0,0.0,13.0,16.0,7.0,0.0,0.0,0.0,0.0,0.0,5.0,13.0,16.0,1.0,0.0,0.0,0.0,0.0,0.0,0.0,16.0,4.0,0.0,0.0,0.0,7.0,3.0,5.0,16.0,2.0,0.0,0.0,0.0,11.0,16.0,16.0,10.0,0.0,0.0,3
726,0.0,0.0,2.0,12.0,1.0,0.0,0.0,0.0,0.0,0.0,11.0,12.0,0.0,0.0,0.0,0.0,0.0,2.0,16.0,4.0,0.0,0.0,0.0,0.0,0.0,6.0,16.0,10.0,10.0,5.0,0.0,0.0,0.0,5.0,16.0,15.0,12.0,14.0,6.0,0.0,0.0,4.0,16.0,3.0,0.0,8.0,12.0,0.0,0.0,0.0,14.0,9.0,4.0,11.0,13.0,0.0,0.0,0.0,3.0,14.0,16.0,12.0,3.0,0.0,6
728,0.0,0.0,4.0,11.0,12.0,14.0,0.0,0.0,0.0,0.0,15.0,12.0,14.0,16.0,4.0,0.0,0.0,0.0,16.0,9.0,16.0,13.0,3.0,0.0,0.0,0.0,5.0,12.0,11.0,12.0,7.0,0.0,0.0,0.0,0.0,0.0,0.0,8.0,8.0,0.0,0.0,0.0,0.0,0.0,0.0,10.0,7.0,0.0,0.0,6.0,13.0,4.0,0.0,14.0,4.0,0.0,0.0,0.0,7.0,13.0,16.0,14.0,1.0,0.0,9
729,0.0,4.0,15.0,15.0,8.0,0.0,0.0,0.0,0.0,8.0,16.0,16.0,16.0,3.0,0.0,0.0,0.0,1.0,0.0,1.0,15.0,5.0,0.0,0.0,0.0,0.0,0.0,0.0,11.0,6.0,0.0,0.0,0.0,0.0,0.0,3.0,15.0,2.0,0.0,0.0,0.0,0.0,4.0,15.0,16.0,14.0,6.0,0.0,0.0,6.0,16.0,16.0,15.0,11.0,3.0,0.0,0.0,7.0,14.0,11.0,0.0,0.0,0.0,0.0,2
730,0.0,0.0,10.0,12.0,0.0,0.0,0.0,0.0,0.0,0.0,8.0,16.0,1.0,0.0,0.0,0.0,0.0,0.0,9.0,16.0,1.0,0.0,0.0,0.0,0.0,0.0,12.0,16.0,5.0,0.0,0.0,0.0,0.0,0.0,13.0,16.0,10.0,0.0,0.0,0.0,0.0,0.0,1.0,10.0,15.0,0.0,0.0,0.0,0.0,0.0,7.0,12.0,16.0,12.0,12.0,4.0,0.0,0.0,7.0,16.0,16.0,16.0,16.0,11.0,1
732,0.0,1.0,15.0,15.0,3.0,0.0,0.0,0.0,0.0,8.0,15.0,12.0,14.0,0.0,0.0,0.0,0.0,8.0,8.0,6.0,16.0,0.0,0.0,0.0,0.0,0.0,0.0,8.0,15.0,0.0,0.0,0.0,0.0,0.0,0.0,12.0,12.0,0.0,0.0,0.0,0.0,0.0,1.0,16.0,10.0,10.0,5.0,0.0,0.0,1.0,13.0,16.0,16.0,16.0,11.0,0.0,0.0,3.0,16.0,12.0,8.0,5.0,1.0,0.0,2
733,0.0,0.0,3.0,13.0,16.0,7.0,0.0,0.0,0.0,1.0,12.0,16.0,8.0,0.0,0.0,0.0,0.0,2.0,16.0,8.0,0.0,0.0,0.0,0.0,0.0,8.0,16.0,4.0,0.0,0.0,0.0,0.0,0.0,9.0,16.0,10.0,11.0,4.0,0.0,0.0,0.0,6.0,16.0,14.0,13.0,16.0,3.0,0.0,0.0,1.0,11.0,11.0,2.0,14.0,10.0,0.0,0.0,0.0,2.0,15.0,16.0,15.0,6.0,0.0,6
738,0.0,0.0,8.0,16.0,8.0,0.0,0.0,0.0,0.0,0.0,10.0,16.0,16.0,3.0,0.0,0.0,0.0,0.0,2.0,4.0,14.0,4.0,0.0,0.0,0.0,0.0,0.0,8.0,14.0,0.0,0.0,0.0,0.0,0.0,5.0,16.0,8.0,0.0,0.0,0.0,0.0,2.0,15.0,14.0,7.0,6.0,3.0,0.0,0.0,5.0,16.0,15.0,16.0,15.0,3.0,0.0,0.0,0.0,10.0,13.0,8.0,2.0,0.0,0.0,2
739,0.0,1.0,12.0,15.0,5.0,0.0,0.0,0.0,0.0,4.0,15.0,8.0,15.0,3.0,0.0,0.0,0.0,0.0,3.0,1.0,14.0,4.0,0.0,0.0,0.0,0.0,4.0,14.0,16.0,1.0,0.0,0.0,0.0,0.0,1.0,10.0,14.0,15.0,4.0,0.0,0.0,0.0,0.0,0.0,0.0,12.0,8.0,0.0,0.0,4.0,8.0,4.0,10.0,16.0,4.0,0.0,0.0,2.0,12.0,16.0,13.0,6.0,0.0,0.0,3
740,0.0,0.0,0.0,16.0,7.0,0.0,0.0,0.0,0.0,0.0,6.0,16.0,4.0,0.0,0.0,0.0,0.0,0.0,11.0,15.0,0.0,0.0,0.0,0.0,0.0,0.0,12.0,12.0,0.0,0.0,0.0,0.0,0.0,0.0,15.0,16.0,16.0,8.0,0.0,0.0,0.0,0.0,12.0,16.0,13.0,15.0,8.0,0.0,0.0,0.0,12.0,16.0,7.0,13.0,15.0,0.0,0.0,0.0,1.0,11.0,16.0,15.0,9.0,0.0,6
745,0.0,0.0,4.0,13.0,12.0,1.0,0.0,0.0,0.0,2.0,15.0,14.0,16.0,13.0,0.0,0.0,0.0,6.0,16.0,4.0,6.0,16.0,5.0,0.0,0.0,8.0,15.0,1.0,0.0,12.0,8.0,0.0,0.0,8.0,12.0,0.0,0.0,12.0,8.0,0.0,0.0,5.0,13.0,0.0,1.0,13.0,8.0,0.0,0.0,1.0,15.0,10.0,12.0,16.0,3.0,0.0,0.0,0.0,6.0,16.0,13.0,4.0,0.0,0.0,0
746,0.0,0.0,3.0,12.0,9.0,0.0,0.0,0.0,0.0,0.0,12.0,12.0,11.0,13.0,0.0,0.0,0.0,2.0,15.0,2.0,0.0,12.0,5.0,0.0,0.0,4.0,8.0,0.0,0.0,6.0,8.0,0.0,0.0,8.0,7.0,0.0,0.0,4.0,8.0,0.0,0.0,7.0,7.0,0.0,0.0,9.0,7.0,0.0,0.0,3.0,13.0,4.0,7.0,16.0,2.0,0.0,0.0,0.0,6.0,16.0,15.0,5.0,0.0,0.0,0
747,0.0,0.0,2.0,15.0,15.0,3.0,0.0,0.0,0.0,0.0,13.0,15.0,8.0,3.0,0.0,0.0,0.0,5.0,16.0,6.0,0.0,0.0,0.0,0.0,0.0,8.0,15.0,5.0,4.0,2.0,0.0,0.0,0.0,8.0,16.0,16.0,16.0,14.0,2.0,0.0,0.0,4.0,16.0,7.0,1.0,13.0,8.0,0.0,0.0,0.0,11.0,12.0,1.0,11.0,13.0,0.0,0.0,0.0,1.0,12.0,16.0,16.0,10.0,0.0,6
748,0.0,0.0,8.0,15.0,12.0,1.0,0.0,0.0,0.0,8.0,13.0,8.0,12.0,6.0,0.0,0.0,0.0,4.0,2.0,0.0,8.0,6.0,0.0,0.0,0.0,0.0,0.0,1.0,13.0,2.0,0.0,0.0,0.0,0.0,0.0,9.0,7.0,0.0,0.0,0.0,0.0,0.0,5.0,13.0,0.0,4.0,4.0,0.0,0.0,0.0,10.0,12.0,9.0,15.0,11.0,0.0,0.0,0.0,9.0,16.0,9.0,7.0,1.0,0.0,2
749,0.0,0.0,12.0,16.0,15.0,1.0,0.0,0.0,0.0,5.0,16.0,10.0,15.0,8.0,0.0,0.0,0.0,1.0,7.0,3.0,14.0,6.0,0.0,0.0,0.0,0.0,0.0,12.0,16.0,7.0,0.0,0.0,0.0,0.0,0.0,3.0,13.0,16.0,6.0,0.0,0.0,0.0,4.0,0.0,0.0,15.0,11.0,0.0,0.0,2.0,16.0,10.0,11.0,16.0,7.0,0.0,0.0,0.0,10.0,16.0,16.0,10.0,1.0,0.0,3
750,0.0,0.0,2.0,15.0,15.0,3.0,0.0,0.0,0.0,3.0,12.0,15.0,10.0,13.0,0.0,0.0,0.0,3.0,16.0,14.0,11.0,14.0,0.0,0.0,0.0,0.0,7.0,16.0,16.0,9.0,0.0,0.0,0.0,0.0,5.0,16.0,13.0,0.0,0.0,0.0,0.0,0.0,13.0,16.0,11.0,0.0,0.0,0.0,0.0,0.0,13.0,16.0,15.0,0.0,0.0,0.0,0.0,0.0,2.0,15.0,10.0,0.0,0.0,0.0,8
751,0.0,1.0,11.0,16.0,16.0,10.0,0.0,0.0,0.0,8.0,16.0,11.0,7.0,16.0,1.0,0.0,0.0,7.0,11.0,0.0,5.0,16.0,2.0,0.0,0.0,0.0,2.0,0.0,7.0,14.0,0.0,0.0,0.0,0.0,0.0,0.0,11.0,12.0,0.0,0.0,0.0,0.0,0.0,3.0,16.0,6.0,0.0,0.0,0.0,0.0,5.0,15.0,16.0,11.0,6.0,0.0,0.0,0.0,14.0,16.0,13.0,13.0,16.0,5.0,2
752,0.0,0.0,11.0,8.0,12.0,5.0,0.0,0.0,0.0,1.0,15.0,11.0,6.0,14.0,2.0,0.0,0.0,4.0,11.0,0.0,0.0,9.0,4.0,0.0,0.0,4.0,8.0,0.0,0.0,8.0,6.0,0.0,0.0,6.0,7.0,0.0,0.0,11.0,3.0,0.0,0.0,5.0,8.0,0.0,5.0,13.0,0.0,0.0,0.0,3.0,13.0,5.0,15.0,3.0,0.0,0.0,0.0,0.0,9.0,14.0,4.0,0.0,0.0,0.0,0
753,0.0,2.0,15.0,16.0,6.0,0.0,0.0,0.0,0.0,5.0,16.0,15.0,14.0,0.0,0.0,0.0,0.0,5.0,13.0,10.0,14.0,0.0,0.0,0.0,0.0,0.0,0.0,12.0,12.0,0.0,0.0,0.0,0.0,0.0,1.0,16.0,7.0,0.0,0.0,0.0,0.0,0.0,10.0,15.0,2.0,0.0,0.0,0.0,0.0,3.0,16.0,10.0,8.0,6.0,1.0,0.0,0.0,2.0,15.0,16.0,16.0,16.0,7.0,0.0,2
755,0.0,0.0,4.0,15.0,13.0,3.0,0.0,0.0,0.0,4.0,13.0,14.0,10.0,13.0,0.0,0.0,0.0,8.0,16.0,8.0,8.0,13.0,0.0,0.0,0.0,0.0,15.0,12.0,15.0,11.0,0.0,0.0,0.0,0.0,6.0,16.0,13.0,1.0,0.0,0.0,0.0,0.0,11.0,15.0,15.0,2.0,0.0,0.0,0.0,0.0,12.0,8.0,15.0,8.0,0.0,0.0,0.0,0.0,5.0,15.0,16.0,5.0,0.0,0.0,8
756,0.0,0.0,5.0,4.0,9.0,10.0,0.0,0.0,0.0,0.0,10.0,8.0,11.0,16.0,2.0,0.0,0.0,0.0,8.0,12.0,14.0,14.0,1.0,0.0,0.0,0.0,5.0,15.0,7.0,0.0,0.0,0.0,0.0,0.0,14.0,12.0,0.0,0.0,0.0,0.0,0.0,1.0,14.0,13.0,3.0,0.0,0.0,0.0,0.0,0.0,12.0,13.0,5.0,0.0,0.0,0.0,0.0,0.0,7.0,16.0,5.0,0.0,0.0,0.0,8
757,0.0,0.0,3.0,8.0,9.0,11.0,14.0,1.0,0.0,0.0,9.0,16.0,16.0,16.0,13.0,0.0,0.0,0.0,16.0,5.0,8.0,0.0,0.0,0.0,0.0,4.0,16.0,16.0,16.0,6.0,0.0,0.0,0.0,2.0,9.0,2.0,9.0,10.0,0.0,0.0,0.0,0.0,0.0,0.0,8.0,8.0,0.0,0.0,0.0,0.0,8.0,12.0,13.0,5.0,0.0,0.0,0.0,0.0,5.0,13.0,10.0,1.0,0.0,0.0,5
758,0.0,0.0,0.0,6.0,12.0,0.0,0.0,0.0,0.0,0.0,0.0,13.0,13.0,0.0,0.0,0.0,0.0,0.0,7.0,16.0,2.0,0.0,0.0,0.0,0.0,0.0,10.0,12.0,0.0,2.0,0.0,0.0,0.0,0.0,13.0,14.0,16.0,14.0,0.0,0.0,0.0,0.0,11.0,16.0,14.0,13.0,6.0,0.0,0.0,0.0,5.0,13.0,9.0,16.0,5.0,0.0,0.0,0.0,0.0,6.0,15.0,12.0,1.0,0.0,6
759,0.0,0.0,1.0,11.0,10.0,0.0,0.0,0.0,0.0,0.0,13.0,10.0,0.0,0.0,0.0,0.0,0.0,3.0,13.0,0.0,0.0,0.0,0.0,0.0,0.0,5.0,11.0,0.0,0.0,0.0,0.0,0.0,0.0,5.0,14.0,12.0,12.0,7.0,0.0,0.0,0.0,0.0,16.0,12.0,5.0,11.0,10.0,0.0,0.0,0.0,10.0,11.0,4.0,10.0,12.0,0.0,0.0,0.0,1.0,12.0,16.0,12.0,3.0,0.0,6
760,0.0,0.0,6.0,15.0,16.0,15.0,11.0,0.0,0.0,1.0,15.0,14.0,8.0,8.0,7.0,0.0,0.0,4.0,16.0,5.0,0.0,0.0,0.0,0.0,0.0,7.0,16.0,8.0,0.0,0.0,0.0,0.0,0.0,1.0,11.0,16.0,8.0,0.0,0.0,0.0,0.0,0.0,0.0,15.0,11.0,0.0,0.0,0.0,0.0,0.0,0.0,14.0,11.0,0.0,0.0,0.0,0.0,0.0,9.0,16.0,5.0,0.0,0.0,0.0,5
761,0.0,0.0,5.0,12.0,1.0,6.0,0.0,0.0,0.0,0.0,11.0,12.0,0.0,16.0,2.0,0.0,0.0,0.0,16.0,5.0,0.0,12.0,4.0,0.0,0.0,3.0,15.0,0.0,0.0,8.0,4.0,0.0,0.0,7.0,12.0,0.0,0.0,4.0,7.0,0.0,0.0,2.0,15.0,1.0,1.0,12.0,5.0,0.0,0.0,0.0,16.0,11.0,12.0,15.0,3.0,0.0,0.0,0.0,4.0,12.0,12.0,3.0,0.0,0.0,0
762,0.0,1.0,10.0,16.0,16.0,11.0,0.0,0.0,0.0,5.0,10.0,8.0,12.0,16.0,4.0,0.0,0.0,0.0,0.0,1.0,10.0,14.0,0.0,0.0,0.0,0.0,0.0,6.0,16.0,4.0,0.0,0.0,0.0,0.0,0.0,7.0,16.0,5.0,0.0,0.0,0.0,0.0,0.0,1.0,12.0,16.0,4.0,0.0,0.0,0.0,2.0,4.0,9.0,16.0,4.0,0.0,0.0,1.0,15.0,14.0,11.0,4.0,0.0,0.0,3
763,0.0,0.0,0.0,12.0,10.0,0.0,0.0,0.0,0.0,0.0,0.0,14.0,16.0,2.0,0.0,0.0,0.0,0.0,0.0,13.0,16.0,0.0,0.0,0.0,0.0,0.0,0.0,11.0,16.0,3.0,0.0,0.0,0.0,0.0,0.0,10.0,16.0,3.0,0.0,0.0,0.0,0.0,0.0,11.0,16.0,2.0,0.0,0.0,0.0,0.0,0.0,14.0,16.0,2.0,0.0,0.0,0.0,0.0,0.0,11.0,14.0,0.0,0.0,0.0,1
766,0.0,0.0,0.0,15.0,2.0,0.0,0.0,0.0,0.0,0.0,0.0,16.0,4.0,0.0,0.0,0.0,0.0,0.0,6.0,9.0,0.0,0.0,0.0,0.0,0.0,0.0,12.0,16.0,16.0,9.0,1.0,0.0,0.0,0.0,14.0,11.0,0.0,8.0,9.0,0.0,0.0,0.0,11.0,14.0,3.0,2.0,14.0,0.0,0.0,0.0,8.0,11.0,4.0,14.0,7.0,0.0,0.0,0.0,1.0,12.0,14.0,6.0,0.0,0.0,6
767,0.0,0.0,0.0,0.0,11.0,12.0,0.0,0.0,0.0,0.0,0.0,3.0,15.0,14.0,0.0,0.0,0.0,0.0,0.0,11.0,16.0,11.0,0.0,0.0,0.0,0.0,9.0,16.0,16.0,10.0,0.0,0.0,0.0,4.0,16.0,12.0,16.0,12.0,0.0,0.0,0.0,3.0,10.0,3.0,16.0,11.0,0.0,0.0,0.0,0.0,0.0,0.0,16.0,14.0,0.0,0.0,0.0,0.0,0.0,0.0,11.0,11.0,0.0,0.0,1
768,0.0,0.0,5.0,12.0,9.0,1.0,0.0,0.0,0.0,0.0,16.0,9.0,15.0,9.0,0.0,0.0,0.0,2.0,14.0,1.0,10.0,12.0,0.0,0.0,0.0,0.0,9.0,14.0,16.0,11.0,0.0,0.0,0.0,0.0,3.0,15.0,16.0,9.0,0.0,0.0,0.0,0.0,12.0,10.0,3.0,13.0,1.0,0.0,0.0,0.0,11.0,8.0,5.0,16.0,3.0,0.0,0.0,0.0,4.0,10.0,8.0,3.0,0.0,0.0,8
769,0.0,0.0,9.0,9.0,12.0,12.0,0.0,0.0,0.0,0.0,14.0,10.0,8.0,3.0,0.0,0.0,0.0,0.0,13.0,6.0,3.0,0.0,0.0,0.0,0.0,0.0,13.0,16.0,15.0,12.0,2.0,0.0,0.0,0.0,0.0,0.0,0.0,5.0,9.0,0.0,0.0,0.0,0.0,0.0,0.0,2.0,12.0,0.0,0.0,0.0,5.0,1.0,2.0,11.0,8.0,0.0,0.0,0.0,10.0,16.0,16.0,11.0,1.0,0.0,5
770,0.0,0.0,0.0,16.0,6.0,0.0,0.0,0.0,0.0,0.0,3.0,16.0,6.0,0.0,0.0,0.0,0.0,0.0,9.0,16.0,0.0,0.0,0.0,0.0,0.0,0.0,12.0,16.0,12.0,9.0,1.0,0.0,0.0,0.0,15.0,16.0,14.0,13.0,12.0,0.0,0.0,0.0,14.0,15.0,7.0,0.0,15.0,6.0,0.0,0.0,9.0,14.0,4.0,7.0,15.0,8.0,0.0,0.0,1.0,13.0,16.0,16.0,12.0,1.0,6
771,0.0,0.0,3.0,12.0,8.0,1.0,0.0,0.0,0.0,0.0,14.0,16.0,16.0,15.0,1.0,0.0,0.0,3.0,15.0,2.0,1.0,12.0,4.0,0.0,0.0,6.0,9.0,0.0,0.0,7.0,8.0,0.0,0.0,7.0,8.0,0.0,0.0,5.0,8.0,0.0,0.0,4.0,12.0,0.0,0.0,9.0,6.0,0.0,0.0,0.0,15.0,11.0,9.0,16.0,2.0,0.0,0.0,0.0,3.0,11.0,15.0,7.0,0.0,0.0,0
773,0.0,0.0,7.0,14.0,15.0,7.0,0.0,0.0,0.0,6.0,16.0,8.0,7.0,16.0,4.0,0.0,0.0,11.0,6.0,1.0,10.0,14.0,1.0,0.0,0.0,1.0,0.0,4.0,16.0,6.0,0.0,0.0,0.0,0.0,0.0,2.0,11.0,13.0,1.0,0.0,0.0,0.0,0.0,0.0,0.0,11.0,7.0,0.0,0.0,0.0,3.0,4.0,8.0,14.0,3.0,0.0,0.0,0.0,10.0,13.0,12.0,4.0,0.0,0.0,3
774,0.0,4.0,16.0,16.0,16.0,15.0,3.0,0.0,0.0,11.0,16.0,14.0,8.0,8.0,1.0,0.0,0.0,12.0,14.0,3.0,0.0,0.0,0.0,0.0,0.0,8.0,16.0,4.0,0.0,0.0,0.0,0.0,0.0,2.0,16.0,9.0,0.0,0.0,0.0,0.0,0.0,0.0,10.0,12.0,0.0,0.0,0.0,0.0,0.0,1.0,14.0,11.0,0.0,0.0,0.0,0.0,0.0,5.0,16.0,3.0,0.0,0.0,0.0,0.0,5
775,0.0,0.0,0.0,12.0,13.0,0.0,0.0,0.0,0.0,0.0,5.0,16.0,10.0,0.0,0.0,0.0,0.0,6.0,16.0,13.0,11.0,12.0,2.0,0.0,0.0,12.0,16.0,10.0,15.0,16.0,9.0,0.0,0.0,4.0,14.0,16.0,16.0,12.0,4.0,0.0,0.0,0.0,0.0,14.0,13.0,0.0,0.0,0.0,0.0,0.0,0.0,14.0,12.0,0.0,0.0,0.0,0.0,0.0,0.0,11.0,13.0,0.0,0.0,0.0,4
776,0.0,0.0,10.0,12.0,16.0,16.0,8.0,0.0,0.0,4.0,16.0,16.0,11.0,5.0,4.0,0.0,0.0,10.0,12.0,3.0,0.0,0.0,0.0,0.0,0.0,12.0,11.0,0.0,0.0,0.0,0.0,0.0,0.0,6.0,16.0,14.0,8.0,0.0,0.0,0.0,0.0,0.0,5.0,10.0,16.0,3.0,0.0,0.0,0.0,0.0,4.0,8.0,16.0,3.0,0.0,0.0,0.0,0.0,13.0,16.0,11.0,0.0,0.0,0.0,5
777,0.0,0.0,0.0,14.0,4.0,0.0,0.0,0.0,0.0,0.0,6.0,13.0,1.0,0.0,0.0,0.0,0.0,0.0,15.0,4.0,0.0,0.0,0.0,0.0,0.0,4.0,16.0,7.0,4.0,2.0,0.0,0.0,0.0,8.0,16.0,11.0,9.0,15.0,5.0,0.0,0.0,5.0,14.0,1.0,0.0,10.0,9.0,0.0,0.0,0.0,11.0,12.0,5.0,13.0,5.0,0.0,0.0,0.0,1.0,13.0,16.0,9.0,0.0,0.0,6
779,0.0,3.0,13.0,16.0,9.0,0.0,0.0,0.0,0.0,10.0,15.0,13.0,15.0,2.0,0.0,0.0,0.0,15.0,4.0,4.0,16.0,1.0,0.0,0.0,0.0,0.0,0.0,5.0,16.0,2.0,0.0,0.0,0.0,0.0,1.0,14.0,13.0,0.0,0.0,0.0,0.0,0.0,10.0,16.0,5.0,0.0,0.0,0.0,0.0,4.0,16.0,13.0,8.0,10.0,9.0,1.0,0.0,2.0,16.0,16.0,14.0,12.0,9.0,1.0,2
780,0.0,0.0,2.0,7.0,15.0,13.0,1.0,0.0,0.0,0.0,14.0,12.0,9.0,14.0,8.0,0.0,0.0,0.0,2.0,0.0,0.0,12.0,8.0,0.0,0.0,0.0,0.0,0.0,0.0,13.0,6.0,0.0,0.0,5.0,16.0,16.0,16.0,16.0,5.0,0.0,0.0,2.0,5.0,7.0,13.0,14.0,2.0,0.0,0.0,0.0,0.0,1.0,15.0,5.0,0.0,0.0,0.0,0.0,0.0,11.0,9.0,0.0,0.0,0.0,7
783,0.0,2.0,11.0,16.0,13.0,2.0,0.0,0.0,0.0,11.0,15.0,12.0,16.0,7.0,0.0,0.0,0.0,7.0,6.0,0.0,14.0,8.0,0.0,0.0,0.0,0.0,0.0,1.0,16.0,6.0,0.0,0.0,0.0,0.0,0.0,10.0,10.0,0.0,0.0,0.0,0.0,0.0,7.0,16.0,4.0,3.0,3.0,0.0,0.0,3.0,15.0,16.0,15.0,15.0,11.0,0.0,0.0,2.0,13.0,12.0,9.0,0.0,0.0,0.0,2
784,0.0,0.0,3.0,14.0,13.0,1.0,0.0,0.0,0.0,0.0,9.0,16.0,16.0,9.0,0.0,0.0,0.0,0.0,8.0,16.0,11.0,15.0,1.0,0.0,0.0,0.0,2.0,14.0,16.0,15.0,2.0,0.0,0.0,0.0,6.0,16.0,16.0,6.0,0.0,0.0,0.0,0.0,15.0,11.0,10.0,12.0,0.0,0.0,0.0,1.0,16.0,11.0,11.0,15.0,0.0,0.0,0.0,0.0,5.0,13.0,15.0,7.0,0.0,0.0,8
785,0.0,0.0,2.0,11.0,13.0,4.0,0.0,0.0,0.0,0.0,12.0,16.0,13.0,15.0,0.0,0.0,0.0,0.0,16.0,9.0,1.0,3.0,0.0,0.0,0.0,4.0,16.0,6.0,14.0,9.0,1.0,0.0,0.0,7.0,16.0,16.0,16.0,16.0,6.0,0.0,0.0,1.0,16.0,14.0,4.0,16.0,8.0,0.0,0.0,0.0,12.0,16.0,13.0,16.0,2.0,0.0,0.0,0.0,2.0,10.0,16.0,7.0,0.0,0.0,6
787,0.0,0.0,7.0,15.0,16.0,8.0,0.0,0.0,0.0,0.0,16.0,7.0,6.0,15.0,3.0,0.0,0.0,4.0,16.0,0.0,7.0,13.0,4.0,0.0,0.0,0.0,16.0,2.0,8.0,14.0,8.0,0.0,0.0,0.0,12.0,14.0,14.0,7.0,0.0,0.0,0.0,0.0,9.0,16.0,6.0,0.0,0.0,0.0,0.0,0.0,11.0,3.0,14.0,2.0,0.0,0.0,0.0,0.0,5.0,11.0,10.0,10.0,0.0,0.0,8
788,0.0,0.0,2.0,15.0,13.0,0.0,0.0,0.0,0.0,0.0,13.0,16.0,16.0,9.0,0.0,0.0,0.0,5.0,16.0,9.0,6.0,16.0,4.0,0.0,0.0,5.0,16.0,3.0,1.0,14.0,7.0,0.0,0.0,6.0,16.0,4.0,0.0,16.0,8.0,0.0,0.0,3.0,16.0,12.0,6.0,16.0,12.0,0.0,0.0,0.0,14.0,16.0,16.0,16.0,4.0,0.0,0.0,0.0,2.0,13.0,15.0,8.0,0.0,0.0,0
789,0.0,0.0,7.0,12.0,9.0,0.0,0.0,0.0,0.0,0.0,12.0,16.0,16.0,1.0,0.0,0.0,0.0,0.0,11.0,16.0,16.0,0.0,0.0,0.0,0.0,0.0,12.0,16.0,16.0,0.0,0.0,0.0,0.0,0.0,13.0,16.0,16.0,0.0,0.0,0.0,0.0,0.0,13.0,16.0,16.0,0.0,0.0,0.0,0.0,1.0,14.0,16.0,16.0,1.0,0.0,0.0,0.0,0.0,4.0,12.0,12.0,9.0,0.0,0.0,1
790,0.0,0.0,6.0,15.0,16.0,16.0,3.0,0.0,0.0,0.0,14.0,16.0,6.0,6.0,1.0,0.0,0.0,3.0,14.0,5.0,0.0,0.0,0.0,0.0,0.0,11.0,15.0,8.0,4.0,0.0,0.0,0.0,0.0,1.0,10.0,12.0,16.0,8.0,0.0,0.0,0.0,0.0,0.0,0.0,5.0,16.0,0.0,0.0,0.0,0.0,0.0,5.0,13.0,14.0,0.0,0.0,0.0,0.0,4.0,16.0,14.0,3.0,0.0,0.0,5
791,0.0,2.0,15.0,16.0,15.0,2.0,0.0,0.0,0.0,8.0,14.0,8.0,14.0,8.0,0.0,0.0,0.0,7.0,5.0,2.0,16.0,5.0,0.0,0.0,0.0,0.0,0.0,12.0,13.0,0.0,0.0,0.0,0.0,0.0,8.0,15.0,1.0,0.0,0.0,0.0,0.0,1.0,15.0,7.0,0.0,0.0,0.0,0.0,0.0,4.0,16.0,9.0,8.0,8.0,2.0,0.0,0.0,2.0,15.0,16.0,16.0,16.0,13.0,0.0,2
792,0.0,2.0,14.0,16.0,16.0,7.0,0.0,0.0,0.0,6.0,15.0,5.0,6.0,13.0,0.0,0.0,0.0,4.0,15.0,0.0,9.0,16.0,6.0,0.0,0.0,2.0,13.0,16.0,16.0,15.0,9.0,0.0,0.0,0.0,1.0,4.0,2.0,15.0,8.0,0.0,0.0,0.0,0.0,0.0,1.0,16.0,6.0,0.0,0.0,0.0,0.0,1.0,12.0,15.0,2.0,0.0,0.0,1.0,14.0,16.0,16.0,6.0,0.0,0.0,9
794,0.0,1.0,13.0,14.0,2.0,0.0,0.0,0.0,0.0,7.0,14.0,9.0,5.0,0.0,0.0,0.0,0.0,6.0,13.0,3.0,12.0,6.0,4.0,0.0,0.0,1.0,14.0,12.0,14.0,16.0,4.0,0.0,0.0,0.0,2.0,16.0,16.0,7.0,0.0,0.0,0.0,0.0,11.0,14.0,8.0,13.0,0.0,0.0,0.0,4.0,16.0,4.0,2.0,14.0,2.0,0.0,0.0,1.0,12.0,14.0,13.0,6.0,0.0,0.0,8
797,0.0,5.0,16.0,12.0,1.0,0.0,0.0,0.0,0.0,5.0,14.0,15.0,8.0,0.0,0.0,0.0,0.0,0.0,0.0,14.0,10.0,0.0,0.0,0.0,0.0,0.0,2.0,16.0,7.0,0.0,0.0,0.0,0.0,0.0,7.0,16.0,3.0,0.0,0.0,0.0,0.0,2.0,14.0,10.0,0.0,0.0,0.0,0.0,0.0,11.0,16.0,9.0,8.0,8.0,3.0,0.0,0.0,8.0,16.0,16.0,16.0,16.0,4.0,0.0,2
798,0.0,0.0,2.0,16.0,15.0,5.0,0.0,0.0,0.0,0.0,10.0,16.0,14.0,15.0,0.0,0.0,0.0,0.0,15.0,10.0,0.0,16.0,7.0,0.0,0.0,4.0,16.0,1.0,0.0,12.0,5.0,0.0,0.0,4.0,15.0,0.0,0.0,12.0,5.0,0.0,0.0,5.0,16.0,6.0,0.0,16.0,0.0,0.0,0.0,0.0,14.0,13.0,8.0,15.0,0.0,0.0,0.0,0.0,3.0,14.0,16.0,6.0,0.0,0.0,0
799,0.0,0.0,8.0,15.0,15.0,2.0,0.0,0.0,0.0,2.0,16.0,13.0,12.0,10.0,0.0,0.0,0.0,3.0,15.0,1.0,9.0,11.0,0.0,0.0,0.0,0.0,0.0,1.0,15.0,8.0,0.0,0.0,0.0,0.0,0.0,10.0,13.0,1.0,0.0,0.0,0.0,0.0,8.0,16.0,7.0,0.0,0.0,0.0,0.0,6.0,16.0,16.0,13.0,7.0,6.0,1.0,0.0,0.0,7.0,5.0,12.0,16.0,15.0,2.0,2
800,0.0,0.0,9.0,15.0,16.0,2.0,0.0,0.0,0.0,0.0,13.0,9.0,16.0,4.0,0.0,0.0,0.0,0.0,2.0,6.0,16.0,16.0,12.0,0.0,0.0,0.0,14.0,16.0,14.0,8.0,7.0,0.0,0.0,0.0,3.0,14.0,9.0,0.0,0.0,0.0,0.0,0.0,3.0,16.0,3.0,0.0,0.0,0.0,0.0,0.0,10.0,16.0,0.0,0.0,0.0,0.0,0.0,0.0,12.0,11.0,0.0,0.0,0.0,0.0,7
801,0.0,0.0,3.0,13.0,10.0,1.0,0.0,0.0,0.0,0.0,3.0,16.0,16.0,4.0,0.0,0.0,0.0,0.0,1.0,16.0,16.0,2.0,0.0,0.0,0.0,0.0,6.0,16.0,16.0,1.0,0.0,0.0,0.0,0.0,4.0,16.0,16.0,1.0,0.0,0.0,0.0,0.0,4.0,16.0,16.0,3.0,0.0,0.0,0.0,0.0,7.0,16.0,16.0,0.0,0.0,0.0,0.0,0.0,2.0,14.0,16.0,5.0,0.0,0.0,1
804,0.0,0.0,0.0,4.0,15.0,6.0,0.0,0.0,0.0,0.0,0.0,13.0,13.0,1.0,0.0,0.0,0.0,0.0,7.0,16.0,2.0,0.0,0.0,0.0,0.0,4.0,15.0,8.0,0.0,5.0,0.0,0.0,0.0,11.0,14.0,1.0,6.0,16.0,5.0,0.0,1.0,16.0,14.0,12.0,16.0,16.0,3.0,0.0,0.0,10.0,12.0,10.0,16.0,10.0,0.0,0.0,0.0,0.0,0.0,6.0,16.0,2.0,0.0,0.0,4
805,0.0,0.0,9.0,16.0,3.0,0.0,0.0,0.0,0.0,0.0,11.0,16.0,14.0,1.0,0.0,0.0,0.0,0.0,0.0,11.0,16.0,4.0,0.0,0.0,0.0,0.0,0.0,8.0,16.0,10.0,1.0,0.0,0.0,1.0,12.0,16.0,16.0,16.0,9.0,0.0,0.0,1.0,11.0,16.0,11.0,4.0,0.0,0.0,0.0,0.0,6.0,16.0,4.0,0.0,0.0,0.0,0.0,0.0,11.0,11.0,0.0,0.0,0.0,0.0,7
806,0.0,0.0,0.0,3.0,16.0,3.0,0.0,0.0,0.0,0.0,0.0,12.0,16.0,2.0,0.0,0.0,0.0,0.0,8.0,16.0,16.0,4.0,0.0,0.0,0.0,7.0,16.0,15.0,16.0,12.0,11.0,0.0,0.0,8.0,16.0,16.0,16.0,13.0,3.0,0.0,0.0,0.0,0.0,7.0,14.0,1.0,0.0,0.0,0.0,0.0,0.0,6.0,16.0,0.0,0.0,0.0,0.0,0.0,0.0,4.0,14.0,0.0,0.0,0.0,4
807,0.0,0.0,0.0,2.0,14.0,1.0,0.0,0.0,0.0,0.0,0.0,14.0,8.0,0.0,0.0,0.0,0.0,0.0,8.0,15.0,1.0,0.0,0.0,0.0,0.0,0.0,13.0,6.0,0.0,5.0,11.0,0.0,0.0,3.0,15.0,0.0,0.0,10.0,9.0,0.0,0.0,9.0,13.0,4.0,7.0,16.0,3.0,0.0,0.0,7.0,16.0,16.0,16.0,13.0,0.0,0.0,0.0,0.0,3.0,2.0,16.0,6.0,0.0,0.0,4
809,0.0,0.0,3.0,4.0,10.0,0.0,0.0,0.0,0.0,3.0,15.0,8.0,14.0,3.0,0.0,0.0,0.0,8.0,7.0,0.0,10.0,6.0,0.0,0.0,0.0,3.0,11.0,8.0,15.0,11.0,0.0,0.0,0.0,0.0,1.0,7.0,3.0,13.0,3.0,0.0,0.0,0.0,0.0,0.0,0.0,6.0,9.0,0.0,0.0,0.0,9.0,6.0,1.0,0.0,16.0,0.0,0.0,0.0,0.0,3.0,11.0,16.0,16.0,3.0,9
810,0.0,0.0,8.0,14.0,12.0,3.0,0.0,0.0,0.0,6.0,16.0,6.0,14.0,14.0,0.0,0.0,0.0,6.0,13.0,0.0,8.0,14.0,0.0,0.0,0.0,2.0,14.0,14.0,14.0,16.0,3.0,0.0,0.0,0.0,2.0,4.0,6.0,16.0,5.0,0.0,0.0,0.0,0.0,0.0,0.0,16.0,5.0,0.0,0.0,0.0,0.0,0.0,5.0,16.0,3.0,0.0,0.0,0.0,7.0,16.0,16.0,8.0,0.0,0.0,9
812,0.0,0.0,0.0,12.0,9.0,0.0,0.0,0.0,0.0,0.0,2.0,16.0,16.0,0.0,0.0,0.0,0.0,0.0,3.0,16.0,16.0,1.0,0.0,0.0,0.0,0.0,4.0,16.0,13.0,0.0,0.0,0.0,0.0,0.0,3.0,16.0,11.0,0.0,0.0,0.0,0.0,0.0,5.0,16.0,10.0,0.0,0.0,0.0,0.0,0.0,2.0,16.0,10.0,0.0,0.0,0.0,0.0,0.0,0.0,11.0,13.0,0.0,0.0,0.0,1
817,0.0,0.0,5.0,16.0,16.0,16.0,9.0,0.0,0.0,0.0,1.0,6.0,4.0,12.0,14.0,0.0,0.0,0.0,0.0,0.0,0.0,15.0,9.0,0.0,0.0,0.0,4.0,6.0,11.0,16.0,1.0,0.0,0.0,0.0,15.0,16.0,16.0,16.0,9.0,0.0,0.0,0.0,2.0,10.0,11.0,0.0,1.0,0.0,0.0,0.0,2.0,15.0,3.0,0.0,0.0,0.0,0.0,0.0,11.0,10.0,0.0,0.0,0.0,0.0,7
820,0.0,0.0,0.0,6.0,16.0,0.0,0.0,0.0,0.0,0.0,0.0,12.0,13.0,0.0,0.0,0.0,0.0,0.0,5.0,15.0,3.0,6.0,15.0,0.0,0.0,1.0,14.0,11.0,0.0,13.0,13.0,0.0,0.0,10.0,16.0,13.0,12.0,16.0,5.0,0.0,0.0,11.0,12.0,12.0,16.0,14.0,2.0,0.0,0.0,0.0,0.0,3.0,16.0,9.0,0.0,0.0,0.0,0.0,0.0,8.0,16.0,3.0,0.0,0.0,4
821,0.0,0.0,0.0,8.0,13.0,0.0,0.0,0.0,0.0,0.0,0.0,14.0,6.0,0.0,0.0,0.0,0.0,0.0,6.0,12.0,0.0,0.0,0.0,0.0,0.0,0.0,8.0,13.0,8.0,2.0,0.0,0.0,0.0,0.0,13.0,16.0,13.0,14.0,4.0,0.0,0.0,0.0,11.0,8.0,2.0,3.0,13.0,0.0,0.0,0.0,7.0,11.0,5.0,12.0,11.0,0.0,0.0,0.0,1.0,11.0,12.0,4.0,0.0,0.0,6
822,0.0,0.0,4.0,13.0,16.0,14.0,0.0,0.0,0.0,0.0,13.0,10.0,11.0,15.0,0.0,0.0,0.0,0.0,0.0,0.0,9.0,11.0,0.0,0.0,0.0,0.0,1.0,6.0,14.0,16.0,8.0,0.0,0.0,0.0,11.0,16.0,15.0,8.0,5.0,0.0,0.0,0.0,2.0,11.0,10.0,0.0,0.0,0.0,0.0,0.0,1.0,14.0,6.0,0.0,0.0,0.0,0.0,0.0,5.0,16.0,2.0,0.0,0.0,0.0,7
823,0.0,0.0,0.0,7.0,15.0,1.0,0.0,0.0,0.0,0.0,0.0,15.0,16.0,1.0,0.0,0.0,0.0,0.0,9.0,16.0,16.0,2.0,0.0,0.0,0.0,2.0,16.0,16.0,16.0,0.0,0.0,0.0,0.0,10.0,16.0,16.0,16.0,16.0,8.0,0.0,0.0,8.0,15.0,15.0,14.0,8.0,5.0,0.0,0.0,0.0,0.0,11.0,12.0,0.0,0.0,0.0,0.0,0.0,0.0,6.0,15.0,1.0,0.0,0.0,4
824,0.0,0.0,0.0,9.0,13.0,3.0,0.0,0.0,0.0,0.0,8.0,15.0,12.0,15.0,2.0,0.0,0.0,0.0,12.0,8.0,0.0,15.0,4.0,0.0,0.0,3.0,13.0,0.0,0.0,10.0,7.0,0.0,0.0,8.0,9.0,0.0,0.0,13.0,7.0,0.0,0.0,2.0,16.0,4.0,7.0,16.0,5.0,0.0,0.0,0.0,14.0,14.0,16.0,15.0,1.0,0.0,0.0,0.0,1.0,12.0,14.0,4.0,0.0,0.0,0
825,0.0,0.0,3.0,10.0,13.0,7.0,0.0,0.0,0.0,1.0,14.0,13.0,15.0,14.0,0.0,0.0,0.0,0.0,15.0,5.0,14.0,9.0,0.0,0.0,0.0,0.0,0.0,10.0,16.0,5.0,0.0,0.0,0.0,0.0,0.0,7.0,14.0,16.0,3.0,0.0,0.0,4.0,5.0,0.0,2.0,16.0,4.0,0.0,0.0,10.0,16.0,10.0,8.0,16.0,3.0,0.0,0.0,0.0,5.0,12.0,14.0,8.0,0.0,0.0,3
826,0.0,0.0,0.0,0.0,14.0,4.0,0.0,0.0,0.0,0.0,0.0,3.0,16.0,11.0,0.0,0.0,0.0,0.0,0.0,10.0,16.0,9.0,0.0,0.0,0.0,0.0,0.0,13.0,16.0,7.0,0.0,0.0,0.0,0.0,12.0,16.0,16.0,4.0,0.0,0.0,0.0,1.0,13.0,12.0,16.0,5.0,0.0,0.0,0.0,0.0,0.0,4.0,16.0,9.0,0.0,0.0,0.0,0.0,0.0,0.0,14.0,10.0,0.0,0.0,1
827,0.0,0.0,1.0,13.0,8.0,0.0,0.0,0.0,0.0,0.0,7.0,16.0,3.0,0.0,0.0,0.0,0.0,0.0,14.0,9.0,0.0,7.0,7.0,0.0,0.0,3.0,16.0,3.0,2.0,15.0,9.0,0.0,0.0,9.0,16.0,8.0,12.0,15.0,0.0,0.0,0.0,6.0,16.0,16.0,16.0,7.0,0.0,0.0,0.0,0.0,3.0,12.0,15.0,1.0,0.0,0.0,0.0,0.0,0.0,13.0,9.0,0.0,0.0,0.0,4
829,0.0,0.0,8.0,11.0,8.0,10.0,14.0,8.0,0.0,3.0,15.0,11.0,12.0,16.0,5.0,1.0,0.0,1.0,16.0,0.0,11.0,8.0,0.0,0.0,0.0,0.0,1.0,5.0,16.0,5.0,0.0,0.0,0.0,0.0,3.0,15.0,16.0,14.0,0.0,0.0,0.0,0.0,7.0,16.0,3.0,0.0,0.0,0.0,0.0,0.0,6.0,13.0,0.0,0.0,0.0,0.0,0.0,0.0,11.0,7.0,0.0,0.0,0.0,0.0,7
830,0.0,0.0,0.0,0.0,9.0,16.0,4.0,0.0,0.0,0.0,0.0,5.0,15.0,16.0,2.0,0.0,0.0,3.0,12.0,16.0,16.0,14.0,0.0,0.0,0.0,10.0,16.0,15.0,16.0,15.0,0.0,0.0,0.0,1.0,4.0,0.0,16.0,13.0,0.0,0.0,0.0,0.0,0.0,0.0,15.0,13.0,0.0,0.0,0.0,0.0,0.0,0.0,12.0,16.0,12.0,0.0,0.0,0.0,0.0,0.0,12.0,16.0,6.0,0.0,1
831,0.0,0.0,11.0,14.0,16.0,10.0,0.0,0.0,0.0,6.0,15.0,8.0,6.0,4.0,0.0,0.0,0.0,5.0,12.0,2.0,0.0,0.0,0.0,0.0,0.0,12.0,16.0,15.0,1.0,0.0,0.0,0.0,0.0,3.0,11.0,11.0,6.0,0.0,0.0,0.0,0.0,0.0,0.0,12.0,10.0,0.0,0.0,0.0,0.0,0.0,5.0,16.0,9.0,0.0,0.0,0.0,0.0,0.0,13.0,16.0,3.0,0.0,0.0,0.0,5
832,0.0,0.0,6.0,14.0,4.0,0.0,0.0,0.0,0.0,0.0,11.0,16.0,10.0,0.0,0.0,0.0,0.0,0.0,8.0,14.0,16.0,2.0,0.0,0.0,0.0,0.0,1.0,12.0,12.0,11.0,0.0,0.0,0.0,0.0,0.0,0.0,0.0,11.0,3.0,0.0,0.0,0.0,0.0,0.0,0.0,5.0,11.0,0.0,0.0,0.0,1.0,4.0,4.0,7.0,16.0,2.0,0.0,0.0,7.0,16.0,16.0,13.0,11.0,1.0,9
833,0.0,0.0,11.0,10.0,12.0,4.0,0.0,0.0,0.0,0.0,12.0,13.0,9.0,16.0,1.0,0.0,0.0,0.0,7.0,13.0,11.0,16.0,0.0,0.0,0.0,0.0,1.0,16.0,14.0,4.0,0.0,0.0,0.0,0.0,10.0,16.0,13.0,0.0,0.0,0.0,0.0,0.0,14.0,7.0,12.0,7.0,0.0,0.0,0.0,4.0,14.0,4.0,12.0,13.0,0.0,0.0,0.0,1.0,11.0,14.0,12.0,4.0,0.0,0.0,8
834,0.0,0.0,0.0,1.0,16.0,11.0,0.0,0.0,0.0,0.0,0.0,1.0,16.0,16.0,4.0,0.0,0.0,0.0,0.0,8.0,16.0,16.0,0.0,0.0,0.0,0.0,10.0,16.0,16.0,16.0,1.0,0.0,0.0,6.0,16.0,14.0,16.0,15.0,0.0,0.0,0.0,1.0,3.0,5.0,16.0,12.0,0.0,0.0,0.0,0.0,0.0,4.0,16.0,12.0,0.0,0.0,0.0,0.0,0.0,2.0,15.0,12.0,0.0,0.0,1
835,0.0,0.0,2.0,10.0,15.0,1.0,0.0,0.0,0.0,3.0,16.0,16.0,13.0,13.0,0.0,0.0,0.0,5.0,16.0,12.0,1.0,12.0,1.0,0.0,0.0,7.0,13.0,5.0,0.0,7.0,5.0,0.0,0.0,2.0,14.0,0.0,0.0,7.0,10.0,0.0,0.0,0.0,12.0,2.0,0.0,12.0,7.0,0.0,0.0,0.0,9.0,12.0,12.0,16.0,4.0,0.0,0.0,0.0,0.0,10.0,16.0,6.0,0.0,0.0,0
836,0.0,0.0,0.0,11.0,5.0,3.0,11.0,0.0,0.0,0.0,7.0,14.0,2.0,12.0,9.0,0.0,0.0,2.0,15.0,6.0,3.0,16.0,5.0,0.0,0.0,7.0,16.0,8.0,13.0,16.0,13.0,0.0,0.0,7.0,16.0,16.0,16.0,7.0,1.0,0.0,0.0,0.0,4.0,10.0,13.0,0.0,0.0,0.0,0.0,0.0,0.0,12.0,6.0,0.0,0.0,0.0,0.0,0.0,0.0,12.0,0.0,0.0,0.0,0.0,4
837,0.0,0.0,8.0,16.0,15.0,8.0,0.0,0.0,0.0,1.0,16.0,16.0,16.0,2.0,0.0,0.0,0.0,2.0,16.0,16.0,10.0,0.0,0.0,0.0,0.0,2.0,16.0,16.0,12.0,0.0,0.0,0.0,0.0,6.0,16.0,16.0,13.0,0.0,0.0,0.0,0.0,1.0,16.0,16.0,11.0,0.0,0.0,0.0,0.0,0.0,16.0,16.0,10.0,0.0,0.0,0.0,0.0,0.0,7.0,15.0,15.0,0.0,0.0,0.0,1
841,0.0,0.0,10.0,9.0,14.0,10.0,0.0,0.0,0.0,2.0,15.0,15.0,4.0,14.0,2.0,0.0,0.0,0.0,13.0,5.0,9.0,12.0,0.0,0.0,0.0,0.0,4.0,16.0,14.0,2.0,0.0,0.0,0.0,0.0,11.0,12.0,10.0,0.0,0.0,0.0,0.0,0.0,15.0,1.0,12.0,0.0,0.0,0.0,0.0,3.0,12.0,2.0,13.0,0.0,0.0,0.0,0.0,0.0,9.0,16.0,7.0,0.0,0.0,0.0,8
842,0.0,1.0,10.0,16.0,15.0,2.0,0.0,0.0,0.0,1.0,12.0,13.0,16.0,4.0,0.0,0.0,0.0,0.0,0.0,0.0,16.0,8.0,0.0,0.0,0.0,0.0,7.0,11.0,16.0,13.0,8.0,0.0,0.0,8.0,16.0,16.0,16.0,16.0,6.0,0.0,0.0,2.0,10.0,16.0,9.0,0.0,0.0,0.0,0.0,0.0,3.0,16.0,4.0,0.0,0.0,0.0,0.0,0.0,10.0,15.0,2.0,0.0,0.0,0.0,7
843,0.0,0.0,8.0,16.0,3.0,0.0,1.0,0.0,0.0,0.0,16.0,14.0,5.0,14.0,12.0,0.0,0.0,0.0,8.0,16.0,16.0,9.0,0.0,0.0,0.0,0.0,3.0,16.0,14.0,1.0,0.0,0.0,0.0,0.0,12.0,16.0,16.0,2.0,0.0,0.0,0.0,0.0,16.0,11.0,16.0,4.0,0.0,0.0,0.0,3.0,16.0,16.0,16.0,6.0,0.0,0.0,0.0,0.0,10.0,16.0,10.0,1.0,0.0,0.0,8
846,0.0,0.0,4.0,16.0,16.0,4.0,0.0,0.0,0.0,0.0,12.0,11.0,7.0,11.0,0.0,0.0,0.0,0.0,9.0,2.0,5.0,12.0,0.0,0.0,0.0,0.0,0.0,0.0,7.0,11.0,0.0,0.0,0.0,0.0,0.0,0.0,13.0,6.0,0.0,0.0,0.0,0.0,0.0,2.0,16.0,1.0,0.0,0.0,0.0,0.0,1.0,15.0,15.0,10.0,1.0,0.0,0.0,0.0,5.0,16.0,8.0,11.0,11.0,0.0,2
847,0.0,0.0,6.0,16.0,11.0,0.0,0.0,0.0,0.0,0.0,9.0,16.0,16.0,5.0,0.0,0.0,0.0,0.0,8.0,16.0,16.0,4.0,0.0,0.0,0.0,0.0,10.0,16.0,13.0,0.0,0.0,0.0,0.0,0.0,13.0,16.0,12.0,0.0,0.0,0.0,0.0,0.0,10.0,16.0,9.0,0.0,0.0,0.0,0.0,0.0,9.0,16.0,10.0,0.0,0.0,0.0,0.0,0.0,4.0,15.0,16.0,3.0,0.0,0.0,1
848,0.0,0.0,7.0,14.0,16.0,13.0,1.0,0.0,0.0,9.0,15.0,8.0,10.0,16.0,7.0,0.0,0.0,5.0,1.0,0.0,14.0,14.0,1.0,0.0,0.0,0.0,0.0,4.0,16.0,12.0,0.0,0.0,0.0,0.0,0.0,2.0,16.0,13.0,0.0,0.0,0.0,0.0,0.0,0.0,6.0,16.0,7.0,0.0,0.0,0.0,9.0,7.0,6.0,16.0,9.0,0.0,0.0,0.0,5.0,15.0,16.0,11.0,3.0,0.0,3
849,0.0,0.0,0.0,7.0,13.0,0.0,0.0,0.0,0.0,0.0,0.0,14.0,6.0,0.0,0.0,0.0,0.0,0.0,10.0,10.0,2.0,6.0,0.0,0.0,0.0,3.0,16.0,3.0,9.0,13.0,2.0,0.0,0.0,11.0,12.0,6.0,14.0,16.0,10.0,0.0,0.0,11.0,16.0,16.0,16.0,10.0,3.0,0.0,0.0,2.0,8.0,10.0,16.0,1.0,0.0,0.0,0.0,0.0,0.0,9.0,13.0,0.0,0.0,0.0,4
850,0.0,0.0,0.0,4.0,12.0,0.0,0.0,0.0,0.0,0.0,0.0,12.0,16.0,8.0,0.0,0.0,0.0,0.0,4.0,16.0,15.0,8.0,0.0,0.0,0.0,1.0,15.0,8.0,14.0,7.0,0.0,0.0,0.0,6.0,16.0,8.0,14.0,14.0,4.0,0.0,0.0,10.0,16.0,16.0,16.0,13.0,1.0,0.0,0.0,0.0,0.0,2.0,16.0,4.0,0.0,0.0,0.0,0.0,0.0,4.0,13.0,2.0,0.0,0.0,4
853,0.0,0.0,3.0,11.0,16.0,10.0,0.0,0.0,0.0,0.0,10.0,16.0,10.0,14.0,6.0,0.0,0.0,0.0,15.0,7.0,0.0,11.0,8.0,0.0,0.0,3.0,16.0,2.0,0.0,8.0,8.0,0.0,0.0,4.0,12.0,0.0,0.0,9.0,8.0,0.0,0.0,6.0,15.0,1.0,0.0,12.0,8.0,0.0,0.0,3.0,15.0,10.0,8.0,15.0,4.0,0.0,0.0,0.0,5.0,12.0,14.0,9.0,0.0,0.0,0
856,0.0,0.0,0.0,2.0,14.0,0.0,0.0,0.0,0.0,0.0,0.0,12.0,9.0,0.0,0.0,0.0,0.0,0.0,8.0,12.0,0.0,0.0,13.0,5.0,0.0,0.0,13.0,8.0,0.0,9.0,14.0,0.0,0.0,4.0,16.0,16.0,12.0,16.0,4.0,0.0,0.0,4.0,12.0,12.0,15.0,12.0,0.0,0.0,0.0,0.0,0.0,1.0,15.0,4.0,0.0,0.0,0.0,0.0,0.0,4.0,10.0,0.0,0.0,0.0,4
857,0.0,0.0,4.0,14.0,15.0,6.0,0.0,0.0,0.0,5.0,16.0,16.0,16.0,16.0,0.0,0.0,0.0,5.0,16.0,16.0,16.0,16.0,3.0,0.0,0.0,0.0,2.0,8.0,13.0,16.0,5.0,0.0,0.0,0.0,0.0,0.0,8.0,16.0,6.0,0.0,0.0,0.0,0.0,0.0,4.0,16.0,8.0,0.0,0.0,0.0,1.0,6.0,13.0,16.0,6.0,0.0,0.0,0.0,4.0,13.0,15.0,9.0,0.0,0.0,9
858,0.0,1.0,7.0,14.0,16.0,12.0,1.0,0.0,0.0,7.0,16.0,9.0,6.0,11.0,1.0,0.0,0.0,11.0,12.0,4.0,1.0,0.0,0.0,0.0,0.0,12.0,16.0,16.0,15.0,6.0,0.0,0.0,0.0,3.0,9.0,4.0,11.0,12.0,0.0,0.0,0.0,0.0,0.0,0.0,8.0,16.0,0.0,0.0,0.0,0.0,0.0,0.0,14.0,13.0,0.0,0.0,0.0,0.0,6.0,16.0,15.0,3.0,0.0,0.0,5
859,0.0,0.0,0.0,8.0,15.0,1.0,0.0,0.0,0.0,0.0,0.0,12.0,14.0,0.0,0.0,0.0,0.0,0.0,3.0,16.0,7.0,0.0,0.0,0.0,0.0,0.0,6.0,16.0,2.0,0.0,0.0,0.0,0.0,0.0,7.0,16.0,16.0,13.0,5.0,0.0,0.0,0.0,15.0,16.0,9.0,9.0,14.0,0.0,0.0,0.0,3.0,14.0,9.0,2.0,16.0,2.0,0.0,0.0,0.0,7.0,15.0,16.0,11.0,0.0,6
861,0.0,0.0,5.0,16.0,10.0,0.0,0.0,0.0,0.0,0.0,8.0,16.0,16.0,5.0,0.0,0.0,0.0,0.0,14.0,14.0,1.0,12.0,0.0,0.0,0.0,0.0,15.0,10.0,0.0,7.0,4.0,0.0,0.0,2.0,16.0,7.0,0.0,2.0,9.0,0.0,0.0,2.0,16.0,8.0,0.0,6.0,11.0,0.0,0.0,1.0,12.0,14.0,14.0,16.0,5.0,0.0,0.0,0.0,4.0,15.0,16.0,8.0,1.0,0.0,0
862,0.0,0.0,1.0,14.0,16.0,8.0,0.0,0.0,0.0,0.0,10.0,16.0,11.0,4.0,0.0,0.0,0.0,0.0,1.0,11.0,1.0,0.0,0.0,0.0,0.0,1.0,12.0,3.0,0.0,0.0,0.0,0.0,0.0,2.0,16.0,14.0,13.0,8.0,1.0,0.0,0.0,3.0,16.0,16.0,13.0,16.0,8.0,0.0,0.0,0.0,12.0,16.0,7.0,15.0,12.0,0.0,0.0,0.0,1.0,13.0,16.0,16.0,8.0,0.0,6
863,0.0,0.0,10.0,16.0,10.0,0.0,0.0,0.0,0.0,8.0,16.0,14.0,16.0,2.0,0.0,0.0,0.0,3.0,15.0,8.0,16.0,3.0,0.0,0.0,0.0,0.0,0.0,11.0,16.0,7.0,0.0,0.0,0.0,0.0,0.0,3.0,10.0,15.0,2.0,0.0,0.0,0.0,10.0,0.0,0.0,14.0,8.0,0.0,0.0,1.0,16.0,6.0,8.0,13.0,8.0,0.0,0.0,1.0,15.0,16.0,13.0,10.0,1.0,0.0,3
864,0.0,1.0,11.0,12.0,14.0,6.0,0.0,0.0,0.0,1.0,6.0,4.0,8.0,16.0,7.0,0.0,0.0,0.0,0.0,0.0,3.0,16.0,5.0,0.0,0.0,0.0,0.0,2.0,14.0,9.0,0.0,0.0,0.0,0.0,0.0,4.0,16.0,7.0,0.0,0.0,0.0,0.0,0.0,1.0,14.0,13.0,0.0,0.0,0.0,0.0,0.0,1.0,12.0,14.0,0.0,0.0,0.0,5.0,12.0,15.0,9.0,1.0,0.0,0.0,3
865,0.0,0.0,1.0,10.0,16.0,16.0,1.0,0.0,0.0,0.0,9.0,16.0,13.0,16.0,1.0,0.0,0.0,0.0,0.0,0.0,5.0,11.0,0.0,0.0,0.0,0.0,0.0,3.0,12.0,12.0,5.0,0.0,0.0,0.0,7.0,16.0,16.0,10.0,4.0,0.0,0.0,0.0,3.0,11.0,13.0,0.0,0.0,0.0,0.0,0.0,0.0,11.0,5.0,0.0,0.0,0.0,0.0,0.0,0.0,15.0,0.0,0.0,0.0,0.0,7
866,0.0,0.0,0.0,0.0,3.0,15.0,6.0,0.0,0.0,0.0,0.0,0.0,11.0,16.0,7.0,0.0,0.0,0.0,0.0,9.0,16.0,16.0,4.0,0.0,0.0,0.0,10.0,16.0,16.0,16.0,4.0,0.0,0.0,4.0,16.0,7.0,8.0,16.0,4.0,0.0,0.0,1.0,4.0,0.0,10.0,16.0,2.0,0.0,0.0,0.0,0.0,0.0,7.0,16.0,1.0,0.0,0.0,0.0,0.0,0.0,3.0,16.0,1.0,0.0,1
867,0.0,0.0,0.0,7.0,12.0,0.0,0.0,0.0,0.0,0.0,4.0,16.0,8.0,0.0,0.0,0.0,0.0,0.0,12.0,11.0,0.0,0.0,0.0,0.0,0.0,0.0,15.0,10.0,8.0,6.0,1.0,0.0,0.0,0.0,15.0,16.0,8.0,10.0,8.0,0.0,0.0,0.0,14.0,7.0,0.0,0.0,12.0,0.0,0.0,0.0,8.0,11.0,0.0,5.0,16.0,2.0,0.0,0.0,0.0,9.0,14.0,14.0,5.0,0.0,6
868,0.0,0.0,2.0,15.0,14.0,1.0,0.0,0.0,0.0,0.0,11.0,16.0,16.0,4.0,0.0,0.0,0.0,4.0,16.0,16.0,16.0,1.0,0.0,0.0,0.0,7.0,16.0,16.0,14.0,0.0,0.0,0.0,0.0,9.0,16.0,16.0,11.0,0.0,0.0,0.0,0.0,1.0,13.0,16.0,9.0,0.0,0.0,0.0,0.0,0.0,5.0,16.0,5.0,0.0,0.0,0.0,0.0,0.0,2.0,14.0,9.0,0.0,0.0,0.0,1
869,0.0,0.0,3.0,10.0,15.0,14.0,4.0,0.0,0.0,2.0,14.0,7.0,9.0,16.0,8.0,0.0,0.0,7.0,12.0,3.0,14.0,16.0,0.0,0.0,0.0,2.0,14.0,16.0,13.0,16.0,0.0,0.0,0.0,0.0,0.0,0.0,0.0,16.0,0.0,0.0,0.0,1.0,3.0,0.0,0.0,14.0,0.0,0.0,0.0,5.0,15.0,8.0,2.0,16.0,0.0,0.0,0.0,0.0,4.0,11.0,16.0,15.0,0.0,0.0,9
870,0.0,0.0,5.0,9.0,13.0,16.0,6.0,0.0,0.0,0.0,12.0,12.0,7.0,16.0,5.0,0.0,0.0,0.0,0.0,0.0,6.0,16.0,3.0,0.0,0.0,0.0,3.0,12.0,15.0,16.0,14.0,0.0,0.0,0.0,7.0,16.0,15.0,5.0,1.0,0.0,0.0,0.0,0.0,10.0,10.0,0.0,0.0,0.0,0.0,0.0,2.0,15.0,5.0,0.0,0.0,0.0,0.0,0.0,6.0,14.0,0.0,0.0,0.0,0.0,7
872,0.0,0.0,0.0,0.0,11.0,15.0,4.0,0.0,0.0,0.0,0.0,3.0,16.0,16.0,12.0,0.0,0.0,0.0,0.0,8.0,14.0,16.0,12.0,0.0,0.0,0.0,0.0,5.0,10.0,16.0,6.0,0.0,0.0,1.0,7.0,11.0,16.0,13.0,0.0,0.0,0.0,9.0,16.0,16.0,14.0,1.0,0.0,0.0,0.0,3.0,8.0,14.0,16.0,9.0,0.0,0.0,0.0,0.0,0.0,1.0,11.0,16.0,12.0,0.0,2
873,0.0,0.0,10.0,16.0,16.0,14.0,0.0,0.0,0.0,4.0,16.0,14.0,10.0,8.0,0.0,0.0,0.0,13.0,16.0,8.0,1.0,0.0,0.0,0.0,0.0,12.0,16.0,16.0,13.0,2.0,0.0,0.0,0.0,3.0,8.0,9.0,16.0,5.0,0.0,0.0,0.0,0.0,0.0,3.0,16.0,6.0,0.0,0.0,0.0,0.0,5.0,12.0,15.0,2.0,0.0,0.0,0.0,0.0,12.0,15.0,5.0,0.0,0.0,0.0,5
874,0.0,0.0,3.0,12.0,16.0,14.0,0.0,0.0,0.0,3.0,15.0,16.0,15.0,14.0,0.0,0.0,0.0,3.0,12.0,1.0,15.0,8.0,0.0,0.0,0.0,0.0,0.0,9.0,16.0,8.0,0.0,0.0,0.0,0.0,0.0,10.0,16.0,16.0,8.0,0.0,0.0,0.0,0.0,2.0,5.0,13.0,8.0,0.0,0.0,0.0,2.0,11.0,11.0,15.0,5.0,0.0,0.0,0.0,3.0,16.0,16.0,9.0,0.0,0.0,3
875,0.0,0.0,0.0,2.0,15.0,7.0,0.0,0.0,0.0,0.0,0.0,11.0,15.0,2.0,5.0,0.0,0.0,0.0,5.0,16.0,6.0,6.0,16.0,0.0,0.0,2.0,16.0,10.0,4.0,13.0,13.0,0.0,0.0,13.0,16.0,16.0,16.0,16.0,10.0,0.0,0.0,6.0,4.0,4.0,11.0,16.0,4.0,0.0,0.0,0.0,0.0,0.0,14.0,14.0,0.0,0.0,0.0,0.0,0.0,3.0,16.0,7.0,0.0,0.0,4
878,0.0,0.0,1.0,9.0,15.0,2.0,0.0,0.0,0.0,0.0,5.0,16.0,7.0,1.0,0.0,0.0,0.0,0.0,14.0,8.0,0.0,0.0,0.0,0.0,0.0,0.0,15.0,6.0,8.0,4.0,0.0,0.0,0.0,0.0,15.0,16.0,13.0,14.0,7.0,0.0,0.0,0.0,14.0,3.0,0.0,3.0,12.0,0.0,0.0,0.0,6.0,9.0,7.0,9.0,15.0,0.0,0.0,0.0,0.0,10.0,14.0,14.0,2.0,0.0,6
879,0.0,0.0,1.0,14.0,6.0,0.0,0.0,0.0,0.0,0.0,7.0,15.0,1.0,0.0,0.0,0.0,0.0,0.0,13.0,7.0,0.0,0.0,0.0,0.0,0.0,0.0,13.0,5.0,0.0,0.0,0.0,0.0,0.0,0.0,14.0,7.0,5.0,4.0,1.0,0.0,0.0,0.0,10.0,16.0,13.0,14.0,14.0,0.0,0.0,0.0,9.0,14.0,1.0,4.0,16.0,3.0,0.0,0.0,1.0,12.0,13.0,16.0,9.0,1.0,6
882,0.0,0.0,8.0,12.0,16.0,16.0,9.0,0.0,0.0,4.0,16.0,16.0,13.0,9.0,2.0,0.0,0.0,11.0,14.0,4.0,0.0,0.0,0.0,0.0,0.0,7.0,15.0,10.0,1.0,0.0,0.0,0.0,0.0,0.0,12.0,16.0,13.0,1.0,0.0,0.0,0.0,0.0,0.0,4.0,16.0,4.0,0.0,0.0,0.0,0.0,5.0,10.0,16.0,3.0,0.0,0.0,0.0,0.0,9.0,16.0,10.0,0.0,0.0,0.0,5
883,0.0,0.0,0.0,9.0,15.0,9.0,0.0,0.0,0.0,0.0,8.0,15.0,5.0,12.0,2.0,0.0,0.0,0.0,15.0,15.0,3.0,13.0,3.0,0.0,0.0,0.0,11.0,16.0,16.0,13.0,0.0,0.0,0.0,4.0,16.0,10.0,15.0,0.0,0.0,0.0,0.0,3.0,12.0,0.0,8.0,7.0,0.0,0.0,0.0,0.0,12.0,8.0,10.0,11.0,0.0,0.0,0.0,0.0,0.0,9.0,13.0,4.0,0.0,0.0,8
884,0.0,0.0,1.0,11.0,15.0,8.0,0.0,0.0,0.0,0.0,0.0,15.0,16.0,8.0,0.0,0.0,0.0,0.0,0.0,13.0,16.0,10.0,0.0,0.0,0.0,0.0,0.0,16.0,16.0,6.0,0.0,0.0,0.0,0.0,2.0,16.0,16.0,6.0,0.0,0.0,0.0,0.0,5.0,16.0,16.0,5.0,0.0,0.0,0.0,0.0,5.0,16.0,15.0,1.0,0.0,0.0,0.0,0.0,2.0,15.0,15.0,3.0,0.0,0.0,1
885,0.0,0.0,3.0,8.0,12.0,15.0,16.0,2.0,0.0,0.0,12.0,14.0,10.0,13.0,15.0,0.0,0.0,0.0,1.0,1.0,2.0,14.0,6.0,0.0,0.0,0.0,2.0,8.0,13.0,16.0,8.0,0.0,0.0,0.0,9.0,16.0,16.0,10.0,5.0,0.0,0.0,0.0,1.0,8.0,12.0,1.0,0.0,0.0,0.0,0.0,0.0,14.0,8.0,0.0,0.0,0.0,0.0,0.0,2.0,16.0,5.0,0.0,0.0,0.0,7
888,0.0,0.0,4.0,6.0,11.0,14.0,6.0,0.0,0.0,4.0,16.0,16.0,12.0,16.0,7.0,0.0,0.0,6.0,16.0,2.0,1.0,16.0,3.0,0.0,0.0,5.0,16.0,0.0,5.0,14.0,0.0,0.0,0.0,0.0,2.0,0.0,11.0,10.0,0.0,0.0,0.0,0.0,0.0,2.0,15.0,4.0,0.0,0.0,0.0,0.0,0.0,8.0,16.0,0.0,0.0,0.0,0.0,0.0,0.0,7.0,12.0,0.0,0.0,0.0,7
889,0.0,0.0,7.0,13.0,8.0,6.0,0.0,0.0,0.0,0.0,16.0,15.0,16.0,14.0,10.0,0.0,0.0,4.0,16.0,13.0,1.0,0.0,0.0,0.0,0.0,1.0,10.0,16.0,9.0,0.0,0.0,0.0,0.0,0.0,0.0,5.0,13.0,0.0,0.0,0.0,0.0,0.0,0.0,5.0,15.0,0.0,0.0,0.0,0.0,0.0,8.0,11.0,8.0,0.0,0.0,0.0,0.0,0.0,9.0,16.0,3.0,0.0,0.0,0.0,5
890,0.0,0.0,9.0,13.0,6.0,0.0,0.0,0.0,0.0,0.0,14.0,7.0,11.0,3.0,0.0,0.0,0.0,4.0,7.0,8.0,5.0,8.0,0.0,0.0,0.0,8.0,10.0,15.0,14.0,9.0,0.0,0.0,0.0,0.0,4.0,7.0,9.0,13.0,1.0,0.0,0.0,0.0,0.0,0.0,0.0,5.0,11.0,0.0,0.0,0.0,2.0,0.0,2.0,12.0,6.0,0.0,0.0,0.0,10.0,14.0,14.0,7.0,0.0,0.0,9
891,0.0,0.0,5.0,14.0,10.0,7.0,0.0,0.0,0.0,0.0,16.0,16.0,16.0,16.0,3.0,0.0,0.0,3.0,16.0,10.0,2.0,16.0,7.0,0.0,0.0,7.0,16.0,3.0,0.0,12.0,8.0,0.0,0.0,8.0,16.0,1.0,0.0,12.0,8.0,0.0,0.0,7.0,16.0,5.0,2.0,16.0,4.0,0.0,0.0,2.0,16.0,15.0,14.0,13.0,0.0,0.0,0.0,0.0,7.0,15.0,13.0,2.0,0.0,0.0,0
892,0.0,0.0,2.0,12.0,9.0,0.0,0.0,0.0,0.0,0.0,12.0,10.0,1.0,0.0,0.0,0.0,0.0,4.0,14.0,0.0,0.0,0.0,0.0,0.0,0.0,8.0,9.0,0.0,0.0,0.0,0.0,0.0,0.0,8.0,9.0,5.0,11.0,8.0,0.0,0.0,0.0,4.0,16.0,14.0,6.0,12.0,5.0,0.0,0.0,0.0,13.0,7.0,0.0,10.0,8.0,0.0,0.0,0.0,3.0,14.0,16.0,16.0,5.0,0.0,6
894,0.0,0.0,0.0,9.0,16.0,6.0,0.0,0.0,0.0,0.0,4.0,15.0,6.0,15.0,0.0,0.0,0.0,0.0,8.0,11.0,9.0,11.0,0.0,0.0,0.0,0.0,8.0,16.0,14.0,2.0,0.0,0.0,0.0,0.0,11.0,16.0,13.0,0.0,0.0,0.0,0.0,6.0,14.0,2.0,12.0,9.0,0.0,0.0,0.0,5.0,16.0,11.0,5.0,13.0,4.0,0.0,0.0,0.0,3.0,8.0,13.0,16.0,9.0,0.0,8
896,0.0,0.0,6.0,16.0,16.0,7.0,0.0,0.0,0.0,8.0,16.0,13.0,10.0,16.0,0.0,0.0,0.0,6.0,9.0,0.0,6.0,15.0,0.0,0.0,0.0,0.0,0.0,0.0,13.0,9.0,0.0,0.0,0.0,0.0,0.0,6.0,16.0,1.0,0.0,0.0,0.0,0.0,1.0,15.0,8.0,3.0,5.0,0.0,0.0,0.0,8.0,16.0,11.0,16.0,9.0,0.0,0.0,0.0,5.0,16.0,16.0,7.0,0.0,0.0,2
898,0.0,0.0,3.0,15.0,16.0,12.0,0.0,0.0,0.0,0.0,6.0,16.0,6.0,14.0,6.0,0.0,0.0,0.0,0.0,3.0,1.0,15.0,6.0,0.0,0.0,0.0,0.0,1.0,14.0,16.0,3.0,0.0,0.0,5.0,8.0,2.0,13.0,16.0,3.0,0.0,0.0,5.0,16.0,0.0,0.0,9.0,13.0,0.0,0.0,1.0,15.0,11.0,8.0,12.0,16.0,1.0,0.0,0.0,3.0,14.0,16.0,16.0,9.0,0.0,3
899,0.0,0.0,0.0,13.0,12.0,0.0,0.0,0.0,0.0,0.0,6.0,16.0,7.0,0.0,0.0,0.0,0.0,0.0,15.0,15.0,1.0,1.0,4.0,0.0,0.0,6.0,16.0,10.0,9.0,15.0,14.0,0.0,0.0,9.0,16.0,16.0,16.0,16.0,4.0,0.0,0.0,2.0,8.0,12.0,16.0,9.0,0.0,0.0,0.0,0.0,0.0,13.0,16.0,0.0,0.0,0.0,0.0,0.0,0.0,14.0,15.0,1.0,0.0,0.0,4
902,0.0,0.0,9.0,13.0,16.0,5.0,0.0,0.0,0.0,3.0,16.0,8.0,4.0,13.0,0.0,0.0,0.0,6.0,10.0,1.0,0.0,9.0,2.0,0.0,0.0,5.0,4.0,0.0,0.0,4.0,8.0,0.0,0.0,8.0,4.0,0.0,0.0,4.0,8.0,0.0,0.0,6.0,6.0,0.0,0.0,4.0,9.0,0.0,0.0,0.0,13.0,2.0,0.0,7.0,8.0,0.0,0.0,0.0,8.0,12.0,13.0,15.0,2.0,0.0,0
904,0.0,0.0,0.0,11.0,7.0,0.0,0.0,0.0,0.0,0.0,8.0,15.0,7.0,0.0,0.0,0.0,0.0,0.0,13.0,8.0,0.0,0.0,0.0,0.0,0.0,0.0,16.0,14.0,8.0,1.0,0.0,0.0,0.0,5.0,16.0,10.0,10.0,14.0,1.0,0.0,0.0,2.0,15.0,3.0,0.0,12.0,7.0,0.0,0.0,0.0,10.0,13.0,1.0,10.0,11.0,0.0,0.0,0.0,0.0,10.0,16.0,15.0,5.0,0.0,6
905,0.0,0.0,4.0,9.0,13.0,5.0,0.0,0.0,0.0,1.0,16.0,16.0,12.0,11.0,0.0,0.0,0.0,0.0,11.0,8.0,5.0,16.0,0.0,0.0,0.0,0.0,7.0,10.0,13.0,10.0,0.0,0.0,0.0,0.0,4.0,16.0,13.0,0.0,0.0,0.0,0.0,0.0,13.0,15.0,12.0,0.0,0.0,0.0,0.0,0.0,11.0,9.0,14.0,5.0,0.0,0.0,0.0,0.0,0.0,10.0,16.0,8.0,0.0,0.0,8
907,0.0,0.0,2.0,10.0,16.0,13.0,0.0,0.0,0.0,3.0,16.0,8.0,2.0,16.0,1.0,0.0,0.0,8.0,13.0,0.0,2.0,16.0,6.0,0.0,0.0,6.0,16.0,12.0,16.0,16.0,7.0,0.0,0.0,0.0,2.0,4.0,8.0,12.0,1.0,0.0,0.0,0.0,0.0,1.0,15.0,3.0,0.0,0.0,0.0,0.0,0.0,9.0,10.0,0.0,0.0,0.0,0.0,0.0,1.0,16.0,3.0,0.0,0.0,0.0,9
908,0.0,2.0,15.0,12.0,1.0,0.0,0.0,0.0,0.0,4.0,16.0,13.0,13.0,0.0,0.0,0.0,0.0,0.0,14.0,3.0,15.0,12.0,5.0,0.0,0.0,0.0,5.0,16.0,16.0,11.0,0.0,0.0,0.0,2.0,13.0,13.0,14.0,2.0,0.0,0.0,0.0,5.0,13.0,0.0,6.0,8.0,0.0,0.0,0.0,4.0,11.0,0.0,1.0,15.0,0.0,0.0,0.0,2.0,12.0,16.0,16.0,7.0,0.0,0.0,8
909,0.0,0.0,0.0,9.0,15.0,6.0,0.0,0.0,0.0,0.0,5.0,15.0,16.0,15.0,0.0,0.0,0.0,0.0,15.0,15.0,4.0,16.0,3.0,0.0,0.0,2.0,14.0,5.0,0.0,12.0,8.0,0.0,0.0,6.0,13.0,0.0,1.0,14.0,6.0,0.0,0.0,1.0,10.0,14.0,15.0,16.0,3.0,0.0,0.0,0.0,3.0,16.0,16.0,14.0,1.0,0.0,0.0,0.0,0.0,9.0,13.0,5.0,0.0,0.0,0
910,0.0,0.0,3.0,15.0,16.0,16.0,12.0,0.0,0.0,0.0,12.0,12.0,7.0,16.0,6.0,0.0,0.0,4.0,12.0,0.0,9.0,13.0,0.0,0.0,0.0,0.0,1.0,1.0,13.0,7.0,0.0,0.0,0.0,0.0,8.0,13.0,16.0,16.0,6.0,0.0,0.0,0.0,12.0,15.0,12.0,6.0,1.0,0.0,0.0,0.0,0.0,15.0,5.0,0.0,0.0,0.0,0.0,0.0,3.0,16.0,2.0,0.0,0.0,0.0,7
914,0.0,0.0,0.0,2.0,16.0,3.0,0.0,0.0,0.0,0.0,0.0,12.0,13.0,0.0,0.0,0.0,0.0,0.0,8.0,15.0,2.0,1.0,0.0,0.0,0.0,1.0,15.0,8.0,1.0,13.0,11.0,0.0,0.0,9.0,16.0,7.0,12.0,16.0,4.0,0.0,0.0,5.0,13.0,16.0,16.0,11.0,0.0,0.0,0.0,0.0,0.0,2.0,16.0,5.0,0.0,0.0,0.0,0.0,0.0,4.0,16.0,2.0,0.0,0.0,4
915,0.0,0.0,0.0,10.0,15.0,3.0,0.0,0.0,0.0,0.0,7.0,16.0,11.0,0.0,0.0,0.0,0.0,0.0,13.0,15.0,1.0,0.0,0.0,0.0,0.0,0.0,15.0,11.0,0.0,0.0,0.0,0.0,0.0,0.0,16.0,13.0,8.0,1.0,0.0,0.0,0.0,0.0,15.0,16.0,16.0,15.0,6.0,0.0,0.0,0.0,10.0,16.0,14.0,16.0,14.0,2.0,0.0,0.0,1.0,9.0,15.0,16.0,11.0,0.0,6
916,0.0,0.0,8.0,16.0,16.0,11.0,0.0,0.0,0.0,0.0,4.0,8.0,13.0,14.0,0.0,0.0,0.0,0.0,0.0,0.0,13.0,8.0,0.0,0.0,0.0,0.0,3.0,12.0,16.0,8.0,2.0,0.0,0.0,0.0,6.0,16.0,16.0,16.0,9.0,0.0,0.0,0.0,0.0,14.0,8.0,2.0,0.0,0.0,0.0,0.0,3.0,16.0,1.0,0.0,0.0,0.0,0.0,0.0,11.0,12.0,0.0,0.0,0.0,0.0,7
917,0.0,0.0,5.0,15.0,15.0,2.0,0.0,0.0,0.0,3.0,16.0,9.0,16.0,5.0,0.0,0.0,0.0,5.0,9.0,1.0,16.0,1.0,0.0,0.0,0.0,0.0,0.0,10.0,9.0,0.0,0.0,0.0,0.0,0.0,1.0,16.0,3.0,0.0,0.0,0.0,0.0,0.0,9.0,9.0,0.0,0.0,0.0,0.0,0.0,0.0,11.0,14.0,7.0,6.0,2.0,0.0,0.0,0.0,6.0,16.0,16.0,15.0,2.0,0.0,2
919,0.0,0.0,0.0,10.0,13.0,0.0,0.0,0.0,0.0,0.0,0.0,13.0,16.0,5.0,0.0,0.0,0.0,0.0,0.0,16.0,16.0,4.0,0.0,0.0,0.0,0.0,3.0,16.0,16.0,7.0,0.0,0.0,0.0,0.0,7.0,16.0,16.0,9.0,0.0,0.0,0.0,0.0,9.0,16.0,16.0,10.0,0.0,0.0,0.0,0.0,10.0,16.0,16.0,14.0,0.0,0.0,0.0,0.0,1.0,5.0,7.0,15.0,8.0,0.0,1
920,0.0,0.0,6.0,12.0,15.0,9.0,1.0,0.0,0.0,5.0,14.0,4.0,5.0,16.0,3.0,0.0,0.0,9.0,8.0,3.0,13.0,16.0,4.0,0.0,0.0,3.0,15.0,15.0,7.0,10.0,8.0,0.0,0.0,0.0,0.0,1.0,0.0,12.0,8.0,0.0,0.0,0.0,0.0,0.0,0.0,11.0,2.0,0.0,0.0,0.0,7.0,4.0,5.0,13.0,0.0,0.0,0.0,0.0,5.0,14.0,15.0,4.0,0.0,0.0,9
921,0.0,0.0,0.0,0.0,3.0,14.0,3.0,0.0,0.0,0.0,0.0,1.0,14.0,16.0,5.0,0.0,0.0,1.0,9.0,15.0,16.0,16.0,4.0,0.0,0.0,4.0,12.0,7.0,3.0,16.0,4.0,0.0,0.0,0.0,0.0,0.0,4.0,16.0,4.0,0.0,0.0,0.0,0.0,0.0,4.0,16.0,4.0,0.0,0.0,0.0,0.0,0.0,6.0,16.0,4.0,0.0,0.0,0.0,0.0,0.0,5.0,16.0,4.0,0.0,1
922,0.0,0.0,0.0,1.0,9.0,11.0,0.0,0.0,0.0,0.0,0.0,13.0,16.0,16.0,0.0,0.0,0.0,0.0,0.0,12.0,7.0,14.0,0.0,0.0,0.0,0.0,0.0,0.0,14.0,7.0,0.0,0.0,0.0,0.0,5.0,12.0,12.0,0.0,0.0,0.0,0.0,7.0,16.0,16.0,6.0,0.0,0.0,0.0,0.0,4.0,9.0,13.0,16.0,11.0,4.0,0.0,0.0,0.0,0.0,0.0,9.0,13.0,3.0,0.0,2
924,0.0,0.0,11.0,16.0,16.0,12.0,0.0,0.0,0.0,3.0,16.0,7.0,14.0,16.0,1.0,0.0,0.0,0.0,15.0,14.0,15.0,16.0,6.0,0.0,0.0,0.0,2.0,10.0,9.0,15.0,9.0,0.0,0.0,0.0,0.0,0.0,0.0,9.0,10.0,0.0,0.0,0.0,0.0,0.0,0.0,12.0,8.0,0.0,0.0,0.0,6.0,11.0,6.0,15.0,5.0,0.0,0.0,0.0,9.0,16.0,16.0,12.0,0.0,0.0,9
925,0.0,1.0,14.0,16.0,15.0,4.0,0.0,0.0,0.0,4.0,16.0,9.0,11.0,15.0,3.0,0.0,0.0,6.0,16.0,1.0,8.0,16.0,2.0,0.0,0.0,2.0,14.0,10.0,15.0,16.0,6.0,0.0,0.0,0.0,3.0,11.0,8.0,15.0,5.0,0.0,0.0,0.0,0.0,0.0,1.0,16.0,5.0,0.0,0.0,0.0,3.0,3.0,11.0,15.0,1.0,0.0,0.0,0.0,13.0,16.0,14.0,4.0,0.0,0.0,9
926,0.0,3.0,15.0,16.0,8.0,0.0,0.0,0.0,0.0,9.0,16.0,11.0,15.0,2.0,0.0,0.0,0.0,11.0,10.0,4.0,16.0,2.0,0.0,0.0,0.0,2.0,4.0,6.0,16.0,1.0,0.0,0.0,0.0,0.0,0.0,10.0,13.0,0.0,0.0,0.0,0.0,0.0,2.0,14.0,13.0,0.0,0.0,0.0,0.0,3.0,16.0,16.0,16.0,16.0,13.0,1.0,0.0,3.0,16.0,12.0,8.0,12.0,11.0,1.0,2
927,0.0,0.0,5.0,16.0,1.0,0.0,0.0,0.0,0.0,0.0,12.0,12.0,0.0,0.0,0.0,0.0,0.0,2.0,15.0,8.0,0.0,6.0,5.0,0.0,0.0,9.0,16.0,6.0,12.0,16.0,9.0,0.0,0.0,7.0,16.0,16.0,16.0,15.0,1.0,0.0,0.0,0.0,3.0,10.0,16.0,6.0,0.0,0.0,0.0,0.0,1.0,14.0,10.0,0.0,0.0,0.0,0.0,0.0,5.0,16.0,2.0,0.0,0.0,0.0,4
928,0.0,0.0,0.0,2.0,14.0,0.0,0.0,0.0,0.0,0.0,0.0,10.0,9.0,0.0,0.0,0.0,0.0,0.0,1.0,15.0,8.0,11.0,0.0,0.0,0.0,0.0,12.0,7.0,12.0,8.0,0.0,0.0,0.0,5.0,16.0,12.0,15.0,14.0,5.0,0.0,0.0,8.0,13.0,9.0,16.0,13.0,3.0,0.0,0.0,0.0,0.0,0.0,16.0,4.0,0.0,0.0,0.0,0.0,0.0,0.0,16.0,6.0,0.0,0.0,4
930,0.0,0.0,9.0,11.0,2.0,0.0,0.0,0.0,0.0,8.0,16.0,14.0,12.0,0.0,0.0,0.0,0.0,9.0,10.0,5.0,15.0,0.0,0.0,0.0,0.0,5.0,10.0,4.0,16.0,1.0,0.0,0.0,0.0,0.0,0.0,5.0,15.0,0.0,0.0,0.0,0.0,0.0,2.0,13.0,9.0,2.0,1.0,0.0,0.0,0.0,10.0,16.0,15.0,14.0,15.0,0.0,0.0,0.0,7.0,9.0,9.0,12.0,4.0,0.0,2
931,0.0,0.0,0.0,2.0,14.0,2.0,0.0,0.0,0.0,0.0,0.0,14.0,8.0,0.0,0.0,0.0,0.0,0.0,10.0,9.0,0.0,4.0,4.0,0.0,0.0,4.0,14.0,1.0,1.0,15.0,8.0,0.0,0.0,4.0,16.0,5.0,11.0,16.0,2.0,0.0,0.0,6.0,16.0,16.0,16.0,11.0,0.0,0.0,0.0,0.0,4.0,0.0,12.0,6.0,0.0,0.0,0.0,0.0,0.0,1.0,13.0,1.0,0.0,0.0,4
932,0.0,0.0,5.0,15.0,14.0,3.0,0.0,0.0,0.0,0.0,13.0,15.0,9.0,15.0,2.0,0.0,0.0,4.0,16.0,12.0,0.0,10.0,6.0,0.0,0.0,8.0,16.0,9.0,0.0,8.0,10.0,0.0,0.0,7.0,15.0,5.0,0.0,12.0,11.0,0.0,0.0,7.0,13.0,0.0,5.0,16.0,6.0,0.0,0.0,0.0,16.0,12.0,15.0,13.0,1.0,0.0,0.0,0.0,6.0,16.0,12.0,2.0,0.0,0.0,0
934,0.0,0.0,14.0,10.0,0.0,0.0,0.0,0.0,0.0,0.0,15.0,13.0,0.0,0.0,0.0,0.0,0.0,11.0,16.0,16.0,2.0,0.0,0.0,0.0,0.0,3.0,10.0,16.0,5.0,0.0,0.0,0.0,0.0,0.0,0.0,14.0,10.0,0.0,0.0,0.0,0.0,0.0,0.0,10.0,14.0,0.0,0.0,0.0,0.0,0.0,9.0,14.0,16.0,11.0,6.0,0.0,0.0,0.0,12.0,16.0,16.0,16.0,16.0,9.0,1
935,0.0,0.0,0.0,3.0,15.0,13.0,1.0,0.0,0.0,0.0,2.0,15.0,16.0,16.0,2.0,0.0,0.0,0.0,13.0,10.0,5.0,15.0,0.0,0.0,0.0,0.0,6.0,2.0,11.0,8.0,0.0,0.0,0.0,0.0,0.0,6.0,14.0,2.0,0.0,0.0,0.0,3.0,8.0,16.0,8.0,0.0,0.0,0.0,3.0,16.0,16.0,16.0,16.0,8.0,0.0,0.0,1.0,4.0,4.0,5.0,13.0,6.0,0.0,0.0,2
937,0.0,0.0,0.0,12.0,8.0,0.0,0.0,0.0,0.0,0.0,6.0,16.0,3.0,12.0,4.0,0.0,0.0,1.0,16.0,5.0,8.0,14.0,0.0,0.0,0.0,9.0,15.0,0.0,13.0,10.0,2.0,0.0,0.0,10.0,15.0,12.0,16.0,16.0,9.0,0.0,0.0,6.0,16.0,16.0,15.0,9.0,1.0,0.0,0.0,0.0,0.0,14.0,5.0,0.0,0.0,0.0,0.0,0.0,0.0,15.0,0.0,0.0,0.0,0.0,4
938,0.0,1.0,12.0,16.0,16.0,9.0,0.0,0.0,0.0,11.0,15.0,9.0,7.0,16.0,3.0,0.0,0.0,13.0,3.0,1.0,10.0,15.0,1.0,0.0,0.0,0.0,0.0,11.0,16.0,8.0,0.0,0.0,0.0,0.0,0.0,5.0,15.0,16.0,5.0,0.0,0.0,0.0,0.0,0.0,0.0,10.0,13.0,0.0,0.0,0.0,7.0,4.0,8.0,15.0,9.0,0.0,0.0,0.0,13.0,16.0,16.0,12.0,1.0,0.0,3
940,0.0,0.0,10.0,16.0,16.0,11.0,0.0,0.0,0.0,1.0,11.0,7.0,6.0,16.0,3.0,0.0,0.0,0.0,0.0,0.0,10.0,15.0,0.0,0.0,0.0,0.0,0.0,0.0,15.0,7.0,0.0,0.0,0.0,0.0,0.0,0.0,15.0,9.0,0.0,0.0,0.0,0.0,0.0,0.0,7.0,13.0,0.0,0.0,0.0,0.0,5.0,4.0,10.0,16.0,0.0,0.0,0.0,0.0,10.0,16.0,16.0,10.0,0.0,0.0,3
941,0.0,1.0,13.0,16.0,16.0,12.0,0.0,0.0,0.0,3.0,12.0,6.0,11.0,14.0,0.0,0.0,0.0,0.0,0.0,0.0,9.0,12.0,0.0,0.0,0.0,1.0,9.0,15.0,16.0,16.0,9.0,0.0,0.0,2.0,12.0,15.0,14.0,5.0,5.0,0.0,0.0,0.0,5.0,15.0,1.0,0.0,0.0,0.0,0.0,0.0,11.0,9.0,0.0,0.0,0.0,0.0,0.0,0.0,15.0,3.0,0.0,0.0,0.0,0.0,7
943,0.0,0.0,5.0,11.0,4.0,1.0,0.0,0.0,0.0,0.0,15.0,16.0,16.0,11.0,0.0,0.0,0.0,2.0,16.0,9.0,2.0,12.0,4.0,0.0,0.0,6.0,13.0,0.0,0.0,6.0,6.0,0.0,0.0,3.0,13.0,0.0,0.0,5.0,9.0,0.0,0.0,3.0,16.0,0.0,0.0,6.0,8.0,0.0,0.0,0.0,13.0,12.0,8.0,16.0,7.0,0.0,0.0,0.0,4.0,13.0,12.0,10.0,0.0,0.0,0
947,0.0,0.0,1.0,13.0,4.0,0.0,0.0,0.0,0.0,0.0,12.0,13.0,1.0,0.0,0.0,0.0,0.0,1.0,16.0,2.0,0.0,0.0,0.0,0.0,0.0,5.0,16.0,8.0,4.0,2.0,0.0,0.0,0.0,5.0,16.0,14.0,16.0,15.0,3.0,0.0,0.0,3.0,13.0,1.0,0.0,9.0,9.0,0.0,0.0,0.0,11.0,12.0,4.0,11.0,11.0,0.0,0.0,0.0,2.0,13.0,16.0,13.0,1.0,0.0,6
948,0.0,0.0,11.0,15.0,16.0,10.0,0.0,0.0,0.0,8.0,16.0,8.0,15.0,16.0,0.0,0.0,0.0,5.0,6.0,10.0,16.0,8.0,0.0,0.0,0.0,0.0,4.0,16.0,11.0,1.0,0.0,0.0,0.0,0.0,2.0,15.0,9.0,0.0,0.0,0.0,0.0,0.0,0.0,9.0,16.0,2.0,0.0,0.0,0.0,0.0,0.0,8.0,16.0,5.0,0.0,0.0,0.0,0.0,13.0,16.0,15.0,0.0,0.0,0.0,3
949,0.0,0.0,6.0,12.0,12.0,6.0,0.0,0.0,0.0,0.0,11.0,16.0,16.0,13.0,0.0,0.0,0.0,0.0,12.0,16.0,16.0,8.0,0.0,0.0,0.0,0.0,8.0,16.0,16.0,12.0,0.0,0.0,0.0,2.0,13.0,16.0,16.0,12.0,0.0,0.0,0.0,1.0,16.0,16.0,16.0,10.0,0.0,0.0,0.0,0.0,16.0,16.0,16.0,8.0,0.0,0.0,0.0,0.0,2.0,11.0,10.0,4.0,0.0,0.0,1
950,0.0,3.0,14.0,14.0,16.0,16.0,10.0,0.0,0.0,9.0,15.0,9.0,7.0,1.0,0.0,0.0,0.0,10.0,16.0,11.0,1.0,0.0,0.0,0.0,0.0,1.0,7.0,14.0,9.0,0.0,0.0,0.0,0.0,0.0,0.0,7.0,16.0,0.0,0.0,0.0,0.0,0.0,0.0,6.0,15.0,0.0,0.0,0.0,0.0,1.0,1.0,11.0,10.0,0.0,0.0,0.0,0.0,3.0,15.0,16.0,4.0,0.0,0.0,0.0,5
951,0.0,0.0,0.0,8.0,15.0,2.0,0.0,0.0,0.0,0.0,6.0,16.0,5.0,0.0,0.0,0.0,0.0,0.0,12.0,8.0,0.0,0.0,0.0,0.0,0.0,0.0,13.0,6.0,0.0,0.0,0.0,0.0,0.0,0.0,12.0,12.0,16.0,14.0,0.0,0.0,0.0,0.0,14.0,15.0,6.0,8.0,11.0,0.0,0.0,3.0,12.0,14.0,5.0,10.0,13.0,0.0,0.0,0.0,0.0,9.0,16.0,13.0,5.0,0.0,6
952,0.0,1.0,13.0,16.0,16.0,10.0,0.0,0.0,0.0,8.0,15.0,8.0,15.0,15.0,0.0,0.0,0.0,3.0,8.0,5.0,16.0,6.0,0.0,0.0,0.0,0.0,0.0,4.0,16.0,9.0,0.0,0.0,0.0,0.0,0.0,0.0,6.0,16.0,5.0,0.0,0.0,0.0,0.0,0.0,0.0,5.0,16.0,0.0,0.0,0.0,8.0,6.0,6.0,13.0,12.0,0.0,0.0,1.0,15.0,16.0,16.0,14.0,3.0,0.0,3
954,0.0,0.0,7.0,11.0,13.0,8.0,1.0,0.0,0.0,1.0,15.0,9.0,8.0,6.0,0.0,0.0,0.0,10.0,16.0,0.0,0.0,0.0,0.0,0.0,0.0,8.0,16.0,16.0,16.0,9.0,0.0,0.0,0.0,0.0,6.0,5.0,10.0,13.0,0.0,0.0,0.0,0.0,0.0,1.0,14.0,16.0,0.0,0.0,0.0,0.0,6.0,14.0,14.0,4.0,0.0,0.0,0.0,1.0,10.0,14.0,2.0,0.0,0.0,0.0,5
956,0.0,0.0,2.0,12.0,15.0,12.0,1.0,0.0,0.0,1.0,14.0,14.0,14.0,11.0,8.0,0.0,0.0,5.0,16.0,3.0,0.0,2.0,8.0,0.0,0.0,8.0,14.0,0.0,0.0,6.0,8.0,0.0,0.0,4.0,12.0,0.0,0.0,9.0,4.0,0.0,0.0,1.0,16.0,1.0,1.0,14.0,1.0,0.0,0.0,0.0,11.0,9.0,11.0,8.0,0.0,0.0,0.0,0.0,2.0,13.0,14.0,1.0,0.0,0.0,0
957,0.0,0.0,5.0,14.0,11.0,1.0,0.0,0.0,0.0,0.0,16.0,10.0,14.0,13.0,0.0,0.0,0.0,0.0,14.0,2.0,8.0,16.0,6.0,0.0,0.0,0.0,12.0,7.0,10.0,16.0,8.0,0.0,0.0,0.0,5.0,16.0,16.0,15.0,8.0,0.0,0.0,1.0,3.0,1.0,2.0,11.0,9.0,0.0,0.0,1.0,15.0,6.0,4.0,12.0,11.0,0.0,0.0,0.0,6.0,16.0,14.0,12.0,3.0,0.0,9
961,0.0,0.0,0.0,0.0,14.0,13.0,1.0,0.0,0.0,0.0,0.0,5.0,16.0,16.0,2.0,0.0,0.0,0.0,0.0,14.0,16.0,12.0,0.0,0.0,0.0,1.0,10.0,16.0,16.0,12.0,0.0,0.0,0.0,3.0,12.0,14.0,16.0,9.0,0.0,0.0,0.0,0.0,0.0,5.0,16.0,15.0,0.0,0.0,0.0,0.0,0.0,4.0,16.0,14.0,0.0,0.0,0.0,0.0,0.0,1.0,13.0,16.0,1.0,0.0,1
962,0.0,0.0,2.0,14.0,1.0,0.0,0.0,0.0,0.0,0.0,8.0,12.0,0.0,0.0,0.0,0.0,0.0,0.0,12.0,5.0,0.0,0.0,0.0,0.0,0.0,2.0,14.0,0.0,0.0,0.0,0.0,0.0,0.0,0.0,10.0,0.0,6.0,7.0,2.0,0.0,0.0,4.0,12.0,13.0,15.0,14.0,12.0,0.0,0.0,0.0,13.0,12.0,2.0,11.0,14.0,0.0,0.0,0.0,3.0,13.0,16.0,13.0,1.0,0.0,6
965,0.0,0.0,4.0,11.0,14.0,4.0,0.0,0.0,0.0,5.0,13.0,4.0,9.0,7.0,0.0,0.0,0.0,7.0,10.0,10.0,13.0,2.0,0.0,0.0,0.0,1.0,9.0,16.0,15.0,2.0,0.0,0.0,0.0,0.0,8.0,7.0,9.0,12.0,0.0,0.0,0.0,0.0,12.0,0.0,1.0,14.0,5.0,0.0,0.0,0.0,11.0,6.0,0.0,7.0,8.0,0.0,0.0,0.0,2.0,15.0,16.0,15.0,4.0,0.0,8
967,0.0,1.0,10.0,14.0,13.0,4.0,0.0,0.0,0.0,12.0,11.0,5.0,8.0,14.0,0.0,0.0,0.0,8.0,3.0,2.0,12.0,8.0,0.0,0.0,0.0,0.0,3.0,15.0,15.0,4.0,0.0,0.0,0.0,0.0,1.0,4.0,7.0,14.0,5.0,0.0,0.0,0.0,0.0,0.0,0.0,7.0,12.0,0.0,0.0,0.0,0.0,0.0,1.0,11.0,11.0,0.0,0.0,0.0,12.0,16.0,16.0,9.0,1.0,0.0,3
968,0.0,1.0,12.0,16.0,5.0,0.0,0.0,0.0,0.0,7.0,15.0,14.0,11.0,0.0,0.0,0.0,0.0,8.0,13.0,10.0,12.0,0.0,0.0,0.0,0.0,0.0,1.0,12.0,12.0,0.0,0.0,0.0,0.0,0.0,0.0,14.0,9.0,0.0,0.0,0.0,0.0,0.0,4.0,16.0,8.0,4.0,0.0,0.0,0.0,0.0,13.0,16.0,16.0,16.0,9.0,0.0,0.0,2.0,16.0,13.0,11.0,9.0,3.0,0.0,2
969,0.0,0.0,3.0,8.0,11.0,11.0,1.0,0.0,0.0,0.0,3.0,16.0,16.0,12.0,0.0,0.0,0.0,0.0,2.0,15.0,16.0,12.0,0.0,0.0,0.0,0.0,0.0,16.0,16.0,7.0,0.0,0.0,0.0,0.0,1.0,15.0,16.0,10.0,0.0,0.0,0.0,0.0,1.0,16.0,16.0,6.0,0.0,0.0,0.0,0.0,3.0,16.0,16.0,5.0,0.0,0.0,0.0,0.0,2.0,15.0,16.0,6.0,0.0,0.0,1
972,0.0,0.0,6.0,14.0,13.0,4.0,0.0,0.0,0.0,4.0,16.0,11.0,10.0,15.0,0.0,0.0,0.0,9.0,11.0,0.0,12.0,11.0,0.0,0.0,0.0,7.0,11.0,8.0,16.0,3.0,0.0,0.0,0.0,0.0,13.0,16.0,10.0,0.0,0.0,0.0,0.0,0.0,13.0,13.0,12.0,9.0,0.0,0.0,0.0,0.0,12.0,8.0,0.0,15.0,1.0,0.0,0.0,0.0,5.0,16.0,16.0,11.0,0.0,0.0,8
973,0.0,0.0,1.0,9.0,15.0,11.0,3.0,0.0,0.0,0.0,12.0,9.0,1.0,11.0,6.0,0.0,0.0,0.0,13.0,7.0,6.0,16.0,8.0,0.0,0.0,0.0,4.0,10.0,12.0,15.0,4.0,0.0,0.0,0.0,0.0,0.0,0.0,12.0,6.0,0.0,0.0,8.0,7.0,0.0,0.0,15.0,5.0,0.0,0.0,1.0,12.0,10.0,4.0,16.0,3.0,0.0,0.0,0.0,0.0,13.0,16.0,8.0,0.0,0.0,9
974,0.0,0.0,0.0,8.0,14.0,9.0,0.0,0.0,0.0,0.0,9.0,15.0,16.0,15.0,0.0,0.0,0.0,4.0,15.0,5.0,8.0,14.0,0.0,0.0,0.0,8.0,14.0,1.0,14.0,7.0,0.0,0.0,0.0,1.0,15.0,13.0,12.0,0.0,0.0,0.0,0.0,0.0,13.0,16.0,13.0,0.0,0.0,0.0,0.0,0.0,12.0,10.0,15.0,7.0,0.0,0.0,0.0,0.0,2.0,10.0,16.0,5.0,0.0,0.0,8
976,0.0,0.0,3.0,12.0,16.0,16.0,15.0,0.0,0.0,0.0,9.0,10.0,7.0,12.0,14.0,0.0,0.0,0.0,0.0,0.0,2.0,15.0,6.0,0.0,0.0,0.0,0.0,0.0,11.0,13.0,0.0,0.0,0.0,1.0,9.0,9.0,16.0,11.0,1.0,0.0,0.0,13.0,16.0,16.0,16.0,16.0,4.0,0.0,0.0,0.0,1.0,16.0,7.0,0.0,0.0,0.0,0.0,0.0,6.0,16.0,2.0,0.0,0.0,0.0,7
977,0.0,0.0,2.0,10.0,16.0,11.0,1.0,0.0,0.0,0.0,13.0,13.0,10.0,16.0,8.0,0.0,0.0,4.0,14.0,1.0,8.0,14.0,1.0,0.0,0.0,4.0,15.0,12.0,15.0,8.0,0.0,0.0,0.0,0.0,6.0,7.0,14.0,5.0,0.0,0.0,0.0,1.0,2.0,0.0,12.0,5.0,0.0,0.0,0.0,8.0,15.0,6.0,13.0,4.0,0.0,0.0,0.0,0.0,5.0,11.0,16.0,3.0,0.0,0.0,9
978,0.0,0.0,0.0,4.0,12.0,15.0,4.0,0.0,0.0,0.0,3.0,14.0,4.0,10.0,8.0,0.0,0.0,0.0,4.0,12.0,5.0,14.0,2.0,0.0,0.0,0.0,4.0,16.0,14.0,3.0,0.0,0.0,0.0,1.0,12.0,15.0,13.0,0.0,0.0,0.0,0.0,6.0,13.0,1.0,12.0,6.0,0.0,0.0,0.0,0.0,10.0,13.0,5.0,14.0,1.0,0.0,0.0,0.0,0.0,4.0,10.0,16.0,8.0,0.0,8
979,0.0,0.0,5.0,13.0,11.0,1.0,0.0,0.0,0.0,3.0,16.0,11.0,8.0,12.0,0.0,0.0,0.0,5.0,16.0,0.0,0.0,13.0,3.0,0.0,0.0,5.0,13.0,0.0,0.0,6.0,7.0,0.0,0.0,7.0,10.0,0.0,0.0,8.0,7.0,0.0,0.0,4.0,13.0,0.0,1.0,14.0,5.0,0.0,0.0,1.0,15.0,5.0,12.0,10.0,0.0,0.0,0.0,0.0,7.0,16.0,10.0,1.0,0.0,0.0,0
981,0.0,0.0,0.0,9.0,9.0,0.0,0.0,0.0,0.0,0.0,3.0,15.0,4.0,0.0,0.0,0.0,0.0,0.0,10.0,12.0,0.0,0.0,0.0,0.0,0.0,0.0,12.0,8.0,4.0,3.0,0.0,0.0,0.0,0.0,14.0,16.0,12.0,14.0,5.0,0.0,0.0,0.0,12.0,10.0,0.0,4.0,13.0,0.0,0.0,0.0,9.0,11.0,0.0,6.0,16.0,1.0,0.0,0.0,0.0,8.0,14.0,15.0,8.0,0.0,6
982,0.0,0.0,15.0,16.0,16.0,15.0,9.0,0.0,0.0,6.0,16.0,13.0,12.0,12.0,11.0,2.0,0.0,3.0,15.0,14.0,2.0,0.0,0.0,0.0,0.0,0.0,6.0,16.0,5.0,0.0,0.0,0.0,0.0,0.0,0.0,14.0,11.0,0.0,0.0,0.0,0.0,0.0,0.0,12.0,8.0,0.0,0.0,0.0,0.0,1.0,14.0,14.0,10.0,0.0,0.0,0.0,0.0,0.0,13.0,16.0,3.0,0.0,0.0,0.0,5
984,0.0,0.0,2.0,12.0,9.0,0.0,0.0,0.0,0.0,0.0,1.0,15.0,7.0,9.0,0.0,0.0,0.0,0.0,0.0,11.0,1.0,14.0,1.0,0.0,0.0,0.0,10.0,8.0,11.0,13.0,1.0,0.0,0.0,0.0,9.0,14.0,16.0,9.0,0.0,0.0,0.0,0.0,0.0,0.0,1.0,10.0,3.0,0.0,0.0,0.0,0.0,0.0,0.0,3.0,14.0,2.0,0.0,0.0,5.0,14.0,13.0,14.0,10.0,1.0,9
985,0.0,0.0,0.0,1.0,11.0,9.0,0.0,0.0,0.0,0.0,0.0,7.0,16.0,13.0,0.0,0.0,0.0,0.0,4.0,14.0,16.0,9.0,0.0,0.0,0.0,10.0,16.0,11.0,16.0,8.0,0.0,0.0,0.0,0.0,0.0,3.0,16.0,6.0,0.0,0.0,0.0,0.0,0.0,3.0,16.0,8.0,0.0,0.0,0.0,0.0,0.0,5.0,16.0,10.0,0.0,0.0,0.0,0.0,0.0,2.0,14.0,6.0,0.0,0.0,1
986,0.0,0.0,12.0,16.0,15.0,6.0,0.0,0.0,0.0,0.0,15.0,12.0,7.0,15.0,1.0,0.0,0.0,1.0,15.0,15.0,7.0,16.0,4.0,0.0,0.0,1.0,12.0,16.0,16.0,14.0,1.0,0.0,0.0,0.0,0.0,4.0,10.0,13.0,0.0,0.0,0.0,0.0,0.0,0.0,1.0,15.0,3.0,0.0,0.0,0.0,3.0,0.0,2.0,16.0,6.0,0.0,0.0,0.0,13.0,16.0,16.0,15.0,1.0,0.0,9
988,0.0,0.0,14.0,16.0,15.0,3.0,0.0,0.0,0.0,0.0,6.0,5.0,13.0,8.0,0.0,0.0,0.0,0.0,0.0,8.0,16.0,5.0,0.0,0.0,0.0,0.0,0.0,11.0,16.0,10.0,0.0,0.0,0.0,1.0,3.0,0.0,4.0,15.0,8.0,0.0,0.0,6.0,15.0,0.0,0.0,9.0,15.0,0.0,0.0,5.0,16.0,5.0,6.0,14.0,14.0,0.0,0.0,1.0,11.0,16.0,16.0,14.0,2.0,0.0,3
989,0.0,0.0,7.0,13.0,16.0,11.0,0.0,0.0,0.0,3.0,16.0,5.0,4.0,14.0,2.0,0.0,0.0,8.0,11.0,1.0,4.0,15.0,2.0,0.0,0.0,3.0,12.0,14.0,16.0,8.0,0.0,0.0,0.0,0.0,8.0,16.0,15.0,1.0,0.0,0.0,0.0,1.0,15.0,5.0,11.0,12.0,0.0,0.0,0.0,3.0,16.0,5.0,7.0,16.0,1.0,0.0,0.0,0.0,5.0,14.0,16.0,15.0,2.0,0.0,8
990,0.0,2.0,12.0,13.0,16.0,15.0,1.0,0.0,0.0,8.0,16.0,14.0,11.0,7.0,0.0,0.0,0.0,8.0,16.0,7.0,0.0,0.0,0.0,0.0,0.0,7.0,16.0,16.0,11.0,1.0,0.0,0.0,0.0,0.0,2.0,6.0,15.0,9.0,0.0,0.0,0.0,0.0,0.0,0.0,9.0,15.0,0.0,0.0,0.0,0.0,1.0,7.0,16.0,11.0,0.0,0.0,0.0,1.0,16.0,16.0,13.0,1.0,0.0,0.0,5
993,0.0,0.0,0.0,8.0,15.0,2.0,0.0,0.0,0.0,0.0,2.0,16.0,10.0,0.0,0.0,0.0,0.0,0.0,14.0,13.0,6.0,11.0,0.0,0.0,0.0,6.0,16.0,3.0,13.0,13.0,2.0,0.0,0.0,14.0,16.0,8.0,15.0,16.0,10.0,0.0,0.0,12.0,16.0,16.0,16.0,11.0,1.0,0.0,0.0,0.0,1.0,6.0,16.0,3.0,0.0,0.0,0.0,0.0,0.0,10.0,14.0,0.0,0.0,0.0,4
994,0.0,0.0,5.0,15.0,14.0,13.0,2.0,0.0,0.0,0.0,12.0,15.0,9.0,7.0,1.0,0.0,0.0,5.0,16.0,8.0,0.0,0.0,0.0,0.0,0.0,9.0,16.0,16.0,7.0,0.0,0.0,0.0,0.0,6.0,12.0,14.0,7.0,0.0,0.0,0.0,0.0,0.0,0.0,11.0,6.0,0.0,0.0,0.0,0.0,0.0,2.0,16.0,3.0,0.0,0.0,0.0,0.0,0.0,7.0,14.0,0.0,0.0,0.0,0.0,5
995,0.0,0.0,2.0,13.0,16.0,8.0,0.0,0.0,0.0,0.0,13.0,7.0,7.0,13.0,0.0,0.0,0.0,1.0,7.0,0.0,7.0,13.0,2.0,0.0,0.0,0.0,1.0,10.0,16.0,16.0,13.0,0.0,0.0,0.0,6.0,13.0,16.0,2.0,0.0,0.0,0.0,0.0,1.0,5.0,11.0,0.0,0.0,0.0,0.0,0.0,0.0,12.0,4.0,0.0,0.0,0.0,0.0,0.0,2.0,14.0,0.0,0.0,0.0,0.0,7
996,0.0,0.0,5.0,13.0,15.0,6.0,0.0,0.0,0.0,2.0,16.0,9.0,16.0,13.0,0.0,0.0,0.0,4.0,14.0,0.0,10.0,16.0,2.0,0.0,0.0,4.0,15.0,11.0,15.0,16.0,1.0,0.0,0.0,0.0,7.0,10.0,3.0,13.0,8.0,0.0,0.0,0.0,3.0,0.0,0.0,12.0,5.0,0.0,0.0,0.0,13.0,11.0,4.0,16.0,4.0,0.0,0.0,0.0,7.0,14.0,16.0,11.0,1.0,0.0,9
998,0.0,0.0,5.0,12.0,9.0,1.0,0.0,0.0,0.0,0.0,14.0,14.0,13.0,13.0,0.0,0.0,0.0,3.0,12.0,1.0,1.0,13.0,4.0,0.0,0.0,7.0,8.0,0.0,0.0,6.0,8.0,0.0,0.0,8.0,8.0,0.0,0.0,5.0,8.0,0.0,0.0,5.0,10.0,0.0,0.0,11.0,4.0,0.0,0.0,1.0,15.0,9.0,11.0,13.0,0.0,0.0,0.0,0.0,7.0,15.0,12.0,2.0,0.0,0.0,0
1000,0.0,0.0,13.0,16.0,16.0,16.0,8.0,0.0,0.0,2.0,16.0,13.0,8.0,4.0,1.0,0.0,0.0,7.0,16.0,1.0,0.0,0.0,0.0,0.0,0.0,11.0,15.0,12.0,5.0,0.0,0.0,0.0,0.0,5.0,16.0,16.0,16.0,3.0,0.0,0.0,0.0,0.0,0.0,6.0,16.0,2.0,0.0,0.0,0.0,0.0,3.0,15.0,9.0,0.0,0.0,0.0,0.0,0.0,11.0,14.0,0.0,0.0,0.0,0.0,5
1001,0.0,0.0,1.0,11.0,15.0,1.0,0.0,0.0,0.0,0.0,13.0,16.0,8.0,2.0,1.0,0.0,0.0,0.0,16.0,15.0,10.0,16.0,5.0,0.0,0.0,0.0,8.0,16.0,16.0,7.0,0.0,0.0,0.0,0.0,9.0,16.0,16.0,4.0,0.0,0.0,0.0,0.0,16.0,14.0,16.0,15.0,0.0,0.0,0.0,0.0,15.0,15.0,15.0,16.0,0.0,0.0,0.0,0.0,2.0,9.0,13.0,6.0,0.0,0.0,8
1002,0.0,0.0,0.0,2.0,13.0,13.0,0.0,0.0,0.0,0.0,0.0,12.0,10.0,16.0,0.0,0.0,0.0,0.0,7.0,13.0,8.0,11.0,0.0,0.0,0.0,0.0,5.0,16.0,16.0,4.0,0.0,0.0,0.0,0.0,3.0,16.0,16.0,4.0,0.0,0.0,0.0,2.0,14.0,9.0,7.0,13.0,1.0,0.0,0.0,1.0,11.0,8.0,3.0,9.0,8.0,0.0,0.0,0.0,0.0,5.0,10.0,15.0,16.0,0.0,8
1003,0.0,0.0,10.0,16.0,14.0,6.0,0.0,0.0,0.0,0.0,16.0,8.0,6.0,16.0,3.0,0.0,0.0,0.0,9.0,5.0,0.0,13.0,6.0,0.0,0.0,0.0,0.0,0.0,0.0,14.0,8.0,0.0,0.0,0.0,0.0,0.0,4.0,16.0,2.0,0.0,0.0,0.0,0.0,0.0,13.0,11.0,0.0,0.0,0.0,0.0,2.0,9.0,16.0,10.0,6.0,1.0,0.0,0.0,12.0,16.0,14.0,13.0,16.0,8.0,2
1004,0.0,0.0,0.0,5.0,15.0,4.0,0.0,0.0,0.0,0.0,1.0,15.0,11.0,0.0,0.0,0.0,0.0,0.0,12.0,14.0,2.0,0.0,0.0,0.0,0.0,5.0,16.0,7.0,7.0,10.0,0.0,0.0,0.0,12.0,16.0,16.0,16.0,12.0,0.0,0.0,0.0,11.0,12.0,14.0,16.0,14.0,1.0,0.0,0.0,0.0,0.0,0.0,16.0,9.0,0.0,0.0,0.0,0.0,0.0,4.0,16.0,6.0,0.0,0.0,4
1005,0.0,0.0,9.0,15.0,13.0,0.0,0.0,0.0,0.0,5.0,14.0,7.0,13.0,2.0,0.0,0.0,0.0,12.0,10.0,1.0,13.0,0.0,0.0,0.0,0.0,4.0,7.0,6.0,11.0,0.0,0.0,0.0,0.0,0.0,0.0,10.0,6.0,0.0,0.0,0.0,0.0,0.0,1.0,15.0,0.0,0.0,0.0,0.0,0.0,0.0,9.0,11.0,0.0,6.0,5.0,0.0,0.0,0.0,11.0,16.0,16.0,16.0,16.0,3.0,2
1007,0.0,0.0,7.0,13.0,11.0,1.0,0.0,0.0,0.0,6.0,14.0,12.0,14.0,9.0,0.0,0.0,0.0,5.0,14.0,3.0,10.0,9.0,0.0,0.0,0.0,0.0,8.0,15.0,14.0,2.0,0.0,0.0,0.0,0.0,1.0,14.0,16.0,6.0,0.0,0.0,0.0,0.0,9.0,9.0,3.0,15.0,4.0,0.0,0.0,0.0,12.0,5.0,1.0,11.0,8.0,0.0,0.0,0.0,7.0,16.0,16.0,9.0,1.0,0.0,8
1008,0.0,0.0,9.0,13.0,15.0,10.0,1.0,0.0,0.0,1.0,15.0,5.0,7.0,16.0,5.0,0.0,0.0,0.0,15.0,7.0,10.0,16.0,6.0,0.0,0.0,0.0,2.0,7.0,7.0,10.0,8.0,0.0,0.0,0.0,0.0,0.0,0.0,8.0,8.0,0.0,0.0,0.0,0.0,0.0,0.0,11.0,5.0,0.0,0.0,0.0,14.0,6.0,10.0,12.0,0.0,0.0,0.0,0.0,9.0,16.0,12.0,1.0,0.0,0.0,9
1010,0.0,0.0,0.0,11.0,8.0,0.0,0.0,0.0,0.0,0.0,2.0,16.0,5.0,0.0,0.0,0.0,0.0,0.0,12.0,10.0,4.0,10.0,0.0,0.0,0.0,6.0,15.0,2.0,15.0,8.0,0.0,0.0,0.0,10.0,12.0,4.0,16.0,7.0,6.0,0.0,0.0,10.0,16.0,15.0,16.0,14.0,6.0,0.0,0.0,3.0,8.0,16.0,9.0,0.0,0.0,0.0,0.0,0.0,0.0,14.0,11.0,0.0,0.0,0.0,4
1011,0.0,0.0,2.0,14.0,13.0,8.0,0.0,0.0,0.0,0.0,12.0,13.0,12.0,13.0,0.0,0.0,0.0,0.0,11.0,6.0,6.0,16.0,4.0,0.0,0.0,0.0,5.0,16.0,15.0,16.0,8.0,0.0,0.0,0.0,0.0,2.0,4.0,11.0,8.0,0.0,0.0,0.0,0.0,0.0,0.0,11.0,9.0,0.0,0.0,2.0,13.0,7.0,1.0,11.0,10.0,0.0,0.0,0.0,2.0,10.0,15.0,16.0,2.0,0.0,9
1012,0.0,0.0,8.0,13.0,11.0,1.0,0.0,0.0,0.0,4.0,15.0,5.0,12.0,6.0,0.0,0.0,0.0,0.0,0.0,0.0,10.0,4.0,0.0,0.0,0.0,0.0,0.0,6.0,16.0,4.0,0.0,0.0,0.0,0.0,0.0,5.0,13.0,15.0,3.0,0.0,0.0,0.0,1.0,0.0,0.0,7.0,12.0,0.0,0.0,1.0,15.0,8.0,7.0,12.0,12.0,0.0,0.0,0.0,6.0,14.0,16.0,15.0,5.0,0.0,3
1013,0.0,0.0,8.0,16.0,6.0,3.0,0.0,0.0,0.0,2.0,13.0,5.0,10.0,14.0,0.0,0.0,0.0,4.0,14.0,1.0,9.0,16.0,0.0,0.0,0.0,0.0,12.0,13.0,8.0,13.0,0.0,0.0,0.0,0.0,0.0,3.0,0.0,11.0,2.0,0.0,0.0,0.0,0.0,0.0,0.0,12.0,2.0,0.0,0.0,0.0,4.0,1.0,0.0,14.0,1.0,0.0,0.0,0.0,6.0,15.0,16.0,10.0,0.0,0.0,9
1015,0.0,0.0,1.0,8.0,13.0,1.0,0.0,0.0,0.0,0.0,6.0,16.0,16.0,9.0,0.0,0.0,0.0,1.0,15.0,16.0,16.0,10.0,0.0,0.0,0.0,6.0,15.0,14.0,6.0,0.0,0.0,0.0,0.0,3.0,7.0,6.0,6.0,0.0,0.0,0.0,0.0,1.0,10.0,2.0,11.0,0.0,0.0,0.0,0.0,0.0,4.0,11.0,13.0,2.0,0.0,0.0,0.0,0.0,0.0,5.0,12.0,5.0,0.0,0.0,8
1018,0.0,0.0,0.0,2.0,15.0,8.0,0.0,0.0,0.0,0.0,1.0,15.0,13.0,3.0,0.0,0.0,0.0,0.0,9.0,13.0,1.0,0.0,0.0,0.0,0.0,1.0,15.0,6.0,0.0,5.0,11.0,0.0,0.0,7.0,14.0,0.0,1.0,15.0,8.0,0.0,0.0,8.0,15.0,9.0,15.0,16.0,3.0,0.0,0.0,1.0,11.0,16.0,16.0,10.0,0.0,0.0,0.0,0.0,0.0,2.0,15.0,5.0,0.0,0.0,4
1019,0.0,5.0,16.0,15.0,3.0,0.0,0.0,0.0,0.0,11.0,14.0,11.0,11.0,0.0,0.0,0.0,0.0,8.0,11.0,4.0,16.0,0.0,0.0,0.0,0.0,0.0,0.0,4.0,13.0,0.0,0.0,0.0,0.0,0.0,0.0,8.0,12.0,0.0,0.0,0.0,0.0,0.0,0.0,13.0,9.0,5.0,1.0,0.0,0.0,1.0,11.0,16.0,16.0,16.0,10.0,0.0,0.0,5.0,16.0,14.0,8.0,6.0,1.0,0.0,2
1020,0.0,0.0,10.0,13.0,0.0,0.0,0.0,0.0,0.0,0.0,14.0,15.0,11.0,0.0,0.0,0.0,0.0,0.0,12.0,9.0,16.0,8.0,2.0,0.0,0.0,0.0,5.0,14.0,16.0,11.0,1.0,0.0,0.0,0.0,3.0,16.0,10.0,0.0,0.0,0.0,0.0,0.0,12.0,11.0,16.0,0.0,0.0,0.0,0.0,1.0,16.0,7.0,16.0,5.0,0.0,0.0,0.0,0.0,11.0,16.0,13.0,1.0,0.0,0.0,8
1021,0.0,0.0,0.0,5.0,14.0,0.0,0.0,0.0,0.0,0.0,1.0,15.0,13.0,0.0,0.0,0.0,0.0,0.0,9.0,16.0,13.0,0.0,0.0,0.0,0.0,5.0,16.0,15.0,13.0,0.0,0.0,0.0,0.0,8.0,16.0,16.0,16.0,15.0,9.0,0.0,0.0,0.0,4.0,10.0,14.0,8.0,5.0,0.0,0.0,0.0,0.0,8.0,12.0,0.0,0.0,0.0,0.0,0.0,0.0,7.0,10.0,0.0,0.0,0.0,4
1023,0.0,0.0,2.0,15.0,16.0,15.0,0.0,0.0,0.0,0.0,12.0,9.0,11.0,12.0,0.0,0.0,0.0,5.0,15.0,0.0,13.0,7.0,0.0,0.0,0.0,5.0,6.0,3.0,14.0,5.0,2.0,0.0,0.0,0.0,0.0,9.0,16.0,16.0,9.0,0.0,0.0,0.0,7.0,16.0,9.0,2.0,0.0,0.0,0.0,0.0,1.0,15.0,3.0,0.0,0.0,0.0,0.0,0.0,3.0,16.0,0.0,0.0,0.0,0.0,7
1024,0.0,0.0,9.0,10.0,2.0,0.0,0.0,0.0,0.0,8.0,16.0,16.0,10.0,0.0,0.0,0.0,0.0,7.0,7.0,4.0,16.0,2.0,0.0,0.0,0.0,0.0,0.0,8.0,16.0,5.0,0.0,0.0,0.0,0.0,0.0,10.0,16.0,14.0,2.0,0.0,0.0,0.0,0.0,0.0,2.0,14.0,7.0,0.0,0.0,0.0,11.0,10.0,4.0,11.0,12.0,0.0,0.0,0.0,8.0,14.0,16.0,15.0,6.0,0.0,3
1026,0.0,0.0,5.0,12.0,13.0,4.0,0.0,0.0,0.0,3.0,16.0,10.0,2.0,5.0,9.0,0.0,0.0,0.0,15.0,14.0,11.0,15.0,3.0,0.0,0.0,0.0,7.0,16.0,15.0,1.0,0.0,0.0,0.0,0.0,3.0,16.0,16.0,4.0,0.0,0.0,0.0,0.0,8.0,14.0,13.0,12.0,0.0,0.0,0.0,0.0,12.0,12.0,13.0,11.0,0.0,0.0,0.0,0.0,7.0,16.0,11.0,2.0,0.0,0.0,8
1027,0.0,0.0,10.0,12.0,14.0,1.0,0.0,0.0,0.0,0.0,16.0,16.0,16.0,12.0,0.0,0.0,0.0,5.0,16.0,8.0,3.0,16.0,0.0,0.0,0.0,8.0,13.0,0.0,0.0,8.0,7.0,0.0,0.0,8.0,12.0,0.0,0.0,6.0,8.0,0.0,0.0,8.0,13.0,0.0,4.0,12.0,8.0,0.0,0.0,7.0,16.0,16.0,16.0,13.0,0.0,0.0,0.0,0.0,11.0,14.0,8.0,1.0,0.0,0.0,0
1031,0.0,0.0,12.0,13.0,12.0,12.0,12.0,0.0,0.0,0.0,16.0,13.0,12.0,11.0,11.0,0.0,0.0,0.0,16.0,13.0,11.0,2.0,0.0,0.0,0.0,3.0,16.0,14.0,16.0,7.0,0.0,0.0,0.0,0.0,0.0,0.0,11.0,11.0,0.0,0.0,0.0,0.0,0.0,0.0,8.0,11.0,0.0,0.0,0.0,1.0,14.0,11.0,15.0,9.0,0.0,0.0,0.0,0.0,10.0,14.0,12.0,0.0,0.0,0.0,5
1032,0.0,0.0,4.0,11.0,15.0,2.0,0.0,0.0,0.0,2.0,16.0,9.0,8.0,9.0,0.0,0.0,0.0,4.0,15.0,0.0,5.0,16.0,3.0,0.0,0.0,0.0,11.0,11.0,16.0,9.0,0.0,0.0,0.0,0.0,4.0,16.0,15.0,1.0,0.0,0.0,0.0,0.0,13.0,9.0,6.0,12.0,1.0,0.0,0.0,0.0,15.0,3.0,0.0,9.0,5.0,0.0,0.0,0.0,5.0,13.0,13.0,12.0,5.0,0.0,8
1033,0.0,0.0,7.0,16.0,12.0,0.0,0.0,0.0,0.0,1.0,16.0,7.0,13.0,3.0,0.0,0.0,0.0,0.0,15.0,2.0,10.0,6.0,0.0,0.0,0.0,0.0,4.0,0.0,12.0,5.0,0.0,0.0,0.0,0.0,0.0,0.0,15.0,1.0,0.0,0.0,0.0,0.0,0.0,5.0,13.0,0.0,0.0,0.0,0.0,0.0,6.0,15.0,14.0,8.0,7.0,1.0,0.0,0.0,6.0,13.0,12.0,12.0,15.0,12.0,2
1034,0.0,0.0,3.0,11.0,16.0,13.0,0.0,0.0,0.0,3.0,15.0,15.0,13.0,16.0,0.0,0.0,0.0,6.0,8.0,2.0,9.0,14.0,0.0,0.0,0.0,0.0,4.0,7.0,15.0,14.0,5.0,0.0,0.0,4.0,16.0,16.0,16.0,14.0,6.0,0.0,0.0,1.0,8.0,13.0,12.0,0.0,0.0,0.0,0.0,0.0,1.0,16.0,4.0,0.0,0.0,0.0,0.0,0.0,3.0,15.0,1.0,0.0,0.0,0.0,7
1035,0.0,0.0,7.0,12.0,10.0,0.0,0.0,0.0,0.0,3.0,16.0,16.0,16.0,9.0,1.0,0.0,0.0,0.0,8.0,16.0,16.0,11.0,1.0,0.0,0.0,0.0,10.0,16.0,16.0,0.0,0.0,0.0,0.0,3.0,16.0,14.0,16.0,4.0,0.0,0.0,0.0,4.0,13.0,0.0,7.0,15.0,0.0,0.0,0.0,4.0,14.0,2.0,2.0,16.0,0.0,0.0,0.0,0.0,6.0,11.0,10.0,5.0,0.0,0.0,8
1036,0.0,0.0,1.0,11.0,16.0,16.0,8.0,0.0,0.0,0.0,5.0,11.0,9.0,16.0,11.0,0.0,0.0,0.0,0.0,0.0,2.0,16.0,6.0,0.0,0.0,0.0,6.0,9.0,12.0,16.0,9.0,0.0,0.0,1.0,16.0,16.0,16.0,14.0,3.0,0.0,0.0,0.0,3.0,5.0,16.0,7.0,0.0,0.0,0.0,0.0,0.0,8.0,14.0,0.0,0.0,0.0,0.0,0.0,1.0,16.0,5.0,0.0,0.0,0.0,7
1037,0.0,0.0,13.0,13.0,13.0,12.0,4.0,0.0,0.0,1.0,16.0,5.0,5.0,9.0,4.0,0.0,0.0,4.0,13.0,0.0,2.0,1.0,0.0,0.0,0.0,5.0,14.0,11.0,16.0,13.0,2.0,0.0,0.0,5.0,15.0,6.0,0.0,9.0,8.0,0.0,0.0,0.0,3.0,0.0,0.0,10.0,8.0,0.0,0.0,3.0,14.0,5.0,7.0,15.0,1.0,0.0,0.0,1.0,9.0,14.0,15.0,4.0,0.0,0.0,5
1038,0.0,0.0,1.0,12.0,11.0,1.0,0.0,0.0,0.0,0.0,1.0,16.0,16.0,4.0,0.0,0.0,0.0,0.0,3.0,16.0,15.0,2.0,0.0,0.0,0.0,0.0,9.0,16.0,12.0,0.0,0.0,0.0,0.0,0.0,12.0,16.0,5.0,0.0,0.0,0.0,0.0,0.0,14.0,16.0,6.0,0.0,0.0,0.0,0.0,0.0,9.0,16.0,8.0,0.0,0.0,0.0,0.0,0.0,2.0,11.0,13.0,1.0,0.0,0.0,1
1039,0.0,0.0,4.0,8.0,16.0,5.0,0.0,0.0,0.0,0.0,9.0,16.0,8.0,11.0,0.0,0.0,0.0,0.0,5.0,10.0,0.0,13.0,2.0,0.0,0.0,0.0,0.0,13.0,4.0,15.0,2.0,0.0,0.0,0.0,0.0,9.0,16.0,8.0,0.0,0.0,0.0,0.0,8.0,15.0,14.0,5.0,0.0,0.0,0.0,0.0,16.0,5.0,14.0,4.0,0.0,0.0,0.0,0.0,6.0,16.0,12.0,1.0,0.0,0.0,8
1040,0.0,0.0,9.0,14.0,8.0,1.0,0.0,0.0,0.0,0.0,12.0,14.0,14.0,12.0,0.0,0.0,0.0,0.0,9.0,10.0,0.0,15.0,4.0,0.0,0.0,0.0,3.0,16.0,12.0,14.0,2.0,0.0,0.0,0.0,4.0,16.0,16.0,2.0,0.0,0.0,0.0,3.0,16.0,8.0,10.0,13.0,2.0,0.0,0.0,1.0,15.0,1.0,3.0,16.0,8.0,0.0,0.0,0.0,11.0,16.0,15.0,11.0,1.0,0.0,8
1041,0.0,1.0,10.0,16.0,3.0,0.0,0.0,0.0,0.0,5.0,16.0,14.0,8.0,0.0,0.0,0.0,0.0,10.0,11.0,8.0,12.0,0.0,0.0,0.0,0.0,1.0,1.0,8.0,12.0,0.0,0.0,0.0,0.0,0.0,0.0,12.0,8.0,0.0,0.0,0.0,0.0,0.0,2.0,15.0,5.0,1.0,2.0,0.0,0.0,0.0,10.0,16.0,14.0,14.0,12.0,0.0,0.0,0.0,14.0,16.0,16.0,13.0,7.0,0.0,2
1042,0.0,0.0,10.0,13.0,8.0,1.0,0.0,0.0,0.0,0.0,16.0,16.0,16.0,8.0,0.0,0.0,0.0,0.0,6.0,1.0,11.0,9.0,0.0,0.0,0.0,0.0,0.0,0.0,13.0,8.0,0.0,0.0,0.0,0.0,0.0,5.0,15.0,4.0,0.0,0.0,0.0,0.0,8.0,16.0,10.0,0.0,0.0,0.0,0.0,8.0,16.0,16.0,16.0,15.0,4.0,0.0,0.0,2.0,10.0,11.0,7.0,2.0,0.0,0.0,2
1043,0.0,2.0,9.0,15.0,16.0,15.0,2.0,0.0,0.0,11.0,11.0,5.0,9.0,16.0,3.0,0.0,0.0,0.0,0.0,0.0,9.0,12.0,0.0,0.0,0.0,0.0,0.0,0.0,6.0,15.0,1.0,0.0,0.0,0.0,0.0,0.0,0.0,14.0,9.0,0.0,0.0,0.0,0.0,0.0,0.0,12.0,12.0,0.0,0.0,0.0,5.0,3.0,6.0,15.0,7.0,0.0,0.0,0.0,12.0,16.0,15.0,9.0,1.0,0.0,3
1044,0.0,1.0,13.0,15.0,2.0,0.0,0.0,0.0,0.0,6.0,15.0,15.0,9.0,0.0,0.0,0.0,0.0,9.0,8.0,10.0,13.0,0.0,0.0,0.0,0.0,5.0,3.0,12.0,12.0,0.0,0.0,0.0,0.0,0.0,3.0,16.0,6.0,0.0,0.0,0.0,0.0,5.0,15.0,15.0,1.0,0.0,0.0,0.0,0.0,6.0,16.0,15.0,12.0,12.0,11.0,0.0,0.0,1.0,11.0,13.0,16.0,16.0,12.0,0.0,2
1045,0.0,0.0,0.0,5.0,11.0,0.0,6.0,0.0,0.0,0.0,3.0,15.0,7.0,6.0,16.0,1.0,0.0,0.0,13.0,9.0,1.0,13.0,7.0,0.0,0.0,6.0,15.0,2.0,6.0,15.0,0.0,0.0,0.0,14.0,10.0,0.0,14.0,12.0,3.0,0.0,0.0,14.0,16.0,16.0,16.0,14.0,3.0,0.0,0.0,5.0,11.0,14.0,13.0,2.0,0.0,0.0,0.0,0.0,0.0,7.0,9.0,0.0,0.0,0.0,4
1047,0.0,0.0,6.0,8.0,8.0,13.0,3.0,0.0,0.0,1.0,14.0,14.0,12.0,9.0,3.0,0.0,0.0,4.0,16.0,8.0,2.0,0.0,0.0,0.0,0.0,4.0,16.0,13.0,15.0,7.0,0.0,0.0,0.0,0.0,0.0,0.0,3.0,15.0,0.0,0.0,0.0,0.0,0.0,0.0,3.0,15.0,0.0,0.0,0.0,0.0,6.0,8.0,13.0,8.0,0.0,0.0,0.0,0.0,9.0,15.0,8.0,0.0,0.0,0.0,5
1048,0.0,0.0,4.0,13.0,14.0,16.0,3.0,0.0,0.0,0.0,6.0,11.0,10.0,16.0,1.0,0.0,0.0,0.0,0.0,0.0,7.0,14.0,0.0,0.0,0.0,0.0,9.0,16.0,16.0,16.0,12.0,0.0,0.0,0.0,15.0,13.0,16.0,7.0,2.0,0.0,0.0,0.0,0.0,8.0,12.0,0.0,0.0,0.0,0.0,0.0,2.0,14.0,6.0,0.0,0.0,0.0,0.0,0.0,8.0,13.0,1.0,0.0,0.0,0.0,7
1049,0.0,0.0,7.0,16.0,13.0,5.0,0.0,0.0,0.0,0.0,13.0,16.0,16.0,5.0,0.0,0.0,0.0,1.0,16.0,16.0,16.0,3.0,0.0,0.0,0.0,1.0,14.0,16.0,15.0,0.0,0.0,0.0,0.0,1.0,16.0,16.0,15.0,1.0,0.0,0.0,0.0,0.0,14.0,16.0,16.0,4.0,0.0,0.0,0.0,0.0,6.0,16.0,16.0,7.0,0.0,0.0,0.0,0.0,4.0,14.0,13.0,6.0,0.0,0.0,1
1050,0.0,0.0,4.0,14.0,11.0,3.0,0.0,0.0,0.0,0.0,1.0,15.0,16.0,6.0,0.0,0.0,0.0,0.0,0.0,16.0,16.0,9.0,0.0,0.0,0.0,0.0,1.0,14.0,16.0,3.0,0.0,0.0,0.0,0.0,6.0,16.0,16.0,2.0,0.0,0.0,0.0,0.0,8.0,16.0,15.0,0.0,0.0,0.0,0.0,0.0,7.0,16.0,11.0,0.0,0.0,0.0,0.0,0.0,6.0,15.0,14.0,4.0,0.0,0.0,1
1051,0.0,0.0,2.0,15.0,6.0,0.0,0.0,0.0,0.0,0.0,11.0,16.0,4.0,0.0,0.0,0.0,0.0,3.0,16.0,7.0,0.0,0.0,0.0,0.0,0.0,4.0,16.0,6.0,4.0,1.0,0.0,0.0,0.0,6.0,16.0,16.0,14.0,16.0,3.0,0.0,0.0,2.0,14.0,9.0,0.0,11.0,9.0,0.0,0.0,0.0,10.0,14.0,8.0,15.0,5.0,0.0,0.0,0.0,3.0,13.0,16.0,8.0,0.0,0.0,6
1052,0.0,0.0,0.0,4.0,13.0,13.0,0.0,0.0,0.0,0.0,0.0,10.0,16.0,16.0,1.0,0.0,0.0,0.0,3.0,14.0,16.0,13.0,0.0,0.0,0.0,0.0,8.0,16.0,16.0,5.0,0.0,0.0,0.0,3.0,15.0,16.0,16.0,4.0,0.0,0.0,0.0,4.0,16.0,16.0,16.0,6.0,0.0,0.0,0.0,2.0,8.0,15.0,16.0,9.0,0.0,0.0,0.0,0.0,0.0,4.0,14.0,12.0,0.0,0.0,1
1054,0.0,0.0,4.0,15.0,16.0,13.0,13.0,10.0,0.0,0.0,12.0,13.0,10.0,15.0,14.0,2.0,0.0,2.0,16.0,6.0,2.0,14.0,6.0,0.0,0.0,1.0,5.0,0.0,9.0,11.0,0.0,0.0,0.0,0.0,7.0,12.0,16.0,14.0,6.0,0.0,0.0,0.0,8.0,15.0,15.0,11.0,2.0,0.0,0.0,0.0,2.0,16.0,8.0,0.0,0.0,0.0,0.0,0.0,7.0,15.0,4.0,0.0,0.0,0.0,7
1055,0.0,0.0,0.0,3.0,16.0,5.0,0.0,0.0,0.0,0.0,3.0,14.0,10.0,0.0,9.0,11.0,0.0,1.0,13.0,11.0,0.0,2.0,15.0,8.0,0.0,7.0,16.0,9.0,11.0,16.0,15.0,1.0,0.0,6.0,15.0,13.0,12.0,16.0,9.0,0.0,0.0,0.0,0.0,0.0,8.0,15.0,2.0,0.0,0.0,0.0,0.0,1.0,15.0,7.0,0.0,0.0,0.0,0.0,0.0,5.0,15.0,2.0,0.0,0.0,4
1058,0.0,0.0,5.0,15.0,16.0,14.0,1.0,0.0,0.0,0.0,11.0,13.0,9.0,16.0,5.0,0.0,0.0,0.0,0.0,0.0,5.0,16.0,2.0,0.0,0.0,0.0,0.0,0.0,9.0,11.0,0.0,0.0,0.0,0.0,7.0,13.0,15.0,12.0,1.0,0.0,0.0,0.0,7.0,14.0,14.0,12.0,4.0,0.0,0.0,0.0,0.0,14.0,3.0,0.0,0.0,0.0,0.0,0.0,7.0,10.0,0.0,0.0,0.0,0.0,7
1059,0.0,0.0,6.0,12.0,10.0,14.0,8.0,0.0,0.0,0.0,15.0,14.0,13.0,16.0,3.0,0.0,0.0,1.0,12.0,0.0,9.0,11.0,0.0,0.0,0.0,0.0,0.0,4.0,16.0,8.0,2.0,0.0,0.0,0.0,9.0,16.0,16.0,16.0,9.0,0.0,0.0,0.0,2.0,15.0,6.0,0.0,0.0,0.0,0.0,0.0,3.0,15.0,1.0,0.0,0.0,0.0,0.0,0.0,8.0,11.0,0.0,0.0,0.0,0.0,7
1060,0.0,3.0,15.0,16.0,7.0,0.0,0.0,0.0,0.0,12.0,13.0,11.0,16.0,0.0,0.0,0.0,0.0,12.0,5.0,4.0,16.0,0.0,0.0,0.0,0.0,0.0,0.0,3.0,16.0,4.0,0.0,0.0,0.0,0.0,0.0,6.0,16.0,3.0,0.0,0.0,0.0,0.0,0.0,11.0,16.0,0.0,0.0,0.0,0.0,1.0,12.0,16.0,14.0,8.0,5.0,0.0,0.0,2.0,13.0,16.0,16.0,16.0,16.0,2.0,2
1061,0.0,0.0,4.0,12.0,12.0,7.0,0.0,0.0,0.0,0.0,16.0,16.0,16.0,5.0,0.0,0.0,0.0,0.0,16.0,16.0,16.0,16.0,0.0,0.0,0.0,4.0,16.0,16.0,16.0,12.0,0.0,0.0,0.0,4.0,16.0,16.0,16.0,12.0,0.0,0.0,0.0,3.0,15.0,16.0,16.0,9.0,0.0,0.0,0.0,0.0,12.0,16.0,16.0,8.0,0.0,0.0,0.0,1.0,7.0,12.0,11.0,5.0,0.0,0.0,1
1062,0.0,0.0,0.0,2.0,15.0,5.0,0.0,0.0,0.0,0.0,2.0,4.0,10.0,12.0,0.0,0.0,0.0,3.0,15.0,14.0,10.0,8.0,0.0,0.0,0.0,8.0,15.0,1.0,11.0,4.0,0.0,0.0,0.0,1.0,8.0,15.0,16.0,0.0,0.0,0.0,0.0,0.0,0.0,6.0,16.0,12.0,1.0,0.0,0.0,0.0,0.0,4.0,14.0,15.0,4.0,0.0,0.0,0.0,0.0,2.0,14.0,11.0,0.0,0.0,8
1063,0.0,0.0,0.0,10.0,12.0,0.0,0.0,0.0,0.0,0.0,4.0,16.0,5.0,3.0,3.0,0.0,0.0,0.0,15.0,7.0,0.0,13.0,11.0,0.0,0.0,7.0,14.0,1.0,7.0,16.0,8.0,0.0,0.0,9.0,13.0,5.0,15.0,13.0,1.0,0.0,0.0,11.0,16.0,16.0,16.0,1.0,0.0,0.0,0.0,0.0,4.0,9.0,16.0,0.0,0.0,0.0,0.0,0.0,0.0,11.0,15.0,0.0,0.0,0.0,4
1064,0.0,1.0,11.0,16.0,11.0,1.0,0.0,0.0,0.0,6.0,11.0,16.0,16.0,7.0,0.0,0.0,0.0,1.0,2.0,9.0,16.0,11.0,0.0,0.0,0.0,2.0,14.0,12.0,16.0,12.0,0.0,0.0,0.0,0.0,3.0,8.0,4.0,13.0,4.0,0.0,0.0,0.0,0.0,0.0,0.0,10.0,8.0,0.0,0.0,0.0,4.0,12.0,16.0,14.0,6.0,0.0,0.0,0.0,14.0,8.0,4.0,0.0,0.0,0.0,9
1066,0.0,0.0,2.0,10.0,13.0,12.0,3.0,0.0,0.0,0.0,11.0,13.0,8.0,16.0,7.0,0.0,0.0,0.0,12.0,9.0,9.0,16.0,8.0,0.0,0.0,0.0,6.0,10.0,13.0,14.0,5.0,0.0,0.0,0.0,0.0,0.0,0.0,12.0,8.0,0.0,0.0,8.0,1.0,0.0,0.0,15.0,2.0,0.0,0.0,4.0,14.0,9.0,4.0,16.0,0.0,0.0,0.0,0.0,2.0,12.0,16.0,14.0,0.0,0.0,9
1067,0.0,0.0,5.0,15.0,7.0,0.0,0.0,0.0,0.0,0.0,14.0,16.0,16.0,5.0,0.0,0.0,0.0,0.0,13.0,14.0,14.0,15.0,0.0,0.0,0.0,0.0,3.0,11.0,14.0,16.0,3.0,0.0,0.0,0.0,0.0,0.0,6.0,16.0,2.0,0.0,0.0,0.0,0.0,0.0,4.0,16.0,7.0,0.0,0.0,0.0,0.0,1.0,11.0,16.0,6.0,0.0,0.0,0.0,4.0,15.0,16.0,10.0,0.0,0.0,9
1069,0.0,0.0,8.0,15.0,16.0,6.0,0.0,0.0,0.0,0.0,13.0,13.0,13.0,13.0,0.0,0.0,0.0,0.0,2.0,6.0,16.0,9.0,0.0,0.0,0.0,0.0,0.0,3.0,16.0,2.0,0.0,0.0,0.0,0.0,0.0,0.0,10.0,10.0,0.0,0.0,0.0,0.0,0.0,0.0,5.0,15.0,0.0,0.0,0.0,0.0,7.0,4.0,11.0,16.0,1.0,0.0,0.0,0.0,7.0,16.0,16.0,8.0,0.0,0.0,3
1071,0.0,3.0,15.0,16.0,6.0,0.0,0.0,0.0,0.0,11.0,15.0,12.0,15.0,0.0,0.0,0.0,0.0,2.0,2.0,2.0,16.0,4.0,0.0,0.0,0.0,0.0,0.0,0.0,16.0,4.0,0.0,0.0,0.0,0.0,0.0,5.0,16.0,1.0,0.0,0.0,0.0,0.0,0.0,11.0,15.0,4.0,1.0,0.0,0.0,1.0,10.0,16.0,16.0,16.0,11.0,0.0,0.0,4.0,16.0,14.0,12.0,8.0,3.0,0.0,2
1073,0.0,0.0,9.0,9.0,4.0,0.0,0.0,0.0,0.0,0.0,15.0,15.0,14.0,12.0,0.0,0.0,0.0,3.0,10.0,1.0,0.0,12.0,5.0,0.0,0.0,5.0,8.0,0.0,0.0,8.0,6.0,0.0,0.0,8.0,8.0,0.0,0.0,8.0,8.0,0.0,0.0,5.0,8.0,0.0,0.0,10.0,6.0,0.0,0.0,4.0,13.0,4.0,6.0,13.0,0.0,0.0,0.0,0.0,6.0,16.0,14.0,3.0,0.0,0.0,0
1076,0.0,0.0,2.0,16.0,5.0,0.0,0.0,0.0,0.0,0.0,6.0,16.0,2.0,0.0,0.0,0.0,0.0,0.0,9.0,13.0,0.0,0.0,0.0,0.0,0.0,0.0,11.0,13.0,12.0,11.0,2.0,0.0,0.0,0.0,14.0,16.0,14.0,10.0,14.0,0.0,0.0,0.0,13.0,7.0,3.0,0.0,14.0,6.0,0.0,0.0,10.0,14.0,4.0,8.0,16.0,7.0,0.0,0.0,2.0,14.0,16.0,15.0,8.0,0.0,6
1078,0.0,0.0,13.0,16.0,15.0,2.0,0.0,0.0,0.0,5.0,14.0,5.0,15.0,7.0,0.0,0.0,0.0,0.0,2.0,0.0,12.0,7.0,0.0,0.0,0.0,0.0,5.0,9.0,16.0,7.0,0.0,0.0,0.0,0.0,8.0,16.0,16.0,16.0,10.0,0.0,0.0,0.0,2.0,16.0,3.0,0.0,0.0,0.0,0.0,0.0,8.0,13.0,0.0,0.0,0.0,0.0,0.0,0.0,15.0,7.0,0.0,0.0,0.0,0.0,7
1079,0.0,0.0,5.0,10.0,11.0,13.0,12.0,0.0,0.0,2.0,14.0,8.0,8.0,13.0,10.0,0.0,0.0,1.0,6.0,0.0,4.0,13.0,0.0,0.0,0.0,0.0,0.0,1.0,15.0,2.0,0.0,0.0,0.0,0.0,0.0,11.0,15.0,8.0,1.0,0.0,0.0,2.0,15.0,15.0,8.0,7.0,0.0,0.0,0.0,1.0,9.0,12.0,0.0,0.0,0.0,0.0,0.0,0.0,7.0,11.0,0.0,0.0,0.0,0.0,7
1080,0.0,0.0,6.0,11.0,16.0,13.0,5.0,0.0,0.0,2.0,16.0,16.0,16.0,16.0,12.0,0.0,0.0,0.0,0.0,0.0,5.0,16.0,4.0,0.0,0.0,0.0,0.0,10.0,15.0,5.0,0.0,0.0,0.0,0.0,9.0,16.0,3.0,0.0,0.0,0.0,0.0,0.0,13.0,16.0,13.0,1.0,0.0,0.0,0.0,0.0,0.0,5.0,16.0,14.0,0.0,0.0,0.0,0.0,5.0,14.0,11.0,6.0,0.0,0.0,3
1082,0.0,1.0,14.0,16.0,14.0,8.0,0.0,0.0,0.0,5.0,12.0,5.0,14.0,9.0,0.0,0.0,0.0,2.0,15.0,9.0,13.0,12.0,0.0,0.0,0.0,0.0,3.0,8.0,8.0,16.0,2.0,0.0,0.0,0.0,0.0,0.0,0.0,11.0,6.0,0.0,0.0,0.0,4.0,0.0,0.0,8.0,8.0,0.0,0.0,4.0,14.0,4.0,5.0,14.0,7.0,0.0,0.0,1.0,13.0,16.0,16.0,10.0,1.0,0.0,9
1083,0.0,0.0,12.0,16.0,16.0,7.0,0.0,0.0,0.0,3.0,16.0,10.0,2.0,2.0,0.0,0.0,0.0,4.0,16.0,5.0,0.0,0.0,0.0,0.0,0.0,3.0,16.0,12.0,12.0,9.0,1.0,0.0,0.0,1.0,15.0,16.0,12.0,15.0,9.0,0.0,0.0,0.0,0.0,0.0,3.0,14.0,11.0,0.0,0.0,0.0,3.0,9.0,16.0,16.0,7.0,0.0,0.0,0.0,10.0,12.0,12.0,4.0,0.0,0.0,5
1084,0.0,0.0,2.0,9.0,14.0,16.0,15.0,0.0,0.0,3.0,16.0,13.0,8.0,10.0,16.0,0.0,0.0,1.0,2.0,0.0,0.0,11.0,9.0,0.0,0.0,0.0,3.0,11.0,12.0,16.0,11.0,0.0,0.0,0.0,12.0,14.0,16.0,12.0,2.0,0.0,0.0,0.0,0.0,3.0,16.0,3.0,0.0,0.0,0.0,0.0,0.0,7.0,10.0,0.0,0.0,0.0,0.0,0.0,0.0,14.0,5.0,0.0,0.0,0.0,7
1085,0.0,0.0,7.0,14.0,16.0,13.0,1.0,0.0,0.0,0.0,15.0,13.0,3.0,13.0,8.0,0.0,0.0,6.0,15.0,2.0,0.0,8.0,8.0,0.0,0.0,6.0,16.0,0.0,0.0,6.0,11.0,0.0,0.0,9.0,13.0,0.0,0.0,13.0,9.0,0.0,0.0,5.0,15.0,0.0,5.0,16.0,5.0,0.0,0.0,4.0,16.0,9.0,16.0,12.0,0.0,0.0,0.0,0.0,8.0,16.0,12.0,3.0,0.0,0.0,0
1086,0.0,0.0,7.0,16.0,13.0,4.0,0.0,0.0,0.0,0.0,7.0,16.0,16.0,9.0,0.0,0.0,0.0,0.0,1.0,16.0,16.0,9.0,0.0,0.0,0.0,0.0,3.0,16.0,16.0,9.0,0.0,0.0,0.0,0.0,8.0,16.0,16.0,8.0,0.0,0.0,0.0,0.0,10.0,16.0,16.0,4.0,0.0,0.0,0.0,0.0,9.0,16.0,14.0,1.0,0.0,0.0,0.0,0.0,4.0,12.0,14.0,8.0,0.0,0.0,1
1088,0.0,0.0,0.0,4.0,14.0,14.0,1.0,0.0,0.0,0.0,3.0,14.0,12.0,10.0,4.0,0.0,0.0,3.0,13.0,4.0,0.0,8.0,6.0,0.0,0.0,3.0,15.0,9.0,2.0,15.0,1.0,0.0,0.0,0.0,2.0,10.0,16.0,13.0,0.0,0.0,0.0,0.0,0.0,0.0,12.0,14.0,4.0,0.0,0.0,0.0,0.0,2.0,12.0,9.0,3.0,0.0,0.0,0.0,0.0,2.0,16.0,14.0,0.0,0.0,8
1089,0.0,0.0,4.0,15.0,16.0,12.0,0.0,0.0,0.0,0.0,6.0,9.0,12.0,10.0,0.0,0.0,0.0,0.0,0.0,0.0,10.0,9.0,0.0,0.0,0.0,0.0,2.0,4.0,15.0,10.0,4.0,0.0,0.0,2.0,15.0,16.0,16.0,15.0,7.0,0.0,0.0,0.0,8.0,13.0,9.0,0.0,0.0,0.0,0.0,0.0,1.0,16.0,4.0,0.0,0.0,0.0,0.0,0.0,6.0,13.0,0.0,0.0,0.0,0.0,7
1090,0.0,0.0,0.0,11.0,4.0,0.0,0.0,0.0,0.0,0.0,1.0,16.0,4.0,3.0,0.0,0.0,0.0,0.0,10.0,9.0,16.0,4.0,0.0,0.0,0.0,2.0,14.0,5.0,16.0,2.0,0.0,0.0,0.0,8.0,13.0,7.0,16.0,11.0,2.0,0.0,0.0,10.0,16.0,16.0,16.0,14.0,1.0,0.0,0.0,0.0,0.0,11.0,13.0,0.0,0.0,0.0,0.0,0.0,0.0,11.0,7.0,0.0,0.0,0.0,4
1091,0.0,0.0,0.0,7.0,6.0,0.0,0.0,0.0,0.0,0.0,1.0,15.0,16.0,7.0,0.0,0.0,0.0,0.0,8.0,13.0,15.0,6.0,0.0,0.0,0.0,3.0,16.0,3.0,12.0,7.0,1.0,0.0,0.0,4.0,14.0,9.0,15.0,16.0,8.0,0.0,0.0,4.0,12.0,12.0,16.0,10.0,2.0,0.0,0.0,0.0,0.0,5.0,16.0,0.0,0.0,0.0,0.0,0.0,0.0,4.0,14.0,0.0,0.0,0.0,4
1093,0.0,0.0,0.0,0.0,10.0,11.0,0.0,0.0,0.0,0.0,0.0,0.0,16.0,13.0,0.0,0.0,0.0,0.0,0.0,7.0,16.0,9.0,0.0,0.0,0.0,0.0,0.0,13.0,16.0,3.0,0.0,0.0,0.0,0.0,10.0,16.0,16.0,0.0,0.0,0.0,0.0,0.0,15.0,16.0,16.0,4.0,0.0,0.0,0.0,3.0,12.0,6.0,16.0,6.0,0.0,0.0,0.0,0.0,0.0,0.0,10.0,13.0,7.0,0.0,1
1094,0.0,0.0,12.0,16.0,16.0,13.0,1.0,0.0,0.0,4.0,15.0,9.0,12.0,16.0,2.0,0.0,0.0,0.0,2.0,0.0,11.0,15.0,0.0,0.0,0.0,0.0,0.0,12.0,16.0,4.0,0.0,0.0,0.0,0.0,0.0,8.0,16.0,13.0,1.0,0.0,0.0,0.0,0.0,0.0,6.0,16.0,6.0,0.0,0.0,0.0,4.0,6.0,6.0,16.0,6.0,0.0,0.0,0.0,12.0,16.0,16.0,9.0,0.0,0.0,3
1097,0.0,0.0,1.0,11.0,14.0,6.0,0.0,0.0,0.0,0.0,4.0,16.0,14.0,4.0,0.0,0.0,0.0,0.0,12.0,16.0,2.0,0.0,0.0,0.0,0.0,2.0,16.0,16.0,12.0,5.0,0.0,0.0,0.0,7.0,16.0,16.0,16.0,16.0,3.0,0.0,0.0,3.0,15.0,5.0,0.0,15.0,13.0,0.0,0.0,0.0,11.0,16.0,14.0,16.0,10.0,0.0,0.0,0.0,0.0,12.0,13.0,9.0,1.0,0.0,6
1098,0.0,0.0,2.0,16.0,12.0,1.0,0.0,0.0,0.0,0.0,11.0,15.0,13.0,11.0,0.0,0.0,0.0,2.0,16.0,9.0,0.0,14.0,2.0,0.0,0.0,4.0,16.0,12.0,0.0,11.0,5.0,0.0,0.0,4.0,16.0,6.0,0.0,12.0,7.0,0.0,0.0,0.0,15.0,1.0,1.0,15.0,9.0,0.0,0.0,0.0,10.0,9.0,10.0,15.0,2.0,0.0,0.0,0.0,2.0,13.0,16.0,8.0,0.0,0.0,0
1099,0.0,0.0,0.0,5.0,15.0,2.0,0.0,0.0,0.0,0.0,0.0,14.0,10.0,2.0,0.0,0.0,0.0,0.0,12.0,14.0,4.0,15.0,0.0,0.0,0.0,6.0,16.0,4.0,9.0,15.0,8.0,0.0,0.0,14.0,15.0,11.0,15.0,16.0,9.0,0.0,0.0,7.0,15.0,15.0,16.0,11.0,0.0,0.0,0.0,0.0,0.0,3.0,16.0,6.0,0.0,0.0,0.0,0.0,0.0,6.0,16.0,2.0,0.0,0.0,4
1101,0.0,0.0,0.0,13.0,9.0,0.0,0.0,0.0,0.0,0.0,8.0,15.0,5.0,0.0,0.0,0.0,0.0,0.0,14.0,8.0,0.0,0.0,0.0,0.0,0.0,2.0,16.0,3.0,0.0,2.0,0.0,0.0,0.0,0.0,16.0,13.0,16.0,16.0,6.0,0.0,0.0,1.0,16.0,11.0,4.0,7.0,12.0,0.0,0.0,0.0,11.0,12.0,5.0,13.0,9.0,0.0,0.0,0.0,1.0,12.0,15.0,11.0,2.0,0.0,6
1104,0.0,0.0,4.0,10.0,13.0,6.0,0.0,0.0,0.0,1.0,16.0,14.0,12.0,16.0,3.0,0.0,0.0,4.0,16.0,6.0,3.0,16.0,4.0,0.0,0.0,0.0,12.0,16.0,16.0,16.0,5.0,0.0,0.0,0.0,0.0,4.0,4.0,16.0,8.0,0.0,0.0,0.0,0.0,0.0,0.0,15.0,5.0,0.0,0.0,0.0,5.0,7.0,7.0,16.0,4.0,0.0,0.0,0.0,2.0,14.0,15.0,9.0,0.0,0.0,9
1105,0.0,0.0,9.0,13.0,14.0,5.0,0.0,0.0,0.0,4.0,16.0,10.0,13.0,16.0,0.0,0.0,0.0,0.0,13.0,15.0,14.0,16.0,1.0,0.0,0.0,0.0,0.0,3.0,7.0,16.0,3.0,0.0,0.0,0.0,0.0,0.0,4.0,16.0,0.0,0.0,0.0,0.0,0.0,0.0,1.0,16.0,3.0,0.0,0.0,1.0,15.0,5.0,8.0,16.0,2.0,0.0,0.0,0.0,7.0,15.0,16.0,9.0,0.0,0.0,9
1107,0.0,0.0,3.0,12.0,7.0,0.0,0.0,0.0,0.0,0.0,14.0,12.0,12.0,4.0,0.0,0.0,0.0,2.0,14.0,0.0,1.0,13.0,0.0,0.0,0.0,1.0,12.0,0.0,0.0,7.0,5.0,0.0,0.0,2.0,13.0,0.0,0.0,2.0,10.0,0.0,0.0,0.0,15.0,3.0,0.0,3.0,14.0,0.0,0.0,0.0,7.0,12.0,8.0,11.0,12.0,0.0,0.0,0.0,2.0,11.0,16.0,11.0,2.0,0.0,0
1109,0.0,0.0,4.0,13.0,11.0,7.0,0.0,0.0,0.0,0.0,14.0,16.0,13.0,16.0,2.0,0.0,0.0,5.0,16.0,4.0,0.0,5.0,7.0,0.0,0.0,8.0,14.0,0.0,0.0,4.0,8.0,0.0,0.0,6.0,9.0,0.0,0.0,4.0,8.0,0.0,0.0,2.0,14.0,1.0,0.0,8.0,6.0,0.0,0.0,0.0,13.0,12.0,9.0,15.0,2.0,0.0,0.0,0.0,3.0,16.0,12.0,5.0,0.0,0.0,0
1110,0.0,0.0,1.0,13.0,16.0,14.0,4.0,0.0,0.0,2.0,11.0,8.0,4.0,11.0,7.0,0.0,0.0,6.0,16.0,3.0,3.0,13.0,2.0,0.0,0.0,0.0,9.0,14.0,14.0,4.0,0.0,0.0,0.0,0.0,7.0,16.0,10.0,0.0,0.0,0.0,0.0,0.0,12.0,10.0,16.0,1.0,0.0,0.0,0.0,0.0,11.0,10.0,15.0,4.0,0.0,0.0,0.0,0.0,1.0,14.0,15.0,1.0,0.0,0.0,8
1111,0.0,0.0,3.0,13.0,13.0,3.0,0.0,0.0,0.0,0.0,14.0,8.0,7.0,15.0,1.0,0.0,0.0,3.0,16.0,0.0,0.0,9.0,6.0,0.0,0.0,6.0,13.0,0.0,0.0,4.0,8.0,0.0,0.0,4.0,9.0,0.0,0.0,4.0,8.0,0.0,0.0,1.0,13.0,0.0,0.0,5.0,8.0,0.0,0.0,0.0,14.0,7.0,0.0,11.0,4.0,0.0,0.0,0.0,3.0,15.0,16.0,14.0,0.0,0.0,0
1112,0.0,0.0,8.0,14.0,16.0,16.0,15.0,1.0,0.0,0.0,6.0,6.0,5.0,12.0,12.0,1.0,0.0,0.0,0.0,2.0,11.0,12.0,3.0,0.0,0.0,0.0,5.0,14.0,9.0,0.0,0.0,0.0,0.0,0.0,9.0,16.0,9.0,0.0,0.0,0.0,0.0,0.0,1.0,11.0,16.0,7.0,0.0,0.0,0.0,0.0,2.0,7.0,16.0,7.0,0.0,0.0,0.0,0.0,9.0,13.0,5.0,0.0,0.0,0.0,3
1113,0.0,2.0,13.0,13.0,11.0,9.0,0.0,0.0,0.0,10.0,16.0,16.0,16.0,15.0,10.0,0.0,0.0,11.0,16.0,9.0,0.0,0.0,0.0,0.0,0.0,3.0,15.0,16.0,8.0,0.0,0.0,0.0,0.0,0.0,2.0,11.0,14.0,0.0,0.0,0.0,0.0,0.0,0.0,8.0,16.0,0.0,0.0,0.0,0.0,0.0,1.0,11.0,11.0,0.0,0.0,0.0,0.0,1.0,16.0,15.0,4.0,0.0,0.0,0.0,5
1115,0.0,0.0,2.0,15.0,13.0,3.0,0.0,0.0,0.0,0.0,12.0,16.0,9.0,4.0,0.0,0.0,0.0,3.0,16.0,9.0,0.0,0.0,0.0,0.0,0.0,3.0,16.0,14.0,12.0,5.0,0.0,0.0,0.0,8.0,16.0,16.0,16.0,16.0,0.0,0.0,0.0,5.0,16.0,15.0,6.0,16.0,9.0,0.0,0.0,1.0,13.0,14.0,13.0,16.0,3.0,0.0,0.0,0.0,3.0,12.0,14.0,10.0,0.0,0.0,6
1116,0.0,0.0,9.0,16.0,11.0,1.0,0.0,0.0,0.0,5.0,16.0,10.0,16.0,9.0,0.0,0.0,0.0,6.0,14.0,1.0,9.0,15.0,0.0,0.0,0.0,1.0,15.0,6.0,11.0,16.0,2.0,0.0,0.0,0.0,7.0,16.0,15.0,16.0,7.0,0.0,0.0,0.0,0.0,3.0,1.0,11.0,9.0,0.0,0.0,3.0,14.0,9.0,9.0,14.0,12.0,0.0,0.0,0.0,12.0,16.0,16.0,13.0,3.0,0.0,9
1117,0.0,0.0,0.0,2.0,14.0,5.0,0.0,0.0,0.0,0.0,0.0,13.0,15.0,0.0,0.0,0.0,0.0,0.0,3.0,16.0,3.0,9.0,12.0,0.0,0.0,1.0,14.0,8.0,0.0,15.0,13.0,0.0,0.0,11.0,16.0,10.0,8.0,16.0,10.0,0.0,3.0,16.0,16.0,16.0,16.0,15.0,3.0,0.0,0.0,0.0,0.0,2.0,16.0,12.0,0.0,0.0,0.0,0.0,0.0,4.0,16.0,7.0,0.0,0.0,4
1118,0.0,0.0,1.0,9.0,13.0,11.0,0.0,0.0,0.0,0.0,10.0,11.0,12.0,16.0,1.0,0.0,0.0,0.0,15.0,4.0,12.0,16.0,1.0,0.0,0.0,0.0,12.0,16.0,11.0,15.0,1.0,0.0,0.0,0.0,0.0,0.0,0.0,14.0,0.0,0.0,0.0,0.0,0.0,0.0,3.0,14.0,0.0,0.0,0.0,4.0,12.0,8.0,10.0,11.0,0.0,0.0,0.0,0.0,2.0,9.0,16.0,6.0,0.0,0.0,9
1119,0.0,0.0,7.0,15.0,9.0,5.0,0.0,0.0,0.0,0.0,14.0,16.0,14.0,15.0,0.0,0.0,0.0,1.0,16.0,8.0,4.0,6.0,4.0,0.0,0.0,4.0,15.0,1.0,0.0,6.0,5.0,0.0,0.0,3.0,11.0,0.0,0.0,7.0,5.0,0.0,0.0,3.0,11.0,0.0,1.0,13.0,2.0,0.0,0.0,1.0,13.0,8.0,13.0,13.0,0.0,0.0,0.0,0.0,6.0,15.0,11.0,1.0,0.0,0.0,0
1122,0.0,1.0,12.0,12.0,12.0,15.0,6.0,0.0,0.0,1.0,14.0,5.0,5.0,4.0,1.0,0.0,0.0,0.0,12.0,0.0,0.0,0.0,0.0,0.0,0.0,8.0,16.0,16.0,15.0,8.0,0.0,0.0,0.0,1.0,4.0,4.0,5.0,12.0,7.0,0.0,0.0,0.0,0.0,0.0,0.0,11.0,4.0,0.0,0.0,2.0,7.0,2.0,10.0,12.0,0.0,0.0,0.0,2.0,16.0,15.0,8.0,1.0,0.0,0.0,5
1124,0.0,2.0,15.0,16.0,16.0,13.0,2.0,0.0,0.0,1.0,10.0,8.0,14.0,16.0,8.0,0.0,0.0,0.0,0.0,0.0,16.0,15.0,1.0,0.0,0.0,0.0,0.0,0.0,16.0,8.0,0.0,0.0,0.0,0.0,0.0,0.0,14.0,14.0,0.0,0.0,0.0,0.0,0.0,0.0,11.0,16.0,1.0,0.0,0.0,2.0,14.0,13.0,16.0,16.0,3.0,0.0,0.0,2.0,15.0,16.0,14.0,5.0,0.0,0.0,3
1125,0.0,0.0,0.0,15.0,12.0,1.0,0.0,0.0,0.0,0.0,5.0,16.0,16.0,6.0,0.0,0.0,0.0,0.0,2.0,16.0,16.0,3.0,0.0,0.0,0.0,0.0,2.0,16.0,16.0,1.0,0.0,0.0,0.0,0.0,6.0,16.0,13.0,0.0,0.0,0.0,0.0,0.0,1.0,16.0,16.0,2.0,0.0,0.0,0.0,0.0,3.0,16.0,15.0,3.0,0.0,0.0,0.0,0.0,0.0,15.0,16.0,1.0,0.0,0.0,1
1127,0.0,0.0,9.0,13.0,8.0,0.0,0.0,0.0,0.0,0.0,13.0,16.0,16.0,12.0,0.0,0.0,0.0,2.0,16.0,7.0,6.0,15.0,3.0,0.0,0.0,8.0,14.0,0.0,0.0,8.0,3.0,0.0,0.0,5.0,14.0,0.0,0.0,8.0,8.0,0.0,0.0,2.0,16.0,13.0,11.0,14.0,4.0,0.0,0.0,3.0,16.0,15.0,16.0,6.0,0.0,0.0,0.0,0.0,6.0,14.0,8.0,0.0,0.0,0.0,0
1128,0.0,0.0,8.0,15.0,16.0,10.0,0.0,0.0,0.0,0.0,7.0,10.0,10.0,15.0,0.0,0.0,0.0,0.0,0.0,0.0,7.0,13.0,0.0,0.0,0.0,0.0,0.0,4.0,14.0,12.0,1.0,0.0,0.0,3.0,16.0,16.0,16.0,12.0,4.0,0.0,0.0,1.0,10.0,16.0,7.0,0.0,0.0,0.0,0.0,0.0,8.0,9.0,0.0,0.0,0.0,0.0,0.0,0.0,13.0,1.0,0.0,0.0,0.0,0.0,7
1131,0.0,0.0,0.0,9.0,16.0,3.0,0.0,0.0,0.0,0.0,7.0,16.0,7.0,0.0,0.0,0.0,0.0,2.0,15.0,8.0,0.0,1.0,7.0,0.0,0.0,9.0,14.0,0.0,2.0,13.0,14.0,0.0,0.0,8.0,16.0,14.0,15.0,16.0,6.0,0.0,0.0,1.0,7.0,8.0,16.0,12.0,0.0,0.0,0.0,0.0,0.0,7.0,16.0,5.0,0.0,0.0,0.0,0.0,0.0,12.0,12.0,0.0,0.0,0.0,4
1132,0.0,0.0,4.0,15.0,4.0,0.0,0.0,0.0,0.0,0.0,9.0,16.0,2.0,0.0,0.0,0.0,0.0,0.0,16.0,10.0,0.0,0.0,0.0,0.0,0.0,6.0,16.0,3.0,0.0,0.0,0.0,0.0,0.0,10.0,15.0,11.0,16.0,13.0,4.0,0.0,0.0,7.0,16.0,16.0,11.0,14.0,14.0,0.0,0.0,2.0,16.0,11.0,5.0,15.0,12.0,0.0,0.0,0.0,3.0,16.0,16.0,14.0,3.0,0.0,6
1134,0.0,0.0,7.0,14.0,10.0,7.0,0.0,0.0,0.0,5.0,16.0,14.0,16.0,14.0,0.0,0.0,0.0,7.0,11.0,0.0,9.0,14.0,1.0,0.0,0.0,4.0,14.0,7.0,11.0,16.0,5.0,0.0,0.0,0.0,9.0,15.0,15.0,12.0,8.0,0.0,0.0,0.0,0.0,1.0,1.0,8.0,9.0,0.0,0.0,0.0,14.0,11.0,10.0,15.0,9.0,0.0,0.0,0.0,9.0,13.0,13.0,9.0,0.0,0.0,9
1135,0.0,0.0,0.0,10.0,13.0,5.0,0.0,0.0,0.0,3.0,14.0,16.0,12.0,15.0,0.0,0.0,0.0,10.0,16.0,8.0,11.0,16.0,0.0,0.0,0.0,8.0,14.0,5.0,14.0,9.0,0.0,0.0,0.0,0.0,7.0,14.0,16.0,5.0,0.0,0.0,0.0,0.0,0.0,11.0,16.0,16.0,1.0,0.0,0.0,0.0,0.0,14.0,16.0,16.0,4.0,0.0,0.0,0.0,0.0,11.0,16.0,11.0,0.0,0.0,8
1136,0.0,0.0,6.0,14.0,11.0,1.0,0.0,0.0,0.0,0.0,15.0,5.0,6.0,15.0,0.0,0.0,0.0,4.0,16.0,0.0,0.0,9.0,3.0,0.0,0.0,8.0,9.0,0.0,0.0,4.0,8.0,0.0,0.0,7.0,8.0,0.0,0.0,4.0,8.0,0.0,0.0,4.0,8.0,0.0,0.0,9.0,4.0,0.0,0.0,1.0,13.0,2.0,3.0,14.0,0.0,0.0,0.0,0.0,5.0,14.0,15.0,4.0,0.0,0.0,0
1137,0.0,0.0,11.0,12.0,0.0,0.0,0.0,0.0,0.0,2.0,16.0,16.0,16.0,13.0,0.0,0.0,0.0,3.0,16.0,12.0,10.0,14.0,0.0,0.0,0.0,1.0,16.0,1.0,12.0,15.0,0.0,0.0,0.0,0.0,13.0,16.0,9.0,15.0,2.0,0.0,0.0,0.0,0.0,3.0,0.0,9.0,11.0,0.0,0.0,0.0,0.0,0.0,9.0,15.0,4.0,0.0,0.0,0.0,9.0,12.0,13.0,3.0,0.0,0.0,9
1138,0.0,0.0,0.0,2.0,15.0,8.0,0.0,0.0,0.0,0.0,0.0,11.0,16.0,4.0,0.0,0.0,0.0,0.0,9.0,16.0,16.0,0.0,0.0,0.0,0.0,3.0,15.0,16.0,16.0,0.0,0.0,0.0,0.0,12.0,16.0,16.0,16.0,14.0,6.0,0.0,0.0,6.0,12.0,14.0,16.0,12.0,5.0,0.0,0.0,0.0,0.0,8.0,13.0,0.0,0.0,0.0,0.0,0.0,0.0,2.0,14.0,1.0,0.0,0.0,4
1140,0.0,2.0,15.0,13.0,0.0,0.0,0.0,0.0,0.0,12.0,16.0,16.0,3.0,0.0,0.0,0.0,0.0,5.0,13.0,16.0,4.0,0.0,0.0,0.0,0.0,0.0,8.0,16.0,4.0,0.0,0.0,0.0,0.0,0.0,8.0,16.0,4.0,0.0,0.0,0.0,0.0,0.0,12.0,16.0,0.0,0.0,0.0,0.0,0.0,0.0,16.0,16.0,16.0,14.0,6.0,0.0,0.0,1.0,16.0,16.0,16.0,12.0,7.0,0.0,2
1142,0.0,0.0,1.0,9.0,15.0,12.0,5.0,0.0,0.0,0.0,8.0,16.0,16.0,16.0,13.0,0.0,0.0,0.0,3.0,1.0,1.0,14.0,10.0,0.0,0.0,0.0,3.0,10.0,13.0,16.0,15.0,0.0,0.0,2.0,16.0,16.0,16.0,15.0,3.0,0.0,0.0,3.0,8.0,2.0,13.0,6.0,0.0,0.0,0.0,0.0,0.0,5.0,13.0,0.0,0.0,0.0,0.0,0.0,0.0,11.0,5.0,0.0,0.0,0.0,7
1143,0.0,0.0,4.0,12.0,13.0,3.0,0.0,0.0,0.0,0.0,7.0,14.0,16.0,9.0,0.0,0.0,0.0,0.0,0.0,12.0,16.0,8.0,0.0,0.0,0.0,0.0,0.0,6.0,16.0,6.0,0.0,0.0,0.0,0.0,0.0,9.0,16.0,6.0,0.0,0.0,0.0,0.0,0.0,12.0,16.0,3.0,0.0,0.0,0.0,0.0,0.0,13.0,16.0,3.0,0.0,0.0,0.0,0.0,0.0,15.0,16.0,11.0,0.0,0.0,1
1144,0.0,0.0,5.0,11.0,16.0,12.0,0.0,0.0,0.0,0.0,16.0,12.0,4.0,3.0,0.0,0.0,0.0,4.0,16.0,6.0,3.0,0.0,0.0,0.0,0.0,4.0,15.0,16.0,16.0,9.0,0.0,0.0,0.0,0.0,0.0,0.0,3.0,16.0,6.0,0.0,0.0,0.0,0.0,0.0,0.0,11.0,6.0,0.0,0.0,0.0,0.0,1.0,8.0,15.0,1.0,0.0,0.0,0.0,6.0,16.0,13.0,1.0,0.0,0.0,5
1146,0.0,0.0,6.0,16.0,16.0,9.0,0.0,0.0,0.0,0.0,14.0,9.0,12.0,11.0,0.0,0.0,0.0,0.0,1.0,0.0,9.0,6.0,0.0,0.0,0.0,0.0,1.0,6.0,16.0,10.0,6.0,0.0,0.0,0.0,10.0,16.0,14.0,11.0,5.0,0.0,0.0,0.0,5.0,15.0,2.0,0.0,0.0,0.0,0.0,0.0,3.0,13.0,0.0,0.0,0.0,0.0,0.0,0.0,7.0,8.0,0.0,0.0,0.0,0.0,7
1147,0.0,0.0,2.0,12.0,10.0,0.0,0.0,0.0,0.0,0.0,11.0,14.0,14.0,9.0,0.0,0.0,0.0,3.0,15.0,1.0,10.0,9.0,0.0,0.0,0.0,2.0,7.0,0.0,10.0,8.0,0.0,0.0,0.0,0.0,0.0,2.0,16.0,2.0,0.0,0.0,0.0,0.0,0.0,10.0,16.0,6.0,0.0,0.0,0.0,0.0,7.0,16.0,13.0,14.0,16.0,4.0,0.0,0.0,4.0,15.0,0.0,0.0,5.0,4.0,2
1148,0.0,8.0,13.0,15.0,16.0,16.0,8.0,0.0,0.0,9.0,16.0,16.0,13.0,11.0,5.0,0.0,0.0,6.0,16.0,12.0,0.0,0.0,0.0,0.0,0.0,1.0,14.0,14.0,0.0,0.0,0.0,0.0,0.0,0.0,8.0,16.0,2.0,0.0,0.0,0.0,0.0,0.0,8.0,15.0,0.0,0.0,0.0,0.0,0.0,3.0,14.0,11.0,0.0,0.0,0.0,0.0,0.0,9.0,16.0,6.0,0.0,0.0,0.0,0.0,5
1149,0.0,0.0,0.0,2.0,9.0,13.0,6.0,0.0,0.0,0.0,11.0,15.0,8.0,9.0,10.0,0.0,0.0,3.0,16.0,10.0,4.0,13.0,5.0,0.0,0.0,1.0,15.0,16.0,15.0,15.0,7.0,0.0,0.0,0.0,0.0,0.0,1.0,14.0,1.0,0.0,0.0,0.0,0.0,0.0,11.0,6.0,0.0,0.0,0.0,0.0,0.0,1.0,13.0,0.0,0.0,0.0,0.0,0.0,0.0,5.0,4.0,0.0,0.0,0.0,9
1150,0.0,0.0,0.0,6.0,12.0,0.0,0.0,0.0,0.0,0.0,5.0,16.0,7.0,0.0,0.0,0.0,0.0,0.0,12.0,9.0,0.0,0.0,0.0,0.0,0.0,1.0,16.0,5.0,0.0,0.0,0.0,0.0,0.0,1.0,16.0,10.0,12.0,9.0,2.0,0.0,0.0,0.0,13.0,8.0,2.0,5.0,13.0,0.0,0.0,0.0,6.0,11.0,1.0,2.0,16.0,3.0,0.0,0.0,0.0,8.0,11.0,14.0,11.0,2.0,6
1151,0.0,0.0,4.0,16.0,16.0,9.0,0.0,0.0,0.0,0.0,1.0,9.0,10.0,16.0,1.0,0.0,0.0,0.0,0.0,5.0,15.0,16.0,1.0,0.0,0.0,0.0,0.0,10.0,16.0,5.0,0.0,0.0,0.0,0.0,0.0,2.0,16.0,6.0,0.0,0.0,0.0,0.0,0.0,0.0,10.0,10.0,0.0,0.0,0.0,0.0,11.0,8.0,12.0,14.0,1.0,0.0,0.0,0.0,5.0,13.0,16.0,15.0,0.0,0.0,3
1152,0.0,0.0,6.0,12.0,13.0,7.0,0.0,0.0,0.0,0.0,16.0,10.0,16.0,12.0,0.0,0.0,0.0,0.0,13.0,7.0,16.0,9.0,0.0,0.0,0.0,0.0,1.0,15.0,13.0,0.0,0.0,0.0,0.0,0.0,2.0,16.0,13.0,0.0,0.0,0.0,0.0,0.0,10.0,7.0,10.0,2.0,0.0,0.0,0.0,0.0,13.0,4.0,13.0,3.0,0.0,0.0,0.0,0.0,7.0,15.0,9.0,0.0,0.0,0.0,8
1153,0.0,0.0,9.0,16.0,16.0,16.0,10.0,0.0,0.0,4.0,16.0,14.0,8.0,11.0,11.0,0.0,0.0,11.0,16.0,7.0,0.0,0.0,0.0,0.0,0.0,5.0,15.0,16.0,6.0,0.0,0.0,0.0,0.0,0.0,1.0,14.0,15.0,0.0,0.0,0.0,0.0,0.0,0.0,8.0,16.0,0.0,0.0,0.0,0.0,0.0,9.0,13.0,14.0,0.0,0.0,0.0,0.0,0.0,12.0,16.0,7.0,0.0,0.0,0.0,5
1154,0.0,0.0,0.0,13.0,14.0,0.0,0.0,0.0,0.0,0.0,0.0,13.0,16.0,3.0,0.0,0.0,0.0,0.0,2.0,16.0,15.0,3.0,0.0,0.0,0.0,0.0,4.0,16.0,14.0,0.0,0.0,0.0,0.0,0.0,3.0,16.0,11.0,0.0,0.0,0.0,0.0,0.0,8.0,16.0,10.0,0.0,0.0,0.0,0.0,0.0,6.0,16.0,7.0,0.0,0.0,0.0,0.0,0.0,1.0,11.0,9.0,0.0,0.0,0.0,1
1155,0.0,0.0,8.0,16.0,15.0,6.0,0.0,0.0,0.0,5.0,14.0,4.0,4.0,15.0,0.0,0.0,0.0,6.0,13.0,0.0,1.0,15.0,2.0,0.0,0.0,1.0,11.0,11.0,13.0,10.0,0.0,0.0,0.0,0.0,1.0,16.0,16.0,3.0,0.0,0.0,0.0,0.0,12.0,9.0,5.0,13.0,2.0,0.0,0.0,0.0,16.0,2.0,1.0,13.0,8.0,0.0,0.0,0.0,8.0,15.0,16.0,14.0,1.0,0.0,8
1157,0.0,0.0,1.0,14.0,8.0,8.0,1.0,0.0,0.0,0.0,10.0,13.0,8.0,16.0,1.0,0.0,0.0,2.0,16.0,4.0,10.0,11.0,0.0,0.0,0.0,7.0,15.0,6.0,14.0,16.0,13.0,0.0,0.0,3.0,16.0,16.0,15.0,9.0,2.0,0.0,0.0,0.0,3.0,11.0,9.0,0.0,0.0,0.0,0.0,0.0,0.0,12.0,4.0,0.0,0.0,0.0,0.0,0.0,0.0,12.0,0.0,0.0,0.0,0.0,4
1160,0.0,2.0,13.0,16.0,10.0,0.0,0.0,0.0,0.0,12.0,15.0,9.0,16.0,2.0,0.0,0.0,0.0,10.0,8.0,1.0,16.0,6.0,0.0,0.0,0.0,1.0,1.0,2.0,16.0,6.0,0.0,0.0,0.0,0.0,0.0,10.0,15.0,2.0,0.0,0.0,0.0,0.0,2.0,15.0,9.0,0.0,0.0,0.0,0.0,2.0,15.0,16.0,9.0,8.0,6.0,0.0,0.0,1.0,13.0,16.0,16.0,16.0,16.0,3.0,2
1161,0.0,0.0,2.0,5.0,5.0,11.0,15.0,5.0,0.0,0.0,12.0,16.0,14.0,13.0,16.0,3.0,0.0,1.0,14.0,9.0,0.0,6.0,11.0,0.0,0.0,0.0,16.0,5.0,1.0,13.0,4.0,0.0,0.0,0.0,1.0,0.0,7.0,11.0,0.0,0.0,0.0,0.0,0.0,2.0,12.0,2.0,0.0,0.0,0.0,0.0,0.0,10.0,10.0,0.0,0.0,0.0,0.0,0.0,0.0,15.0,5.0,0.0,0.0,0.0,7
1164,0.0,0.0,3.0,11.0,0.0,0.0,0.0,0.0,0.0,0.0,9.0,13.0,0.0,0.0,0.0,0.0,0.0,0.0,15.0,4.0,0.0,0.0,0.0,0.0,0.0,2.0,15.0,0.0,1.0,0.0,0.0,0.0,0.0,4.0,15.0,14.0,16.0,13.0,2.0,0.0,0.0,3.0,16.0,11.0,3.0,7.0,12.0,0.0,0.0,0.0,13.0,6.0,3.0,8.0,14.0,0.0,0.0,0.0,4.0,14.0,16.0,14.0,7.0,0.0,6
1165,0.0,0.0,9.0,15.0,15.0,2.0,0.0,0.0,0.0,3.0,11.0,4.0,15.0,6.0,0.0,0.0,0.0,0.0,0.0,0.0,16.0,2.0,0.0,0.0,0.0,2.0,12.0,13.0,16.0,16.0,11.0,0.0,0.0,2.0,12.0,15.0,11.0,6.0,1.0,0.0,0.0,0.0,3.0,16.0,0.0,0.0,0.0,0.0,0.0,0.0,5.0,14.0,0.0,0.0,0.0,0.0,0.0,0.0,11.0,7.0,0.0,0.0,0.0,0.0,7
1167,0.0,1.0,11.0,16.0,16.0,4.0,0.0,0.0,0.0,7.0,16.0,8.0,14.0,11.0,0.0,0.0,0.0,0.0,0.0,10.0,16.0,6.0,0.0,0.0,0.0,0.0,0.0,15.0,16.0,6.0,0.0,0.0,0.0,0.0,0.0,0.0,8.0,16.0,2.0,0.0,0.0,1.0,5.0,0.0,0.0,14.0,9.0,0.0,0.0,4.0,16.0,10.0,11.0,16.0,6.0,0.0,0.0,1.0,13.0,16.0,16.0,10.0,0.0,0.0,3
1169,0.0,2.0,10.0,14.0,16.0,12.0,0.0,0.0,0.0,10.0,12.0,7.0,10.0,12.0,0.0,0.0,0.0,0.0,0.0,0.0,13.0,10.0,0.0,0.0,0.0,0.0,0.0,3.0,16.0,3.0,0.0,0.0,0.0,0.0,0.0,13.0,10.0,0.0,0.0,0.0,0.0,0.0,5.0,16.0,1.0,0.0,0.0,0.0,0.0,0.0,14.0,15.0,12.0,16.0,10.0,0.0,0.0,1.0,16.0,13.0,9.0,3.0,0.0,0.0,2
1171,0.0,0.0,10.0,16.0,13.0,12.0,15.0,5.0,0.0,4.0,16.0,8.0,12.0,16.0,6.0,0.0,0.0,6.0,12.0,2.0,16.0,7.0,0.0,0.0,0.0,1.0,5.0,9.0,14.0,1.0,0.0,0.0,0.0,1.0,7.0,16.0,12.0,2.0,0.0,0.0,0.0,8.0,16.0,16.0,12.0,5.0,0.0,0.0,0.0,1.0,11.0,10.0,0.0,0.0,0.0,0.0,0.0,0.0,14.0,6.0,0.0,0.0,0.0,0.0,7
1174,0.0,0.0,14.0,16.0,8.0,0.0,0.0,0.0,0.0,0.0,16.0,4.0,13.0,8.0,8.0,0.0,0.0,0.0,12.0,7.0,12.0,14.0,5.0,0.0,0.0,0.0,4.0,15.0,16.0,5.0,0.0,0.0,0.0,0.0,0.0,14.0,14.0,0.0,0.0,0.0,0.0,0.0,8.0,10.0,11.0,2.0,0.0,0.0,0.0,0.0,13.0,0.0,12.0,3.0,0.0,0.0,0.0,0.0,14.0,15.0,12.0,1.0,0.0,0.0,8
1175,0.0,0.0,4.0,16.0,16.0,16.0,12.0,0.0,0.0,0.0,4.0,12.0,11.0,14.0,13.0,0.0,0.0,0.0,0.0,0.0,0.0,15.0,9.0,0.0,0.0,0.0,2.0,8.0,10.0,16.0,9.0,0.0,0.0,0.0,7.0,13.0,16.0,14.0,5.0,0.0,0.0,0.0,0.0,3.0,16.0,5.0,0.0,0.0,0.0,0.0,0.0,10.0,15.0,0.0,0.0,0.0,0.0,0.0,3.0,16.0,9.0,0.0,0.0,0.0,7
1176,0.0,0.0,0.0,0.0,7.0,14.0,7.0,0.0,0.0,0.0,0.0,3.0,16.0,16.0,9.0,0.0,0.0,0.0,6.0,15.0,16.0,16.0,6.0,0.0,0.0,5.0,16.0,16.0,16.0,16.0,2.0,0.0,0.0,4.0,8.0,8.0,16.0,16.0,0.0,0.0,0.0,0.0,0.0,3.0,16.0,16.0,3.0,0.0,0.0,0.0,0.0,1.0,13.0,16.0,0.0,0.0,0.0,0.0,0.0,0.0,8.0,15.0,0.0,0.0,1
1177,0.0,0.0,0.0,12.0,4.0,0.0,0.0,0.0,0.0,0.0,6.0,15.0,2.0,0.0,0.0,0.0,0.0,0.0,16.0,5.0,0.0,4.0,4.0,0.0,0.0,4.0,15.0,2.0,3.0,15.0,9.0,0.0,0.0,2.0,15.0,16.0,16.0,16.0,4.0,0.0,0.0,0.0,2.0,8.0,16.0,8.0,0.0,0.0,0.0,0.0,0.0,8.0,15.0,0.0,0.0,0.0,0.0,0.0,0.0,11.0,9.0,0.0,0.0,0.0,4
1178,0.0,0.0,0.0,6.0,16.0,6.0,0.0,0.0,0.0,0.0,3.0,16.0,9.0,0.0,0.0,0.0,0.0,1.0,13.0,13.0,1.0,2.0,1.0,0.0,0.0,7.0,16.0,5.0,1.0,14.0,10.0,0.0,0.0,12.0,16.0,8.0,12.0,16.0,2.0,0.0,0.0,2.0,12.0,15.0,16.0,11.0,0.0,0.0,0.0,0.0,0.0,8.0,16.0,4.0,0.0,0.0,0.0,0.0,0.0,8.0,15.0,0.0,0.0,0.0,4
1180,0.0,0.0,2.0,14.0,5.0,0.0,0.0,0.0,0.0,0.0,9.0,12.0,0.0,0.0,0.0,0.0,0.0,1.0,15.0,1.0,0.0,0.0,0.0,0.0,0.0,3.0,15.0,0.0,0.0,0.0,0.0,0.0,0.0,6.0,16.0,16.0,16.0,13.0,1.0,0.0,0.0,2.0,16.0,8.0,4.0,7.0,11.0,0.0,0.0,0.0,12.0,11.0,1.0,8.0,11.0,0.0,0.0,0.0,3.0,12.0,16.0,15.0,4.0,0.0,6
1181,0.0,0.0,1.0,10.0,10.0,0.0,0.0,0.0,0.0,1.0,13.0,10.0,1.0,0.0,0.0,0.0,0.0,4.0,14.0,0.0,0.0,0.0,0.0,0.0,0.0,6.0,12.0,0.0,0.0,0.0,0.0,0.0,0.0,8.0,11.0,5.0,10.0,11.0,1.0,0.0,0.0,5.0,16.0,13.0,6.0,10.0,8.0,0.0,0.0,0.0,10.0,9.0,0.0,7.0,11.0,0.0,0.0,0.0,1.0,12.0,16.0,14.0,2.0,0.0,6
1183,0.0,0.0,7.0,16.0,16.0,16.0,10.0,0.0,0.0,0.0,10.0,10.0,5.0,12.0,16.0,2.0,0.0,0.0,0.0,0.0,7.0,15.0,6.0,0.0,0.0,0.0,1.0,13.0,16.0,13.0,0.0,0.0,0.0,0.0,0.0,7.0,12.0,16.0,6.0,0.0,0.0,0.0,0.0,0.0,2.0,16.0,6.0,0.0,0.0,0.0,2.0,9.0,11.0,14.0,1.0,0.0,0.0,0.0,5.0,16.0,15.0,5.0,0.0,0.0,3
1184,0.0,0.0,10.0,16.0,13.0,3.0,0.0,0.0,0.0,0.0,6.0,15.0,12.0,13.0,0.0,0.0,0.0,0.0,0.0,6.0,6.0,16.0,0.0,0.0,0.0,0.0,0.0,0.0,3.0,16.0,1.0,0.0,0.0,0.0,0.0,0.0,7.0,14.0,0.0,0.0,0.0,0.0,0.0,0.0,13.0,8.0,0.0,0.0,0.0,0.0,4.0,15.0,16.0,13.0,8.0,5.0,0.0,0.0,6.0,16.0,10.0,9.0,12.0,15.0,2
1187,0.0,0.0,11.0,15.0,4.0,0.0,0.0,0.0,0.0,5.0,16.0,15.0,15.0,0.0,0.0,0.0,0.0,0.0,14.0,11.0,16.0,2.0,0.0,0.0,0.0,0.0,0.0,4.0,16.0,5.0,0.0,0.0,0.0,0.0,0.0,4.0,16.0,6.0,0.0,0.0,0.0,0.0,0.0,7.0,16.0,10.0,3.0,0.0,0.0,0.0,11.0,16.0,16.0,16.0,16.0,6.0,0.0,0.0,11.0,16.0,10.0,5.0,13.0,6.0,2
1190,0.0,0.0,6.0,16.0,16.0,11.0,0.0,0.0,0.0,1.0,16.0,8.0,8.0,16.0,6.0,0.0,0.0,0.0,8.0,16.0,14.0,16.0,11.0,0.0,0.0,0.0,1.0,4.0,3.0,10.0,8.0,0.0,0.0,0.0,0.0,0.0,0.0,9.0,7.0,0.0,0.0,0.0,0.0,0.0,1.0,14.0,1.0,0.0,0.0,0.0,4.0,7.0,11.0,9.0,0.0,0.0,0.0,0.0,9.0,16.0,10.0,1.0,0.0,0.0,9
1192,0.0,0.0,3.0,13.0,13.0,3.0,0.0,0.0,0.0,2.0,14.0,12.0,12.0,11.0,0.0,0.0,0.0,4.0,16.0,8.0,5.0,15.0,3.0,0.0,0.0,1.0,13.0,14.0,16.0,7.0,0.0,0.0,0.0,0.0,11.0,16.0,13.0,1.0,0.0,0.0,0.0,1.0,16.0,12.0,13.0,14.0,1.0,0.0,0.0,0.0,13.0,13.0,9.0,16.0,7.0,0.0,0.0,0.0,3.0,13.0,16.0,10.0,1.0,0.0,8
1193,0.0,0.0,9.0,16.0,15.0,3.0,0.0,0.0,0.0,6.0,16.0,11.0,10.0,12.0,0.0,0.0,0.0,7.0,15.0,1.0,1.0,15.0,5.0,0.0,0.0,3.0,16.0,6.0,9.0,16.0,9.0,0.0,0.0,0.0,5.0,11.0,13.0,14.0,10.0,0.0,0.0,0.0,0.0,0.0,0.0,10.0,10.0,0.0,0.0,0.0,0.0,0.0,0.0,13.0,11.0,0.0,0.0,0.0,10.0,16.0,16.0,15.0,6.0,0.0,9
1194,0.0,2.0,13.0,16.0,15.0,2.0,0.0,0.0,0.0,15.0,14.0,7.0,16.0,5.0,0.0,0.0,0.0,10.0,1.0,2.0,16.0,4.0,0.0,0.0,0.0,0.0,1.0,11.0,16.0,15.0,8.0,0.0,0.0,0.0,15.0,16.0,13.0,8.0,2.0,0.0,0.0,0.0,10.0,14.0,0.0,0.0,0.0,0.0,0.0,0.0,11.0,10.0,0.0,0.0,0.0,0.0,0.0,0.0,15.0,3.0,0.0,0.0,0.0,0.0,7
1195,0.0,0.0,2.0,14.0,13.0,1.0,0.0,0.0,0.0,0.0,14.0,16.0,13.0,11.0,0.0,0.0,0.0,4.0,16.0,11.0,1.0,13.0,3.0,0.0,0.0,5.0,16.0,3.0,0.0,10.0,9.0,0.0,0.0,6.0,13.0,0.0,0.0,9.0,11.0,0.0,0.0,2.0,15.0,0.0,1.0,15.0,8.0,0.0,0.0,0.0,11.0,12.0,15.0,15.0,1.0,0.0,0.0,0.0,2.0,13.0,16.0,5.0,0.0,0.0,0
1196,0.0,0.0,9.0,14.0,15.0,6.0,0.0,0.0,0.0,2.0,16.0,12.0,1.0,13.0,0.0,0.0,0.0,3.0,12.0,7.0,0.0,8.0,4.0,0.0,0.0,6.0,11.0,4.0,0.0,7.0,2.0,0.0,0.0,4.0,9.0,0.0,0.0,12.0,1.0,0.0,0.0,3.0,9.0,0.0,4.0,11.0,0.0,0.0,0.0,1.0,12.0,5.0,12.0,3.0,0.0,0.0,0.0,0.0,6.0,14.0,5.0,0.0,0.0,0.0,0
1199,0.0,2.0,0.0,8.0,9.0,0.0,0.0,0.0,0.0,13.0,5.0,14.0,8.0,7.0,0.0,0.0,0.0,12.0,5.0,2.0,0.0,9.0,0.0,0.0,0.0,7.0,5.0,0.0,0.0,3.0,5.0,0.0,0.0,3.0,10.0,0.0,0.0,2.0,10.0,0.0,0.0,1.0,13.0,0.0,0.0,1.0,12.0,0.0,0.0,0.0,5.0,13.0,5.0,9.0,13.0,0.0,0.0,0.0,0.0,9.0,16.0,16.0,7.0,0.0,0
1200,0.0,1.0,9.0,15.0,13.0,4.0,0.0,0.0,0.0,8.0,12.0,4.0,8.0,8.0,0.0,0.0,0.0,9.0,11.0,0.0,5.0,16.0,3.0,0.0,0.0,4.0,13.0,8.0,16.0,16.0,6.0,0.0,0.0,0.0,4.0,8.0,2.0,11.0,9.0,0.0,0.0,0.0,0.0,0.0,0.0,10.0,8.0,0.0,0.0,0.0,7.0,0.0,3.0,14.0,6.0,0.0,0.0,0.0,7.0,16.0,14.0,8.0,0.0,0.0,9
1201,0.0,0.0,0.0,9.0,13.0,0.0,0.0,0.0,0.0,0.0,2.0,16.0,8.0,0.0,7.0,1.0,0.0,0.0,10.0,13.0,1.0,6.0,16.0,5.0,0.0,6.0,16.0,11.0,8.0,14.0,15.0,0.0,0.0,13.0,16.0,16.0,16.0,16.0,9.0,0.0,0.0,2.0,2.0,0.0,11.0,16.0,1.0,0.0,0.0,0.0,0.0,4.0,16.0,7.0,0.0,0.0,0.0,0.0,0.0,9.0,15.0,2.0,0.0,0.0,4
1202,0.0,0.0,6.0,16.0,16.0,3.0,0.0,0.0,0.0,0.0,8.0,16.0,16.0,12.0,0.0,0.0,0.0,0.0,0.0,4.0,15.0,11.0,0.0,0.0,0.0,0.0,6.0,16.0,16.0,16.0,13.0,0.0,0.0,0.0,11.0,16.0,16.0,5.0,1.0,0.0,0.0,0.0,0.0,14.0,7.0,0.0,0.0,0.0,0.0,0.0,4.0,16.0,1.0,0.0,0.0,0.0,0.0,0.0,11.0,11.0,0.0,0.0,0.0,0.0,7
1204,0.0,2.0,13.0,16.0,15.0,1.0,0.0,0.0,0.0,7.0,13.0,10.0,16.0,4.0,0.0,0.0,0.0,0.0,0.0,8.0,16.0,2.0,0.0,0.0,0.0,0.0,8.0,16.0,16.0,10.0,0.0,0.0,0.0,0.0,1.0,4.0,10.0,16.0,8.0,0.0,0.0,0.0,0.0,0.0,0.0,16.0,9.0,0.0,0.0,2.0,12.0,6.0,6.0,16.0,6.0,0.0,0.0,1.0,15.0,16.0,16.0,9.0,1.0,0.0,3
1205,0.0,0.0,0.0,0.0,12.0,13.0,1.0,0.0,0.0,0.0,0.0,8.0,16.0,15.0,2.0,0.0,0.0,0.0,10.0,16.0,16.0,12.0,0.0,0.0,0.0,4.0,16.0,16.0,16.0,13.0,0.0,0.0,0.0,4.0,7.0,4.0,16.0,6.0,0.0,0.0,0.0,0.0,0.0,1.0,16.0,8.0,0.0,0.0,0.0,0.0,0.0,1.0,16.0,8.0,0.0,0.0,0.0,0.0,0.0,0.0,12.0,12.0,0.0,0.0,1
1206,0.0,0.0,3.0,13.0,9.0,1.0,0.0,0.0,0.0,0.0,13.0,14.0,15.0,13.0,0.0,0.0,0.0,2.0,14.0,1.0,2.0,13.0,4.0,0.0,0.0,4.0,8.0,0.0,0.0,5.0,8.0,0.0,0.0,4.0,8.0,0.0,0.0,4.0,8.0,0.0,0.0,4.0,10.0,0.0,0.0,5.0,8.0,0.0,0.0,0.0,14.0,11.0,10.0,14.0,5.0,0.0,0.0,0.0,4.0,12.0,13.0,9.0,0.0,0.0,0
1207,0.0,0.0,0.0,2.0,16.0,16.0,2.0,0.0,0.0,0.0,0.0,4.0,16.0,16.0,2.0,0.0,0.0,1.0,4.0,12.0,16.0,12.0,0.0,0.0,0.0,7.0,16.0,16.0,16.0,12.0,0.0,0.0,0.0,0.0,3.0,10.0,16.0,14.0,0.0,0.0,0.0,0.0,0.0,8.0,16.0,12.0,0.0,0.0,0.0,0.0,0.0,6.0,16.0,16.0,2.0,0.0,0.0,0.0,0.0,2.0,12.0,15.0,4.0,0.0,1
1209,0.0,0.0,2.0,13.0,10.0,3.0,0.0,0.0,0.0,0.0,10.0,15.0,12.0,13.0,1.0,0.0,0.0,0.0,16.0,4.0,0.0,6.0,4.0,0.0,0.0,2.0,16.0,3.0,0.0,1.0,7.0,0.0,0.0,5.0,13.0,5.0,0.0,2.0,8.0,0.0,0.0,4.0,12.0,0.0,0.0,3.0,8.0,0.0,0.0,0.0,13.0,5.0,6.0,13.0,5.0,0.0,0.0,0.0,5.0,14.0,13.0,8.0,1.0,0.0,0
1210,0.0,0.0,2.0,12.0,14.0,8.0,0.0,0.0,0.0,0.0,13.0,13.0,15.0,12.0,0.0,0.0,0.0,5.0,15.0,2.0,10.0,6.0,0.0,0.0,0.0,2.0,14.0,13.0,14.0,1.0,0.0,0.0,0.0,0.0,0.0,11.0,15.0,13.0,1.0,0.0,0.0,0.0,1.0,15.0,3.0,14.0,7.0,0.0,0.0,0.0,6.0,13.0,1.0,16.0,4.0,0.0,0.0,0.0,1.0,12.0,16.0,11.0,0.0,0.0,8
1211,0.0,0.0,5.0,13.0,7.0,0.0,0.0,0.0,0.0,0.0,12.0,12.0,14.0,2.0,0.0,0.0,0.0,0.0,12.0,0.0,12.0,6.0,0.0,0.0,0.0,0.0,6.0,1.0,15.0,3.0,0.0,0.0,0.0,0.0,0.0,6.0,11.0,0.0,0.0,0.0,0.0,0.0,5.0,14.0,3.0,0.0,0.0,0.0,0.0,0.0,11.0,16.0,8.0,2.0,6.0,3.0,0.0,0.0,4.0,8.0,10.0,16.0,12.0,1.0,2
1212,0.0,0.0,9.0,12.0,15.0,15.0,2.0,0.0,0.0,1.0,15.0,14.0,11.0,16.0,7.0,0.0,0.0,0.0,2.0,0.0,2.0,16.0,4.0,0.0,0.0,0.0,2.0,4.0,10.0,15.0,2.0,0.0,0.0,0.0,13.0,16.0,16.0,16.0,9.0,0.0,0.0,0.0,13.0,16.0,10.0,1.0,0.0,0.0,0.0,0.0,6.0,16.0,1.0,0.0,0.0,0.0,0.0,0.0,11.0,9.0,0.0,0.0,0.0,0.0,7
1213,0.0,0.0,9.0,16.0,10.0,1.0,0.0,0.0,0.0,0.0,8.0,3.0,16.0,4.0,0.0,0.0,0.0,0.0,0.0,5.0,14.0,2.0,0.0,0.0,0.0,0.0,2.0,16.0,15.0,7.0,0.0,0.0,0.0,0.0,0.0,0.0,3.0,15.0,2.0,0.0,0.0,4.0,6.0,0.0,0.0,13.0,7.0,0.0,0.0,6.0,13.0,1.0,5.0,16.0,3.0,0.0,0.0,0.0,10.0,16.0,15.0,5.0,0.0,0.0,3
1214,0.0,0.0,5.0,12.0,12.0,8.0,1.0,0.0,0.0,0.0,10.0,16.0,16.0,15.0,0.0,0.0,0.0,0.0,11.0,16.0,16.0,8.0,0.0,0.0,0.0,4.0,16.0,16.0,16.0,4.0,0.0,0.0,0.0,3.0,16.0,16.0,10.0,0.0,0.0,0.0,0.0,0.0,13.0,16.0,16.0,3.0,0.0,0.0,0.0,0.0,13.0,16.0,16.0,0.0,0.0,0.0,0.0,0.0,2.0,10.0,12.0,0.0,0.0,0.0,1
1215,0.0,0.0,3.0,14.0,16.0,14.0,0.0,0.0,0.0,3.0,12.0,16.0,8.0,1.0,0.0,0.0,0.0,15.0,16.0,12.0,0.0,0.0,0.0,0.0,0.0,10.0,16.0,16.0,8.0,0.0,0.0,0.0,0.0,0.0,7.0,11.0,15.0,1.0,0.0,0.0,0.0,0.0,0.0,7.0,16.0,1.0,0.0,0.0,0.0,0.0,8.0,15.0,16.0,2.0,0.0,0.0,0.0,0.0,4.0,16.0,9.0,0.0,0.0,0.0,5
1216,0.0,0.0,2.0,14.0,15.0,4.0,0.0,0.0,0.0,0.0,2.0,16.0,16.0,11.0,0.0,0.0,0.0,0.0,2.0,16.0,16.0,10.0,0.0,0.0,0.0,0.0,5.0,16.0,16.0,7.0,0.0,0.0,0.0,0.0,14.0,16.0,14.0,2.0,0.0,0.0,0.0,4.0,16.0,16.0,8.0,0.0,0.0,0.0,0.0,3.0,15.0,16.0,8.0,0.0,0.0,0.0,0.0,0.0,5.0,15.0,13.0,2.0,0.0,0.0,1
1217,0.0,0.0,0.0,7.0,16.0,16.0,11.0,0.0,0.0,0.0,6.0,16.0,16.0,16.0,16.0,0.0,0.0,0.0,11.0,16.0,16.0,16.0,9.0,0.0,0.0,0.0,2.0,9.0,11.0,14.0,10.0,0.0,0.0,0.0,0.0,0.0,0.0,10.0,6.0,0.0,0.0,0.0,0.0,0.0,4.0,11.0,1.0,0.0,0.0,0.0,0.0,2.0,14.0,2.0,0.0,0.0,0.0,0.0,0.0,11.0,3.0,0.0,0.0,0.0,9
1218,0.0,0.0,7.0,16.0,15.0,4.0,0.0,0.0,0.0,0.0,14.0,16.0,9.0,15.0,2.0,0.0,0.0,1.0,15.0,12.0,1.0,9.0,8.0,0.0,0.0,4.0,16.0,0.0,0.0,7.0,10.0,0.0,0.0,7.0,13.0,0.0,0.0,10.0,11.0,0.0,0.0,7.0,12.0,0.0,2.0,15.0,6.0,0.0,0.0,3.0,15.0,12.0,14.0,14.0,1.0,0.0,0.0,0.0,10.0,16.0,14.0,4.0,0.0,0.0,0
1219,0.0,0.0,2.0,15.0,3.0,0.0,0.0,0.0,0.0,0.0,4.0,16.0,4.0,0.0,0.0,0.0,0.0,0.0,4.0,16.0,5.0,0.0,0.0,0.0,0.0,0.0,14.0,16.0,6.0,0.0,0.0,0.0,0.0,0.0,7.0,15.0,7.0,0.0,0.0,0.0,0.0,0.0,2.0,10.0,9.0,0.0,0.0,0.0,0.0,0.0,16.0,16.0,15.0,9.0,16.0,5.0,0.0,0.0,3.0,15.0,16.0,15.0,7.0,1.0,1
1220,0.0,0.0,4.0,13.0,8.0,0.0,0.0,0.0,0.0,0.0,13.0,16.0,15.0,7.0,0.0,0.0,0.0,3.0,16.0,9.0,6.0,15.0,6.0,0.0,0.0,8.0,14.0,0.0,0.0,4.0,8.0,0.0,0.0,8.0,12.0,0.0,0.0,4.0,8.0,0.0,0.0,4.0,12.0,0.0,0.0,11.0,6.0,0.0,0.0,0.0,14.0,10.0,12.0,14.0,1.0,0.0,0.0,0.0,7.0,15.0,11.0,2.0,0.0,0.0,0
1221,0.0,0.0,0.0,14.0,15.0,1.0,0.0,0.0,0.0,0.0,6.0,16.0,11.0,0.0,0.0,0.0,0.0,0.0,13.0,15.0,2.0,0.0,0.0,0.0,0.0,0.0,16.0,12.0,0.0,0.0,0.0,0.0,0.0,3.0,16.0,16.0,16.0,10.0,1.0,0.0,0.0,2.0,16.0,12.0,4.0,11.0,12.0,0.0,0.0,0.0,10.0,14.0,6.0,14.0,15.0,0.0,0.0,0.0,1.0,13.0,16.0,16.0,10.0,0.0,6
1222,0.0,0.0,0.0,9.0,13.0,0.0,6.0,8.0,0.0,0.0,3.0,15.0,3.0,0.0,15.0,9.0,0.0,1.0,13.0,12.0,4.0,7.0,15.0,3.0,0.0,7.0,16.0,16.0,16.0,16.0,10.0,0.0,0.0,6.0,12.0,10.0,14.0,14.0,2.0,0.0,0.0,0.0,0.0,0.0,13.0,10.0,0.0,0.0,0.0,0.0,0.0,6.0,16.0,2.0,0.0,0.0,0.0,0.0,0.0,12.0,11.0,0.0,0.0,0.0,4
1224,0.0,0.0,4.0,16.0,6.0,0.0,0.0,0.0,0.0,0.0,12.0,15.0,1.0,0.0,0.0,0.0,0.0,1.0,16.0,11.0,0.0,0.0,0.0,0.0,0.0,8.0,16.0,3.0,0.0,7.0,4.0,0.0,0.0,12.0,16.0,6.0,11.0,16.0,7.0,0.0,0.0,7.0,16.0,16.0,15.0,3.0,0.0,0.0,0.0,0.0,4.0,16.0,10.0,0.0,0.0,0.0,0.0,0.0,4.0,16.0,6.0,0.0,0.0,0.0,4
1225,0.0,0.0,10.0,16.0,15.0,7.0,0.0,0.0,0.0,6.0,16.0,6.0,10.0,16.0,2.0,0.0,0.0,8.0,6.0,5.0,15.0,12.0,0.0,0.0,0.0,0.0,0.0,13.0,16.0,2.0,0.0,0.0,0.0,0.0,0.0,5.0,16.0,4.0,0.0,0.0,0.0,0.0,0.0,0.0,10.0,16.0,0.0,0.0,0.0,0.0,0.0,1.0,11.0,16.0,1.0,0.0,0.0,0.0,11.0,16.0,16.0,8.0,1.0,0.0,3
1226,0.0,0.0,8.0,12.0,14.0,12.0,3.0,0.0,0.0,0.0,12.0,5.0,0.0,3.0,0.0,0.0,0.0,0.0,16.0,2.0,4.0,1.0,0.0,0.0,0.0,4.0,16.0,14.0,12.0,15.0,4.0,0.0,0.0,0.0,4.0,0.0,0.0,8.0,8.0,0.0,0.0,1.0,0.0,0.0,0.0,11.0,5.0,0.0,0.0,6.0,14.0,1.0,2.0,15.0,1.0,0.0,0.0,0.0,8.0,14.0,16.0,4.0,0.0,0.0,5
1228,0.0,0.0,0.0,4.0,15.0,12.0,0.0,0.0,0.0,0.0,3.0,16.0,15.0,14.0,0.0,0.0,0.0,0.0,8.0,13.0,8.0,16.0,0.0,0.0,0.0,0.0,1.0,6.0,15.0,11.0,0.0,0.0,0.0,1.0,8.0,13.0,15.0,1.0,0.0,0.0,0.0,9.0,16.0,16.0,5.0,0.0,0.0,0.0,0.0,3.0,13.0,16.0,16.0,11.0,5.0,0.0,0.0,0.0,0.0,3.0,11.0,16.0,9.0,0.0,2
1229,0.0,0.0,10.0,14.0,11.0,3.0,0.0,0.0,0.0,4.0,16.0,13.0,6.0,14.0,1.0,0.0,0.0,4.0,16.0,2.0,0.0,11.0,7.0,0.0,0.0,8.0,16.0,0.0,0.0,10.0,5.0,0.0,0.0,8.0,16.0,0.0,0.0,14.0,4.0,0.0,0.0,8.0,16.0,0.0,1.0,16.0,1.0,0.0,0.0,4.0,16.0,1.0,11.0,15.0,0.0,0.0,0.0,0.0,11.0,16.0,12.0,3.0,0.0,0.0,0
1230,0.0,0.0,0.0,14.0,16.0,15.0,11.0,0.0,0.0,0.0,2.0,16.0,16.0,16.0,10.0,0.0,0.0,0.0,4.0,16.0,16.0,16.0,4.0,0.0,0.0,0.0,12.0,16.0,16.0,12.0,0.0,0.0,0.0,0.0,12.0,16.0,16.0,6.0,0.0,0.0,0.0,0.0,14.0,16.0,16.0,6.0,0.0,0.0,0.0,0.0,11.0,16.0,15.0,2.0,0.0,0.0,0.0,0.0,1.0,15.0,15.0,1.0,0.0,0.0,1
1232,0.0,0.0,10.0,16.0,8.0,0.0,0.0,0.0,0.0,4.0,16.0,13.0,16.0,3.0,0.0,0.0,0.0,0.0,12.0,1.0,11.0,6.0,0.0,0.0,0.0,0.0,0.0,0.0,12.0,8.0,0.0,0.0,0.0,0.0,0.0,0.0,14.0,5.0,0.0,0.0,0.0,0.0,0.0,7.0,16.0,6.0,4.0,0.0,0.0,0.0,5.0,16.0,16.0,16.0,16.0,4.0,0.0,0.0,11.0,15.0,9.0,8.0,6.0,0.0,2
1233,0.0,0.0,3.0,12.0,16.0,6.0,0.0,0.0,0.0,0.0,13.0,16.0,12.0,4.0,0.0,0.0,0.0,3.0,16.0,9.0,0.0,0.0,0.0,0.0,0.0,6.0,13.0,5.0,4.0,0.0,0.0,0.0,0.0,8.0,14.0,3.0,16.0,2.0,0.0,0.0,0.0,4.0,16.0,4.0,13.0,7.0,0.0,0.0,0.0,0.0,11.0,11.0,11.0,14.0,0.0,0.0,0.0,0.0,3.0,12.0,16.0,15.0,0.0,0.0,6
1235,0.0,0.0,5.0,12.0,16.0,10.0,0.0,0.0,0.0,6.0,16.0,13.0,3.0,15.0,1.0,0.0,0.0,11.0,8.0,5.0,5.0,10.0,0.0,0.0,0.0,4.0,11.0,2.0,12.0,2.0,0.0,0.0,0.0,0.0,6.0,16.0,6.0,0.0,0.0,0.0,0.0,0.0,2.0,15.0,8.0,0.0,0.0,0.0,0.0,0.0,8.0,13.0,8.0,0.0,0.0,0.0,0.0,0.0,5.0,15.0,4.0,0.0,0.0,0.0,8
1236,0.0,2.0,11.0,16.0,16.0,8.0,1.0,0.0,0.0,2.0,12.0,9.0,9.0,16.0,10.0,0.0,0.0,0.0,0.0,0.0,4.0,16.0,9.0,0.0,0.0,0.0,0.0,2.0,15.0,16.0,0.0,0.0,0.0,0.0,0.0,3.0,16.0,14.0,0.0,0.0,0.0,0.0,0.0,0.0,13.0,16.0,3.0,0.0,0.0,0.0,4.0,11.0,16.0,8.0,0.0,0.0,0.0,3.0,15.0,12.0,4.0,0.0,0.0,0.0,3
1239,0.0,0.0,0.0,0.0,6.0,10.0,0.0,0.0,0.0,0.0,0.0,0.0,14.0,15.0,0.0,0.0,0.0,0.0,0.0,10.0,16.0,16.0,0.0,0.0,0.0,0.0,7.0,16.0,16.0,15.0,0.0,0.0,0.0,3.0,15.0,7.0,15.0,10.0,0.0,0.0,0.0,0.0,0.0,0.0,13.0,11.0,0.0,0.0,0.0,0.0,0.0,0.0,15.0,9.0,0.0,0.0,0.0,0.0,0.0,0.0,8.0,15.0,0.0,0.0,1
1240,0.0,0.0,6.0,16.0,16.0,16.0,16.0,10.0,0.0,0.0,6.0,10.0,8.0,14.0,16.0,3.0,0.0,0.0,0.0,0.0,4.0,16.0,8.0,0.0,0.0,0.0,2.0,10.0,14.0,15.0,6.0,0.0,0.0,0.0,6.0,16.0,16.0,16.0,7.0,0.0,0.0,0.0,0.0,15.0,9.0,0.0,0.0,0.0,0.0,0.0,6.0,16.0,6.0,0.0,0.0,0.0,0.0,0.0,10.0,13.0,1.0,0.0,0.0,0.0,7
1241,0.0,0.0,1.0,15.0,14.0,1.0,0.0,0.0,0.0,2.0,13.0,16.0,16.0,3.0,0.0,0.0,0.0,5.0,16.0,16.0,16.0,4.0,0.0,0.0,0.0,4.0,16.0,16.0,16.0,1.0,0.0,0.0,0.0,0.0,7.0,16.0,13.0,0.0,0.0,0.0,0.0,0.0,5.0,16.0,11.0,0.0,0.0,0.0,0.0,0.0,4.0,16.0,10.0,0.0,0.0,0.0,0.0,0.0,2.0,16.0,11.0,0.0,0.0,0.0,1
1242,0.0,0.0,4.0,14.0,11.0,0.0,0.0,0.0,0.0,0.0,2.0,16.0,16.0,3.0,0.0,0.0,0.0,0.0,0.0,14.0,16.0,5.0,0.0,0.0,0.0,0.0,0.0,16.0,16.0,3.0,0.0,0.0,0.0,0.0,1.0,15.0,16.0,2.0,0.0,0.0,0.0,0.0,2.0,15.0,13.0,0.0,0.0,0.0,0.0,0.0,4.0,16.0,11.0,0.0,0.0,0.0,0.0,0.0,5.0,16.0,14.0,1.0,0.0,0.0,1
1244,0.0,0.0,9.0,15.0,16.0,15.0,2.0,0.0,0.0,4.0,16.0,5.0,3.0,1.0,0.0,0.0,0.0,4.0,14.0,0.0,0.0,0.0,0.0,0.0,0.0,5.0,14.0,9.0,14.0,15.0,2.0,0.0,0.0,5.0,13.0,9.0,8.0,15.0,8.0,0.0,0.0,0.0,0.0,0.0,0.0,13.0,5.0,0.0,0.0,0.0,0.0,5.0,11.0,14.0,0.0,0.0,0.0,0.0,11.0,12.0,7.0,1.0,0.0,0.0,5
1245,0.0,0.0,2.0,14.0,10.0,0.0,0.0,0.0,0.0,0.0,12.0,10.0,0.0,0.0,0.0,0.0,0.0,2.0,15.0,2.0,0.0,0.0,0.0,0.0,0.0,7.0,12.0,1.0,4.0,6.0,0.0,0.0,0.0,7.0,16.0,16.0,15.0,15.0,8.0,0.0,0.0,0.0,16.0,13.0,0.0,4.0,12.0,0.0,0.0,0.0,10.0,12.0,4.0,8.0,15.0,0.0,0.0,0.0,2.0,11.0,16.0,15.0,5.0,0.0,6
1246,0.0,0.0,1.0,11.0,15.0,8.0,0.0,0.0,0.0,0.0,12.0,14.0,10.0,16.0,5.0,0.0,0.0,0.0,16.0,7.0,13.0,16.0,4.0,0.0,0.0,0.0,9.0,15.0,13.0,16.0,4.0,0.0,0.0,0.0,0.0,0.0,1.0,15.0,4.0,0.0,0.0,0.0,0.0,0.0,0.0,16.0,4.0,0.0,0.0,8.0,16.0,14.0,9.0,16.0,4.0,0.0,0.0,0.0,2.0,10.0,15.0,15.0,2.0,0.0,9
1248,0.0,0.0,0.0,5.0,15.0,13.0,2.0,0.0,0.0,0.0,0.0,12.0,7.0,11.0,6.0,0.0,0.0,0.0,0.0,9.0,12.0,15.0,1.0,0.0,0.0,0.0,1.0,8.0,16.0,4.0,0.0,0.0,0.0,3.0,15.0,8.0,13.0,0.0,0.0,0.0,0.0,7.0,12.0,0.0,10.0,7.0,0.0,0.0,0.0,0.0,12.0,11.0,10.0,8.0,0.0,0.0,0.0,0.0,0.0,6.0,13.0,10.0,0.0,0.0,8
1249,0.0,1.0,10.0,9.0,11.0,5.0,0.0,0.0,1.0,14.0,8.0,1.0,2.0,11.0,0.0,0.0,0.0,14.0,3.0,0.0,11.0,5.0,0.0,0.0,0.0,2.0,12.0,12.0,11.0,0.0,0.0,0.0,0.0,0.0,2.0,15.0,14.0,4.0,0.0,0.0,0.0,0.0,11.0,5.0,1.0,12.0,2.0,0.0,0.0,0.0,13.0,0.0,0.0,14.0,2.0,0.0,0.0,0.0,9.0,13.0,16.0,9.0,0.0,0.0,8
1250,0.0,0.0,0.0,5.0,16.0,8.0,0.0,0.0,0.0,0.0,4.0,16.0,16.0,8.0,0.0,0.0,0.0,2.0,15.0,16.0,16.0,8.0,0.0,0.0,0.0,4.0,8.0,12.0,16.0,5.0,0.0,0.0,0.0,0.0,0.0,6.0,16.0,11.0,0.0,0.0,0.0,0.0,0.0,6.0,16.0,12.0,0.0,0.0,0.0,0.0,0.0,6.0,16.0,15.0,1.0,0.0,0.0,0.0,0.0,4.0,15.0,11.0,2.0,0.0,1
1251,0.0,0.0,5.0,15.0,13.0,12.0,4.0,0.0,0.0,0.0,11.0,16.0,16.0,14.0,0.0,0.0,0.0,0.0,16.0,16.0,16.0,8.0,0.0,0.0,0.0,4.0,16.0,16.0,15.0,3.0,0.0,0.0,0.0,2.0,16.0,16.0,8.0,0.0,0.0,0.0,0.0,0.0,16.0,15.0,3.0,0.0,0.0,0.0,0.0,0.0,10.0,16.0,4.0,0.0,0.0,0.0,0.0,0.0,8.0,15.0,3.0,0.0,0.0,0.0,1
1252,0.0,0.0,7.0,12.0,12.0,2.0,0.0,0.0,0.0,5.0,15.0,6.0,10.0,9.0,0.0,0.0,0.0,11.0,4.0,0.0,11.0,6.0,0.0,0.0,0.0,3.0,0.0,2.0,15.0,2.0,0.0,0.0,0.0,0.0,1.0,13.0,6.0,0.0,0.0,0.0,0.0,0.0,11.0,11.0,1.0,0.0,0.0,0.0,0.0,1.0,16.0,7.0,4.0,4.0,2.0,0.0,0.0,0.0,11.0,12.0,13.0,14.0,11.0,0.0,2
1253,0.0,0.0,2.0,12.0,14.0,4.0,0.0,0.0,0.0,0.0,15.0,12.0,11.0,13.0,0.0,0.0,0.0,4.0,16.0,4.0,1.0,14.0,6.0,0.0,0.0,4.0,12.0,0.0,0.0,8.0,8.0,0.0,0.0,6.0,9.0,0.0,0.0,5.0,8.0,0.0,0.0,3.0,12.0,1.0,0.0,12.0,8.0,0.0,0.0,0.0,8.0,12.0,9.0,16.0,3.0,0.0,0.0,0.0,0.0,10.0,13.0,3.0,0.0,0.0,0
1256,0.0,0.0,6.0,11.0,13.0,6.0,0.0,0.0,0.0,7.0,14.0,6.0,7.0,13.0,0.0,0.0,0.0,10.0,7.0,0.0,7.0,10.0,0.0,0.0,0.0,4.0,13.0,12.0,15.0,10.0,0.0,0.0,0.0,0.0,1.0,4.0,0.0,12.0,0.0,0.0,0.0,0.0,0.0,0.0,0.0,11.0,1.0,0.0,0.0,0.0,8.0,2.0,0.0,12.0,0.0,0.0,0.0,0.0,6.0,14.0,15.0,12.0,0.0,0.0,9
1257,0.0,0.0,0.0,10.0,6.0,0.0,10.0,14.0,0.0,0.0,7.0,15.0,2.0,7.0,14.0,1.0,0.0,0.0,15.0,9.0,1.0,15.0,12.0,2.0,0.0,4.0,16.0,10.0,11.0,16.0,12.0,1.0,0.0,2.0,16.0,16.0,16.0,9.0,0.0,0.0,0.0,0.0,5.0,12.0,10.0,0.0,0.0,0.0,0.0,0.0,0.0,13.0,5.0,0.0,0.0,0.0,0.0,0.0,0.0,15.0,3.0,0.0,0.0,0.0,4
1258,0.0,0.0,5.0,16.0,14.0,2.0,0.0,0.0,0.0,1.0,13.0,14.0,16.0,8.0,0.0,0.0,0.0,9.0,15.0,3.0,16.0,5.0,0.0,0.0,0.0,10.0,13.0,3.0,16.0,3.0,0.0,0.0,0.0,3.0,3.0,11.0,13.0,0.0,0.0,0.0,0.0,0.0,0.0,13.0,10.0,0.0,0.0,0.0,0.0,0.0,2.0,16.0,16.0,16.0,10.0,0.0,0.0,0.0,6.0,16.0,14.0,12.0,9.0,0.0,2
1260,0.0,0.0,0.0,7.0,8.0,0.0,0.0,0.0,0.0,0.0,0.0,15.0,2.0,0.0,3.0,1.0,0.0,0.0,8.0,10.0,0.0,2.0,16.0,2.0,0.0,1.0,15.0,4.0,3.0,9.0,12.0,0.0,0.0,8.0,16.0,16.0,16.0,16.0,6.0,0.0,0.0,1.0,4.0,3.0,9.0,14.0,0.0,0.0,0.0,0.0,0.0,0.0,15.0,3.0,0.0,0.0,0.0,0.0,0.0,9.0,10.0,0.0,0.0,0.0,4
1261,0.0,0.0,6.0,14.0,16.0,13.0,0.0,0.0,0.0,0.0,9.0,9.0,9.0,15.0,0.0,0.0,0.0,0.0,0.0,0.0,14.0,9.0,0.0,0.0,0.0,0.0,2.0,10.0,16.0,16.0,12.0,0.0,0.0,0.0,13.0,16.0,12.0,7.0,3.0,0.0,0.0,0.0,3.0,14.0,6.0,0.0,0.0,0.0,0.0,0.0,6.0,16.0,2.0,0.0,0.0,0.0,0.0,0.0,10.0,13.0,0.0,0.0,0.0,0.0,7
1262,0.0,0.0,6.0,16.0,16.0,6.0,0.0,0.0,0.0,5.0,13.0,5.0,7.0,13.0,0.0,0.0,0.0,1.0,1.0,0.0,5.0,11.0,0.0,0.0,0.0,0.0,0.0,5.0,14.0,14.0,8.0,0.0,0.0,0.0,0.0,5.0,16.0,8.0,2.0,0.0,0.0,0.0,0.0,8.0,8.0,0.0,0.0,0.0,0.0,0.0,1.0,14.0,3.0,0.0,0.0,0.0,0.0,0.0,7.0,12.0,0.0,0.0,0.0,0.0,7
1263,0.0,0.0,0.0,2.0,13.0,9.0,0.0,0.0,0.0,0.0,0.0,7.0,16.0,15.0,0.0,0.0,0.0,0.0,0.0,11.0,16.0,7.0,0.0,0.0,0.0,0.0,0.0,15.0,16.0,2.0,0.0,0.0,0.0,0.0,7.0,16.0,14.0,0.0,0.0,0.0,0.0,0.0,13.0,16.0,14.0,0.0,0.0,0.0,0.0,0.0,8.0,15.0,16.0,0.0,0.0,0.0,0.0,0.0,0.0,3.0,13.0,8.0,0.0,0.0,1
1264,0.0,0.0,3.0,14.0,9.0,3.0,0.0,0.0,0.0,0.0,11.0,13.0,8.0,14.0,2.0,0.0,0.0,2.0,16.0,3.0,0.0,9.0,4.0,0.0,0.0,5.0,12.0,0.0,0.0,4.0,8.0,0.0,0.0,8.0,8.0,0.0,0.0,7.0,8.0,0.0,0.0,5.0,11.0,0.0,2.0,15.0,3.0,0.0,0.0,0.0,14.0,5.0,13.0,7.0,0.0,0.0,0.0,0.0,5.0,14.0,5.0,0.0,0.0,0.0,0
1265,0.0,0.0,0.0,7.0,14.0,0.0,0.0,0.0,0.0,0.0,1.0,14.0,8.0,0.0,1.0,0.0,0.0,0.0,8.0,14.0,0.0,9.0,11.0,0.0,0.0,1.0,15.0,6.0,1.0,14.0,10.0,0.0,0.0,8.0,15.0,0.0,8.0,16.0,1.0,0.0,0.0,10.0,15.0,9.0,15.0,15.0,0.0,0.0,0.0,5.0,15.0,14.0,16.0,6.0,0.0,0.0,0.0,0.0,0.0,8.0,15.0,2.0,0.0,0.0,4
1266,0.0,0.0,1.0,13.0,4.0,0.0,0.0,0.0,0.0,0.0,5.0,15.0,2.0,0.0,0.0,0.0,0.0,0.0,12.0,7.0,0.0,0.0,0.0,0.0,0.0,0.0,14.0,6.0,0.0,0.0,0.0,0.0,0.0,0.0,16.0,12.0,15.0,15.0,7.0,0.0,0.0,0.0,14.0,14.0,6.0,4.0,14.0,1.0,0.0,0.0,9.0,14.0,3.0,4.0,14.0,2.0,0.0,0.0,1.0,7.0,14.0,16.0,11.0,0.0,6
1267,0.0,1.0,15.0,16.0,16.0,16.0,5.0,0.0,0.0,7.0,16.0,16.0,12.0,9.0,1.0,0.0,0.0,13.0,16.0,3.0,0.0,0.0,0.0,0.0,0.0,5.0,16.0,11.0,0.0,0.0,0.0,0.0,0.0,0.0,10.0,16.0,6.0,0.0,0.0,0.0,0.0,0.0,1.0,15.0,11.0,0.0,0.0,0.0,0.0,1.0,4.0,14.0,12.0,0.0,0.0,0.0,0.0,3.0,15.0,16.0,6.0,0.0,0.0,0.0,5
1268,0.0,0.0,6.0,16.0,13.0,11.0,1.0,0.0,0.0,0.0,16.0,15.0,12.0,16.0,1.0,0.0,0.0,3.0,16.0,7.0,0.0,13.0,6.0,0.0,0.0,4.0,16.0,0.0,0.0,10.0,8.0,0.0,0.0,8.0,16.0,0.0,0.0,14.0,6.0,0.0,0.0,5.0,16.0,7.0,9.0,16.0,5.0,0.0,0.0,1.0,15.0,16.0,16.0,16.0,1.0,0.0,0.0,0.0,6.0,16.0,14.0,6.0,0.0,0.0,0
1271,0.0,1.0,13.0,16.0,16.0,5.0,0.0,0.0,0.0,7.0,10.0,4.0,10.0,12.0,0.0,0.0,0.0,0.0,0.0,0.0,11.0,7.0,0.0,0.0,0.0,0.0,0.0,2.0,15.0,2.0,0.0,0.0,0.0,0.0,0.0,12.0,7.0,0.0,0.0,0.0,0.0,0.0,6.0,12.0,1.0,0.0,0.0,0.0,0.0,0.0,16.0,3.0,1.0,5.0,3.0,0.0,0.0,1.0,15.0,16.0,16.0,15.0,3.0,0.0,2
1272,0.0,1.0,12.0,15.0,10.0,2.0,0.0,0.0,0.0,4.0,14.0,1.0,6.0,12.0,2.0,0.0,0.0,7.0,15.0,0.0,1.0,14.0,4.0,0.0,0.0,3.0,15.0,12.0,15.0,10.0,0.0,0.0,0.0,0.0,3.0,15.0,1.0,0.0,0.0,0.0,0.0,0.0,0.0,3.0,13.0,1.0,0.0,0.0,0.0,0.0,0.0,0.0,10.0,6.0,0.0,0.0,0.0,0.0,11.0,12.0,13.0,4.0,0.0,0.0,9
1273,0.0,0.0,0.0,0.0,8.0,10.0,0.0,0.0,0.0,0.0,0.0,0.0,13.0,6.0,0.0,0.0,0.0,0.0,0.0,5.0,13.0,0.0,0.0,0.0,0.0,0.0,2.0,14.0,3.0,10.0,10.0,0.0,0.0,1.0,14.0,15.0,10.0,16.0,6.0,0.0,0.0,14.0,14.0,12.0,15.0,16.0,2.0,0.0,0.0,3.0,0.0,0.0,8.0,14.0,0.0,0.0,0.0,0.0,0.0,0.0,5.0,10.0,0.0,0.0,4
1274,0.0,0.0,4.0,15.0,16.0,16.0,5.0,0.0,0.0,0.0,6.0,9.0,11.0,16.0,11.0,0.0,0.0,0.0,0.0,0.0,3.0,16.0,5.0,0.0,0.0,0.0,0.0,3.0,14.0,16.0,10.0,0.0,0.0,0.0,7.0,16.0,16.0,11.0,3.0,0.0,0.0,0.0,8.0,15.0,13.0,0.0,0.0,0.0,0.0,0.0,5.0,16.0,7.0,0.0,0.0,0.0,0.0,0.0,7.0,14.0,2.0,0.0,0.0,0.0,7
1275,0.0,0.0,7.0,15.0,13.0,0.0,0.0,0.0,0.0,9.0,16.0,15.0,16.0,5.0,0.0,0.0,0.0,12.0,16.0,5.0,15.0,6.0,0.0,0.0,0.0,0.0,7.0,2.0,13.0,9.0,0.0,0.0,0.0,0.0,0.0,1.0,16.0,7.0,0.0,0.0,0.0,0.0,0.0,6.0,16.0,4.0,0.0,0.0,0.0,0.0,1.0,15.0,16.0,12.0,15.0,7.0,0.0,0.0,5.0,16.0,14.0,12.0,12.0,11.0,2
1277,0.0,0.0,2.0,14.0,13.0,3.0,0.0,0.0,0.0,0.0,13.0,13.0,9.0,11.0,0.0,0.0,0.0,0.0,16.0,7.0,0.0,12.0,0.0,0.0,0.0,3.0,16.0,5.0,0.0,10.0,5.0,0.0,0.0,5.0,16.0,1.0,0.0,8.0,5.0,0.0,0.0,3.0,16.0,1.0,0.0,10.0,5.0,0.0,0.0,0.0,16.0,8.0,5.0,14.0,3.0,0.0,0.0,0.0,4.0,16.0,16.0,9.0,1.0,0.0,0
1279,0.0,0.0,15.0,13.0,0.0,3.0,3.0,0.0,0.0,0.0,15.0,15.0,8.0,15.0,5.0,0.0,0.0,0.0,8.0,16.0,16.0,7.0,0.0,0.0,0.0,0.0,7.0,16.0,16.0,1.0,0.0,0.0,0.0,0.0,12.0,12.0,15.0,10.0,0.0,0.0,0.0,3.0,16.0,0.0,10.0,15.0,1.0,0.0,0.0,2.0,16.0,5.0,7.0,15.0,3.0,0.0,0.0,1.0,12.0,16.0,15.0,7.0,0.0,0.0,8
1280,0.0,1.0,15.0,16.0,10.0,0.0,0.0,0.0,0.0,4.0,16.0,9.0,16.0,4.0,0.0,0.0,0.0,2.0,12.0,5.0,16.0,3.0,0.0,0.0,0.0,0.0,0.0,6.0,16.0,3.0,0.0,0.0,0.0,0.0,1.0,15.0,13.0,0.0,0.0,0.0,0.0,0.0,8.0,16.0,4.0,0.0,0.0,0.0,0.0,2.0,16.0,13.0,4.0,4.0,3.0,0.0,0.0,2.0,13.0,16.0,16.0,16.0,16.0,2.0,2
1281,0.0,0.0,9.0,14.0,16.0,13.0,2.0,0.0,0.0,0.0,13.0,8.0,2.0,6.0,4.0,0.0,0.0,0.0,16.0,2.0,9.0,8.0,0.0,0.0,0.0,3.0,15.0,15.0,11.0,14.0,4.0,0.0,0.0,5.0,16.0,6.0,0.0,12.0,2.0,0.0,0.0,5.0,7.0,0.0,3.0,13.0,0.0,0.0,0.0,0.0,5.0,7.0,13.0,6.0,0.0,0.0,0.0,0.0,10.0,16.0,9.0,0.0,0.0,0.0,5
1284,0.0,1.0,8.0,13.0,15.0,5.0,0.0,0.0,0.0,8.0,14.0,7.0,16.0,14.0,0.0,0.0,0.0,10.0,12.0,1.0,10.0,16.0,2.0,0.0,0.0,2.0,12.0,14.0,15.0,16.0,4.0,0.0,0.0,0.0,0.0,4.0,4.0,15.0,8.0,0.0,0.0,0.0,0.0,0.0,0.0,9.0,9.0,0.0,0.0,0.0,9.0,7.0,1.0,10.0,12.0,0.0,0.0,0.0,6.0,13.0,16.0,15.0,6.0,0.0,9
1286,0.0,0.0,12.0,12.0,14.0,15.0,1.0,0.0,0.0,1.0,15.0,11.0,6.0,5.0,0.0,0.0,0.0,6.0,15.0,12.0,4.0,0.0,0.0,0.0,0.0,6.0,11.0,8.0,13.0,6.0,0.0,0.0,0.0,0.0,0.0,0.0,1.0,13.0,0.0,0.0,0.0,0.0,0.0,0.0,0.0,9.0,3.0,0.0,0.0,2.0,6.0,1.0,6.0,14.0,3.0,0.0,0.0,1.0,11.0,16.0,13.0,8.0,0.0,0.0,5
1287,0.0,2.0,13.0,16.0,16.0,11.0,0.0,0.0,0.0,10.0,11.0,4.0,12.0,12.0,0.0,0.0,0.0,1.0,1.0,4.0,14.0,8.0,0.0,0.0,0.0,0.0,2.0,16.0,16.0,8.0,0.0,0.0,0.0,0.0,0.0,7.0,9.0,16.0,8.0,0.0,0.0,0.0,0.0,0.0,0.0,10.0,12.0,0.0,0.0,0.0,5.0,9.0,10.0,16.0,9.0,0.0,0.0,0.0,15.0,16.0,13.0,7.0,0.0,0.0,3
1288,0.0,0.0,0.0,8.0,16.0,16.0,7.0,0.0,0.0,0.0,15.0,16.0,10.0,8.0,1.0,0.0,0.0,3.0,16.0,12.0,5.0,0.0,0.0,0.0,0.0,8.0,16.0,16.0,16.0,3.0,0.0,0.0,0.0,8.0,11.0,2.0,13.0,9.0,0.0,0.0,0.0,0.0,0.0,0.0,11.0,13.0,0.0,0.0,0.0,0.0,0.0,0.0,12.0,11.0,0.0,0.0,0.0,0.0,0.0,11.0,14.0,2.0,0.0,0.0,5
1290,0.0,0.0,2.0,13.0,8.0,6.0,0.0,0.0,0.0,0.0,7.0,14.0,14.0,16.0,0.0,0.0,0.0,0.0,7.0,9.0,3.0,16.0,4.0,0.0,0.0,0.0,5.0,14.0,15.0,16.0,4.0,0.0,0.0,0.0,0.0,3.0,2.0,13.0,5.0,0.0,0.0,0.0,3.0,0.0,0.0,12.0,6.0,0.0,0.0,1.0,12.0,6.0,0.0,11.0,7.0,0.0,0.0,0.0,3.0,12.0,16.0,16.0,1.0,0.0,9
1291,0.0,0.0,1.0,11.0,14.0,15.0,3.0,0.0,0.0,1.0,13.0,16.0,12.0,16.0,8.0,0.0,0.0,8.0,16.0,4.0,6.0,16.0,5.0,0.0,0.0,5.0,15.0,11.0,13.0,14.0,0.0,0.0,0.0,0.0,2.0,12.0,16.0,13.0,0.0,0.0,0.0,0.0,0.0,13.0,16.0,16.0,6.0,0.0,0.0,0.0,0.0,16.0,16.0,16.0,7.0,0.0,0.0,0.0,0.0,11.0,13.0,12.0,1.0,0.0,8
1292,0.0,0.0,11.0,16.0,16.0,14.0,0.0,0.0,0.0,1.0,16.0,15.0,13.0,15.0,1.0,0.0,0.0,0.0,14.0,15.0,16.0,6.0,0.0,0.0,0.0,0.0,8.0,16.0,7.0,0.0,0.0,0.0,0.0,0.0,8.0,16.0,7.0,0.0,0.0,0.0,0.0,0.0,13.0,14.0,13.0,0.0,0.0,0.0,0.0,0.0,16.0,11.0,15.0,0.0,0.0,0.0,0.0,0.0,12.0,16.0,10.0,0.0,0.0,0.0,8
1293,0.0,0.0,8.0,16.0,16.0,9.0,0.0,0.0,0.0,1.0,16.0,15.0,11.0,8.0,0.0,0.0,0.0,1.0,14.0,10.0,0.0,0.0,0.0,0.0,0.0,7.0,16.0,10.0,6.0,0.0,0.0,0.0,0.0,2.0,12.0,16.0,16.0,10.0,0.0,0.0,0.0,0.0,0.0,1.0,7.0,15.0,0.0,0.0,0.0,0.0,11.0,5.0,13.0,13.0,0.0,0.0,0.0,0.0,11.0,16.0,16.0,6.0,0.0,0.0,5
1294,0.0,0.0,15.0,13.0,1.0,0.0,0.0,0.0,0.0,0.0,14.0,14.0,4.0,0.0,0.0,0.0,0.0,0.0,1.0,4.0,12.0,0.0,0.0,0.0,0.0,0.0,0.0,6.0,12.0,0.0,0.0,0.0,0.0,0.0,0.0,11.0,10.0,0.0,0.0,0.0,0.0,0.0,1.0,16.0,8.0,6.0,5.0,0.0,0.0,0.0,13.0,16.0,16.0,16.0,14.0,0.0,0.0,0.0,10.0,13.0,10.0,6.0,2.0,0.0,2
1295,0.0,0.0,2.0,14.0,11.0,0.0,0.0,0.0,0.0,0.0,10.0,16.0,1.0,0.0,0.0,0.0,0.0,1.0,16.0,9.0,0.0,0.0,0.0,0.0,0.0,4.0,16.0,5.0,0.0,0.0,0.0,0.0,0.0,5.0,16.0,12.0,12.0,11.0,1.0,0.0,0.0,4.0,16.0,14.0,10.0,14.0,11.0,0.0,0.0,2.0,15.0,10.0,6.0,16.0,10.0,0.0,0.0,0.0,3.0,15.0,16.0,10.0,1.0,0.0,6
1296,0.0,0.0,0.0,2.0,13.0,1.0,0.0,0.0,0.0,0.0,0.0,9.0,15.0,2.0,0.0,0.0,0.0,0.0,4.0,16.0,16.0,8.0,0.0,0.0,0.0,0.0,12.0,9.0,14.0,6.0,0.0,0.0,0.0,5.0,14.0,0.0,13.0,7.0,1.0,0.0,0.0,9.0,15.0,12.0,16.0,16.0,4.0,0.0,0.0,2.0,8.0,9.0,16.0,10.0,1.0,0.0,0.0,0.0,0.0,1.0,13.0,2.0,0.0,0.0,4
1298,0.0,0.0,0.0,8.0,10.0,0.0,0.0,0.0,0.0,0.0,3.0,15.0,5.0,0.0,0.0,0.0,0.0,0.0,7.0,13.0,0.0,0.0,0.0,0.0,0.0,0.0,7.0,14.0,5.0,1.0,0.0,0.0,0.0,0.0,6.0,16.0,16.0,16.0,3.0,0.0,0.0,0.0,6.0,16.0,7.0,13.0,8.0,0.0,0.0,0.0,2.0,15.0,7.0,15.0,7.0,0.0,0.0,0.0,0.0,7.0,15.0,12.0,0.0,0.0,6
1299,0.0,0.0,0.0,9.0,10.0,0.0,0.0,0.0,0.0,0.0,7.0,16.0,7.0,0.0,0.0,0.0,0.0,0.0,13.0,13.0,1.0,0.0,0.0,0.0,0.0,0.0,15.0,7.0,0.0,0.0,0.0,0.0,0.0,4.0,16.0,15.0,12.0,7.0,0.0,0.0,0.0,2.0,16.0,12.0,4.0,11.0,10.0,0.0,0.0,0.0,8.0,14.0,5.0,9.0,14.0,0.0,0.0,0.0,0.0,6.0,12.0,14.0,9.0,0.0,6
1300,0.0,0.0,4.0,14.0,6.0,0.0,0.0,0.0,0.0,0.0,10.0,15.0,2.0,0.0,0.0,0.0,0.0,0.0,16.0,11.0,0.0,0.0,0.0,0.0,0.0,0.0,13.0,11.0,0.0,0.0,0.0,0.0,0.0,3.0,16.0,12.0,8.0,3.0,0.0,0.0,0.0,2.0,16.0,14.0,8.0,12.0,9.0,0.0,0.0,0.0,16.0,13.0,4.0,12.0,12.0,0.0,0.0,0.0,6.0,15.0,16.0,12.0,1.0,0.0,6
1301,0.0,0.0,8.0,11.0,8.0,10.0,0.0,0.0,0.0,3.0,15.0,8.0,12.0,16.0,4.0,0.0,0.0,3.0,12.0,0.0,3.0,16.0,2.0,0.0,0.0,0.0,11.0,10.0,15.0,10.0,0.0,0.0,0.0,0.0,4.0,16.0,16.0,6.0,0.0,0.0,0.0,0.0,7.0,9.0,4.0,16.0,0.0,0.0,0.0,0.0,12.0,11.0,5.0,16.0,0.0,0.0,0.0,0.0,3.0,10.0,9.0,3.0,0.0,0.0,8
1303,0.0,1.0,11.0,16.0,15.0,12.0,3.0,0.0,0.0,1.0,13.0,16.0,16.0,12.0,0.0,0.0,0.0,2.0,16.0,16.0,16.0,8.0,0.0,0.0,0.0,0.0,16.0,16.0,16.0,2.0,0.0,0.0,0.0,8.0,16.0,16.0,14.0,0.0,0.0,0.0,0.0,7.0,16.0,16.0,9.0,0.0,0.0,0.0,0.0,1.0,13.0,16.0,13.0,1.0,0.0,0.0,0.0,0.0,8.0,16.0,12.0,0.0,0.0,0.0,1
1304,0.0,0.0,7.0,16.0,16.0,14.0,0.0,0.0,0.0,0.0,16.0,12.0,10.0,15.0,1.0,0.0,0.0,0.0,10.0,4.0,16.0,10.0,0.0,0.0,0.0,0.0,0.0,9.0,16.0,11.0,1.0,0.0,0.0,0.0,0.0,0.0,7.0,16.0,8.0,0.0,0.0,0.0,0.0,0.0,0.0,16.0,7.0,0.0,0.0,0.0,8.0,4.0,10.0,15.0,2.0,0.0,0.0,0.0,12.0,16.0,16.0,6.0,0.0,0.0,3
1305,0.0,0.0,1.0,8.0,10.0,8.0,3.0,0.0,0.0,0.0,1.0,16.0,16.0,16.0,8.0,0.0,0.0,0.0,0.0,14.0,16.0,16.0,3.0,0.0,0.0,0.0,1.0,16.0,16.0,15.0,0.0,0.0,0.0,0.0,6.0,16.0,16.0,10.0,0.0,0.0,0.0,0.0,10.0,16.0,15.0,4.0,0.0,0.0,0.0,0.0,8.0,16.0,14.0,0.0,0.0,0.0,0.0,0.0,1.0,8.0,8.0,1.0,0.0,0.0,1
1306,0.0,0.0,0.0,5.0,16.0,3.0,0.0,0.0,0.0,0.0,1.0,15.0,16.0,4.0,0.0,0.0,0.0,0.0,10.0,16.0,16.0,1.0,0.0,0.0,0.0,3.0,16.0,16.0,15.0,4.0,2.0,0.0,0.0,10.0,16.0,16.0,16.0,16.0,12.0,0.0,0.0,1.0,7.0,14.0,13.0,6.0,5.0,0.0,0.0,0.0,0.0,11.0,12.0,0.0,0.0,0.0,0.0,0.0,0.0,4.0,10.0,0.0,0.0,0.0,4
1307,0.0,0.0,0.0,11.0,16.0,10.0,0.0,0.0,0.0,0.0,9.0,16.0,10.0,7.0,0.0,0.0,0.0,3.0,16.0,8.0,0.0,0.0,0.0,0.0,0.0,9.0,16.0,13.0,4.0,0.0,0.0,0.0,0.0,10.0,16.0,8.0,16.0,7.0,0.0,0.0,0.0,4.0,16.0,3.0,7.0,16.0,2.0,0.0,0.0,0.0,13.0,13.0,8.0,16.0,5.0,0.0,0.0,0.0,1.0,11.0,16.0,16.0,1.0,0.0,6
1308,0.0,0.0,5.0,13.0,1.0,0.0,0.0,0.0,0.0,0.0,12.0,13.0,0.0,0.0,0.0,0.0,0.0,0.0,16.0,8.0,0.0,0.0,0.0,0.0,0.0,5.0,16.0,2.0,0.0,0.0,0.0,0.0,0.0,4.0,16.0,8.0,15.0,9.0,1.0,0.0,0.0,4.0,16.0,16.0,12.0,15.0,11.0,0.0,0.0,1.0,15.0,14.0,4.0,14.0,11.0,0.0,0.0,0.0,5.0,14.0,14.0,10.0,1.0,0.0,6
1309,0.0,0.0,0.0,13.0,15.0,2.0,0.0,0.0,0.0,0.0,4.0,16.0,11.0,1.0,0.0,0.0,0.0,0.0,13.0,15.0,1.0,0.0,0.0,0.0,0.0,0.0,15.0,9.0,0.0,0.0,0.0,0.0,0.0,4.0,16.0,14.0,15.0,8.0,0.0,0.0,0.0,1.0,16.0,15.0,8.0,13.0,9.0,0.0,0.0,0.0,11.0,10.0,0.0,11.0,16.0,0.0,0.0,0.0,2.0,14.0,16.0,16.0,13.0,0.0,6
1310,0.0,0.0,7.0,7.0,13.0,16.0,4.0,0.0,0.0,0.0,13.0,13.0,6.0,12.0,7.0,0.0,0.0,0.0,10.0,4.0,10.0,11.0,1.0,0.0,0.0,0.0,8.0,16.0,10.0,0.0,0.0,0.0,0.0,3.0,14.0,16.0,0.0,0.0,0.0,0.0,0.0,8.0,8.0,11.0,5.0,0.0,0.0,0.0,0.0,4.0,10.0,9.0,8.0,0.0,0.0,0.0,0.0,1.0,11.0,16.0,6.0,0.0,0.0,0.0,8
1311,0.0,0.0,0.0,13.0,15.0,8.0,0.0,0.0,0.0,0.0,1.0,16.0,16.0,10.0,0.0,0.0,0.0,0.0,1.0,16.0,16.0,8.0,0.0,0.0,0.0,0.0,4.0,16.0,16.0,2.0,0.0,0.0,0.0,0.0,11.0,16.0,14.0,0.0,0.0,0.0,0.0,2.0,16.0,16.0,10.0,0.0,0.0,0.0,0.0,0.0,13.0,16.0,15.0,2.0,0.0,0.0,0.0,0.0,1.0,13.0,16.0,4.0,0.0,0.0,1
1314,0.0,1.0,10.0,13.0,9.0,2.0,0.0,0.0,0.0,2.0,12.0,4.0,12.0,10.0,0.0,0.0,0.0,0.0,14.0,5.0,11.0,11.0,0.0,0.0,0.0,0.0,2.0,8.0,8.0,15.0,2.0,0.0,0.0,0.0,0.0,0.0,0.0,12.0,5.0,0.0,0.0,0.0,0.0,0.0,0.0,4.0,12.0,0.0,0.0,0.0,4.0,1.0,0.0,8.0,11.0,0.0,0.0,0.0,11.0,16.0,16.0,14.0,3.0,0.0,9
1315,0.0,0.0,8.0,14.0,16.0,16.0,2.0,0.0,0.0,0.0,11.0,6.0,7.0,16.0,1.0,0.0,0.0,0.0,0.0,0.0,10.0,12.0,0.0,0.0,0.0,1.0,11.0,16.0,16.0,16.0,12.0,0.0,0.0,2.0,12.0,13.0,13.0,2.0,0.0,0.0,0.0,0.0,1.0,14.0,4.0,0.0,0.0,0.0,0.0,0.0,8.0,12.0,0.0,0.0,0.0,0.0,0.0,0.0,12.0,7.0,0.0,0.0,0.0,0.0,7
1316,0.0,0.0,2.0,11.0,13.0,5.0,0.0,0.0,0.0,1.0,14.0,9.0,8.0,14.0,0.0,0.0,0.0,6.0,13.0,1.0,2.0,16.0,2.0,0.0,0.0,7.0,7.0,0.0,0.0,12.0,5.0,0.0,0.0,7.0,9.0,0.0,0.0,3.0,9.0,0.0,0.0,2.0,12.0,0.0,0.0,4.0,11.0,0.0,0.0,0.0,12.0,6.0,4.0,14.0,7.0,0.0,0.0,0.0,3.0,13.0,16.0,9.0,0.0,0.0,0
1317,0.0,0.0,1.0,9.0,15.0,10.0,1.0,0.0,0.0,0.0,2.0,12.0,8.0,12.0,4.0,0.0,0.0,0.0,0.0,11.0,1.0,11.0,3.0,0.0,0.0,0.0,0.0,8.0,8.0,15.0,4.0,0.0,0.0,2.0,15.0,16.0,16.0,7.0,0.0,0.0,0.0,2.0,15.0,5.0,11.0,0.0,0.0,0.0,0.0,0.0,14.0,4.0,12.0,0.0,0.0,0.0,0.0,0.0,3.0,14.0,9.0,0.0,0.0,0.0,8
1319,0.0,0.0,2.0,15.0,13.0,2.0,0.0,0.0,0.0,0.0,8.0,16.0,15.0,12.0,0.0,0.0,0.0,0.0,9.0,14.0,1.0,15.0,5.0,0.0,0.0,0.0,14.0,13.0,0.0,11.0,9.0,0.0,0.0,3.0,16.0,11.0,0.0,12.0,9.0,0.0,0.0,2.0,16.0,3.0,2.0,16.0,6.0,0.0,0.0,1.0,13.0,11.0,15.0,14.0,0.0,0.0,0.0,0.0,4.0,16.0,15.0,5.0,0.0,0.0,0
1321,0.0,0.0,10.0,14.0,10.0,1.0,0.0,0.0,0.0,4.0,14.0,6.0,13.0,7.0,0.0,0.0,0.0,6.0,12.0,0.0,7.0,7.0,0.0,0.0,0.0,1.0,16.0,10.0,15.0,1.0,0.0,0.0,0.0,0.0,5.0,16.0,15.0,3.0,0.0,0.0,0.0,0.0,13.0,6.0,6.0,15.0,5.0,0.0,0.0,3.0,15.0,0.0,4.0,12.0,7.0,0.0,0.0,0.0,12.0,16.0,15.0,8.0,0.0,0.0,8
1322,0.0,0.0,2.0,12.0,12.0,1.0,0.0,0.0,0.0,2.0,12.0,12.0,6.0,11.0,0.0,0.0,0.0,10.0,13.0,0.0,0.0,10.0,2.0,0.0,0.0,8.0,11.0,0.0,0.0,6.0,6.0,0.0,0.0,7.0,9.0,0.0,0.0,4.0,9.0,0.0,0.0,3.0,13.0,0.0,0.0,8.0,12.0,0.0,0.0,0.0,12.0,12.0,9.0,16.0,7.0,0.0,0.0,0.0,1.0,12.0,16.0,9.0,1.0,0.0,0
1323,0.0,0.0,1.0,8.0,14.0,14.0,2.0,0.0,0.0,1.0,13.0,16.0,16.0,16.0,5.0,0.0,0.0,7.0,16.0,10.0,10.0,16.0,4.0,0.0,0.0,3.0,16.0,14.0,15.0,12.0,0.0,0.0,0.0,0.0,3.0,12.0,16.0,10.0,0.0,0.0,0.0,0.0,0.0,9.0,16.0,16.0,3.0,0.0,0.0,0.0,0.0,15.0,16.0,16.0,4.0,0.0,0.0,0.0,0.0,11.0,16.0,12.0,2.0,0.0,8
1324,0.0,0.0,2.0,15.0,6.0,0.0,0.0,0.0,0.0,0.0,10.0,14.0,0.0,5.0,0.0,0.0,0.0,0.0,13.0,9.0,9.0,16.0,3.0,0.0,0.0,6.0,15.0,6.0,16.0,3.0,0.0,0.0,0.0,9.0,13.0,12.0,15.0,12.0,8.0,0.0,0.0,9.0,16.0,16.0,14.0,7.0,2.0,0.0,0.0,1.0,7.0,16.0,7.0,0.0,0.0,0.0,0.0,0.0,2.0,16.0,7.0,0.0,0.0,0.0,4
1325,0.0,0.0,2.0,15.0,15.0,16.0,11.0,0.0,0.0,0.0,8.0,16.0,11.0,3.0,0.0,0.0,0.0,0.0,13.0,9.0,0.0,0.0,0.0,0.0,0.0,5.0,16.0,3.0,9.0,11.0,3.0,0.0,0.0,10.0,15.0,15.0,16.0,16.0,11.0,0.0,0.0,6.0,16.0,10.0,7.0,16.0,5.0,0.0,0.0,0.0,3.0,4.0,15.0,8.0,0.0,0.0,0.0,0.0,4.0,15.0,7.0,0.0,0.0,0.0,5
1326,0.0,0.0,0.0,0.0,13.0,3.0,0.0,0.0,0.0,0.0,0.0,11.0,13.0,4.0,0.0,0.0,0.0,0.0,6.0,14.0,4.0,16.0,1.0,0.0,0.0,2.0,14.0,3.0,6.0,14.0,0.0,0.0,0.0,6.0,16.0,11.0,12.0,12.0,0.0,0.0,0.0,2.0,7.0,14.0,16.0,14.0,0.0,0.0,0.0,0.0,0.0,0.0,12.0,8.0,0.0,0.0,0.0,0.0,0.0,0.0,15.0,3.0,0.0,0.0,4
1327,0.0,3.0,15.0,16.0,8.0,0.0,0.0,0.0,0.0,14.0,13.0,10.0,16.0,2.0,0.0,0.0,0.0,5.0,3.0,2.0,16.0,2.0,0.0,0.0,0.0,0.0,0.0,3.0,16.0,2.0,0.0,0.0,0.0,0.0,0.0,9.0,12.0,0.0,0.0,0.0,0.0,0.0,1.0,16.0,8.0,0.0,2.0,0.0,0.0,0.0,8.0,16.0,14.0,16.0,15.0,0.0,0.0,2.0,16.0,16.0,15.0,12.0,9.0,0.0,2
1329,0.0,0.0,9.0,16.0,16.0,9.0,0.0,0.0,0.0,5.0,16.0,14.0,15.0,16.0,1.0,0.0,0.0,2.0,11.0,1.0,10.0,15.0,0.0,0.0,0.0,0.0,0.0,1.0,15.0,8.0,0.0,0.0,0.0,0.0,0.0,8.0,15.0,1.0,0.0,0.0,0.0,0.0,6.0,16.0,7.0,8.0,7.0,0.0,0.0,0.0,9.0,16.0,15.0,14.0,2.0,0.0,0.0,0.0,9.0,16.0,13.0,1.0,0.0,0.0,2
1330,0.0,1.0,13.0,16.0,15.0,5.0,0.0,0.0,0.0,4.0,16.0,7.0,14.0,12.0,0.0,0.0,0.0,3.0,12.0,2.0,11.0,10.0,0.0,0.0,0.0,0.0,0.0,0.0,14.0,8.0,0.0,0.0,0.0,0.0,0.0,3.0,16.0,4.0,0.0,0.0,0.0,0.0,1.0,11.0,13.0,0.0,0.0,0.0,0.0,0.0,9.0,16.0,14.0,16.0,7.0,0.0,0.0,1.0,16.0,16.0,15.0,12.0,5.0,0.0,2
1331,0.0,0.0,0.0,10.0,11.0,1.0,0.0,0.0,0.0,0.0,1.0,15.0,8.0,8.0,0.0,0.0,0.0,5.0,4.0,10.0,0.0,12.0,0.0,0.0,0.0,7.0,8.0,10.0,0.0,7.0,5.0,0.0,0.0,6.0,10.0,0.0,0.0,2.0,9.0,0.0,0.0,1.0,13.0,0.0,0.0,2.0,11.0,0.0,0.0,0.0,6.0,11.0,4.0,10.0,11.0,0.0,0.0,0.0,0.0,9.0,15.0,14.0,5.0,0.0,0
1333,0.0,0.0,5.0,13.0,16.0,10.0,1.0,0.0,0.0,7.0,16.0,16.0,16.0,16.0,7.0,0.0,0.0,0.0,5.0,2.0,11.0,14.0,5.0,0.0,0.0,0.0,0.0,10.0,15.0,6.0,0.0,0.0,0.0,0.0,9.0,16.0,13.0,2.0,0.0,0.0,0.0,0.0,4.0,11.0,15.0,14.0,0.0,0.0,0.0,0.0,2.0,2.0,13.0,16.0,1.0,0.0,0.0,0.0,5.0,14.0,15.0,9.0,0.0,0.0,3
1334,0.0,0.0,10.0,13.0,14.0,8.0,0.0,0.0,0.0,0.0,13.0,9.0,5.0,12.0,5.0,0.0,0.0,4.0,13.0,0.0,0.0,4.0,8.0,0.0,0.0,4.0,8.0,0.0,0.0,4.0,8.0,0.0,0.0,8.0,4.0,0.0,0.0,13.0,2.0,0.0,0.0,8.0,4.0,0.0,9.0,10.0,0.0,0.0,0.0,4.0,12.0,12.0,13.0,1.0,0.0,0.0,0.0,1.0,11.0,11.0,1.0,0.0,0.0,0.0,0
1337,0.0,0.0,6.0,13.0,0.0,0.0,0.0,0.0,0.0,0.0,15.0,12.0,0.0,0.0,0.0,0.0,0.0,0.0,16.0,6.0,0.0,0.0,0.0,0.0,0.0,3.0,16.0,14.0,11.0,5.0,0.0,0.0,0.0,5.0,16.0,12.0,11.0,16.0,6.0,0.0,0.0,6.0,16.0,9.0,2.0,16.0,9.0,0.0,0.0,0.0,13.0,14.0,8.0,16.0,8.0,0.0,0.0,0.0,4.0,15.0,16.0,13.0,2.0,0.0,6
1338,0.0,0.0,0.0,11.0,16.0,3.0,0.0,0.0,0.0,0.0,5.0,16.0,16.0,5.0,0.0,0.0,0.0,6.0,16.0,15.0,16.0,3.0,0.0,0.0,0.0,11.0,11.0,10.0,16.0,1.0,0.0,0.0,0.0,0.0,0.0,10.0,15.0,0.0,0.0,0.0,0.0,0.0,0.0,11.0,13.0,0.0,0.0,0.0,0.0,0.0,0.0,10.0,16.0,2.0,0.0,0.0,0.0,0.0,0.0,7.0,16.0,2.0,0.0,0.0,1
1339,0.0,2.0,10.0,14.0,11.0,1.0,0.0,0.0,0.0,7.0,15.0,8.0,16.0,4.0,0.0,0.0,0.0,1.0,1.0,6.0,15.0,1.0,0.0,0.0,0.0,0.0,0.0,15.0,9.0,0.0,0.0,0.0,0.0,0.0,1.0,16.0,15.0,9.0,1.0,0.0,0.0,0.0,0.0,1.0,6.0,15.0,8.0,0.0,0.0,2.0,8.0,4.0,6.0,15.0,7.0,0.0,0.0,2.0,13.0,16.0,15.0,9.0,0.0,0.0,3
1340,0.0,0.0,7.0,15.0,13.0,1.0,0.0,0.0,0.0,8.0,13.0,6.0,15.0,4.0,0.0,0.0,0.0,2.0,1.0,13.0,13.0,0.0,0.0,0.0,0.0,0.0,2.0,15.0,11.0,1.0,0.0,0.0,0.0,0.0,0.0,1.0,12.0,12.0,1.0,0.0,0.0,0.0,0.0,0.0,1.0,10.0,8.0,0.0,0.0,0.0,8.0,4.0,5.0,14.0,9.0,0.0,0.0,0.0,7.0,13.0,13.0,9.0,0.0,0.0,3
1341,0.0,0.0,0.0,12.0,13.0,0.0,0.0,0.0,0.0,0.0,2.0,16.0,12.0,0.0,0.0,0.0,0.0,0.0,4.0,16.0,6.0,0.0,0.0,0.0,0.0,0.0,10.0,16.0,8.0,0.0,0.0,0.0,0.0,0.0,8.0,16.0,16.0,15.0,5.0,0.0,0.0,0.0,8.0,16.0,0.0,6.0,15.0,1.0,0.0,0.0,7.0,16.0,4.0,10.0,16.0,3.0,0.0,0.0,1.0,11.0,16.0,16.0,12.0,0.0,6
1343,0.0,0.0,1.0,7.0,10.0,3.0,0.0,0.0,0.0,0.0,8.0,16.0,16.0,12.0,0.0,0.0,0.0,0.0,8.0,16.0,16.0,12.0,0.0,0.0,0.0,0.0,10.0,16.0,16.0,5.0,0.0,0.0,0.0,0.0,7.0,16.0,16.0,1.0,0.0,0.0,0.0,0.0,14.0,16.0,15.0,1.0,0.0,0.0,0.0,0.0,12.0,16.0,16.0,1.0,0.0,0.0,0.0,0.0,1.0,9.0,12.0,9.0,0.0,0.0,1
1344,0.0,1.0,9.0,15.0,13.0,4.0,0.0,0.0,0.0,5.0,12.0,4.0,10.0,6.0,0.0,0.0,0.0,0.0,0.0,3.0,15.0,2.0,0.0,0.0,0.0,0.0,0.0,15.0,13.0,1.0,0.0,0.0,0.0,0.0,0.0,2.0,9.0,14.0,2.0,0.0,0.0,0.0,0.0,0.0,0.0,11.0,8.0,0.0,0.0,0.0,10.0,6.0,4.0,11.0,7.0,0.0,0.0,0.0,8.0,15.0,16.0,9.0,1.0,0.0,3
1346,0.0,0.0,0.0,8.0,13.0,0.0,0.0,0.0,0.0,0.0,1.0,16.0,16.0,0.0,0.0,0.0,0.0,0.0,7.0,16.0,16.0,0.0,0.0,0.0,0.0,1.0,15.0,16.0,16.0,0.0,0.0,0.0,0.0,6.0,16.0,15.0,16.0,9.0,2.0,0.0,0.0,6.0,15.0,16.0,16.0,16.0,11.0,0.0,0.0,0.0,0.0,11.0,16.0,0.0,0.0,0.0,0.0,0.0,0.0,10.0,14.0,0.0,0.0,0.0,4
1347,0.0,0.0,3.0,12.0,15.0,11.0,2.0,0.0,0.0,0.0,11.0,13.0,7.0,13.0,8.0,0.0,0.0,7.0,15.0,1.0,5.0,15.0,3.0,0.0,0.0,1.0,12.0,16.0,16.0,5.0,0.0,0.0,0.0,0.0,0.0,13.0,15.0,15.0,2.0,0.0,0.0,0.0,2.0,13.0,0.0,10.0,5.0,0.0,0.0,0.0,4.0,11.0,4.0,11.0,6.0,0.0,0.0,0.0,2.0,13.0,16.0,12.0,0.0,0.0,8
1349,0.0,0.0,0.0,1.0,9.0,16.0,7.0,0.0,0.0,0.0,4.0,13.0,16.0,16.0,2.0,0.0,0.0,8.0,16.0,15.0,13.0,16.0,3.0,0.0,0.0,3.0,7.0,0.0,8.0,16.0,2.0,0.0,0.0,0.0,0.0,0.0,8.0,16.0,5.0,0.0,0.0,0.0,0.0,0.0,8.0,16.0,4.0,0.0,0.0,0.0,0.0,0.0,8.0,16.0,8.0,0.0,0.0,0.0,0.0,0.0,12.0,16.0,7.0,0.0,1
1350,0.0,1.0,12.0,16.0,13.0,7.0,0.0,0.0,0.0,12.0,11.0,4.0,4.0,15.0,0.0,0.0,0.0,8.0,3.0,0.0,6.0,14.0,2.0,0.0,0.0,0.0,0.0,9.0,16.0,8.0,0.0,0.0,0.0,0.0,0.0,1.0,5.0,13.0,3.0,0.0,0.0,0.0,0.0,0.0,0.0,7.0,8.0,0.0,0.0,0.0,0.0,0.0,0.0,9.0,10.0,0.0,0.0,0.0,10.0,10.0,13.0,14.0,1.0,0.0,3
1351,0.0,0.0,6.0,14.0,10.0,0.0,0.0,0.0,0.0,6.0,16.0,14.0,16.0,0.0,0.0,0.0,0.0,5.0,10.0,11.0,16.0,0.0,0.0,0.0,0.0,0.0,0.0,9.0,16.0,12.0,0.0,0.0,0.0,0.0,0.0,0.0,3.0,16.0,7.0,0.0,0.0,4.0,6.0,0.0,3.0,16.0,8.0,0.0,0.0,5.0,15.0,9.0,16.0,13.0,1.0,0.0,0.0,0.0,9.0,15.0,8.0,0.0,0.0,0.0,3
1352,0.0,0.0,5.0,16.0,8.0,0.0,0.0,0.0,0.0,0.0,10.0,5.0,12.0,6.0,0.0,0.0,0.0,4.0,14.0,0.0,2.0,13.0,0.0,0.0,0.0,4.0,10.0,0.0,0.0,9.0,8.0,0.0,0.0,5.0,8.0,0.0,0.0,8.0,8.0,0.0,0.0,2.0,11.0,0.0,0.0,9.0,6.0,0.0,0.0,0.0,15.0,6.0,8.0,15.0,1.0,0.0,0.0,0.0,4.0,13.0,12.0,3.0,0.0,0.0,0
1353,0.0,0.0,0.0,5.0,13.0,16.0,8.0,0.0,0.0,0.0,8.0,15.0,6.0,7.0,14.0,0.0,0.0,2.0,16.0,1.0,1.0,11.0,10.0,0.0,0.0,4.0,16.0,15.0,16.0,16.0,6.0,0.0,0.0,0.0,4.0,4.0,5.0,15.0,1.0,0.0,0.0,0.0,0.0,0.0,9.0,8.0,0.0,0.0,0.0,0.0,0.0,2.0,15.0,1.0,0.0,0.0,0.0,0.0,0.0,6.0,10.0,0.0,0.0,0.0,9
1354,0.0,0.0,10.0,13.0,2.0,0.0,0.0,0.0,0.0,0.0,12.0,16.0,10.0,0.0,0.0,0.0,0.0,0.0,7.0,14.0,16.0,0.0,0.0,0.0,0.0,0.0,0.0,2.0,16.0,1.0,0.0,0.0,0.0,0.0,0.0,2.0,16.0,1.0,0.0,0.0,0.0,0.0,4.0,8.0,15.0,0.0,0.0,0.0,0.0,0.0,16.0,16.0,16.0,13.0,11.0,0.0,0.0,0.0,8.0,14.0,8.0,11.0,14.0,1.0,2
1355,0.0,2.0,11.0,13.0,11.0,2.0,0.0,0.0,0.0,7.0,12.0,4.0,13.0,8.0,0.0,0.0,0.0,6.0,13.0,5.0,14.0,13.0,0.0,0.0,0.0,0.0,3.0,11.0,9.0,11.0,5.0,0.0,0.0,0.0,0.0,0.0,0.0,8.0,8.0,0.0,0.0,0.0,0.0,0.0,0.0,3.0,11.0,0.0,0.0,0.0,2.0,0.0,1.0,9.0,10.0,0.0,0.0,1.0,15.0,16.0,16.0,14.0,2.0,0.0,9
1356,0.0,0.0,4.0,9.0,12.0,16.0,8.0,0.0,0.0,0.0,15.0,15.0,8.0,8.0,2.0,0.0,0.0,4.0,16.0,11.0,4.0,1.0,0.0,0.0,0.0,8.0,16.0,16.0,16.0,14.0,0.0,0.0,0.0,0.0,11.0,9.0,8.0,16.0,0.0,0.0,0.0,0.0,0.0,0.0,7.0,16.0,0.0,0.0,0.0,0.0,0.0,8.0,16.0,12.0,0.0,0.0,0.0,0.0,3.0,13.0,9.0,1.0,0.0,0.0,5
1357,0.0,1.0,9.0,16.0,13.0,7.0,0.0,0.0,0.0,7.0,14.0,4.0,10.0,12.0,0.0,0.0,0.0,6.0,15.0,9.0,16.0,11.0,0.0,0.0,0.0,0.0,9.0,11.0,7.0,14.0,0.0,0.0,0.0,0.0,0.0,0.0,0.0,15.0,2.0,0.0,0.0,0.0,0.0,0.0,0.0,11.0,6.0,0.0,0.0,3.0,13.0,8.0,5.0,14.0,5.0,0.0,0.0,0.0,9.0,14.0,13.0,10.0,1.0,0.0,9
1358,0.0,0.0,0.0,7.0,11.0,0.0,0.0,0.0,0.0,0.0,1.0,16.0,10.0,0.0,0.0,0.0,0.0,0.0,7.0,11.0,0.0,0.0,0.0,0.0,0.0,0.0,11.0,8.0,1.0,1.0,0.0,0.0,0.0,0.0,12.0,16.0,16.0,15.0,5.0,0.0,0.0,0.0,14.0,11.0,0.0,1.0,15.0,0.0,0.0,0.0,6.0,11.0,1.0,3.0,14.0,2.0,0.0,0.0,0.0,8.0,16.0,16.0,7.0,0.0,6
1359,0.0,5.0,15.0,16.0,6.0,0.0,0.0,0.0,0.0,11.0,16.0,16.0,11.0,0.0,0.0,0.0,0.0,6.0,10.0,11.0,14.0,0.0,0.0,0.0,0.0,0.0,0.0,7.0,15.0,0.0,0.0,0.0,0.0,0.0,0.0,11.0,11.0,0.0,0.0,0.0,0.0,0.0,3.0,16.0,6.0,0.0,0.0,0.0,0.0,0.0,13.0,16.0,15.0,12.0,11.0,0.0,0.0,6.0,16.0,16.0,16.0,13.0,3.0,0.0,2
1360,0.0,0.0,0.0,9.0,16.0,9.0,0.0,0.0,0.0,0.0,3.0,15.0,5.0,16.0,0.0,0.0,0.0,0.0,7.0,12.0,7.0,12.0,0.0,0.0,0.0,0.0,1.0,16.0,16.0,5.0,0.0,0.0,0.0,0.0,2.0,16.0,14.0,1.0,0.0,0.0,0.0,3.0,16.0,8.0,9.0,11.0,0.0,0.0,0.0,0.0,12.0,13.0,4.0,12.0,8.0,0.0,0.0,0.0,0.0,8.0,14.0,16.0,14.0,0.0,8
1362,0.0,0.0,0.0,7.0,14.0,16.0,5.0,0.0,0.0,0.0,7.0,16.0,12.0,16.0,8.0,0.0,0.0,0.0,4.0,2.0,1.0,16.0,4.0,0.0,0.0,0.0,3.0,12.0,12.0,16.0,8.0,0.0,0.0,0.0,12.0,16.0,16.0,15.0,5.0,0.0,0.0,0.0,5.0,5.0,13.0,6.0,0.0,0.0,0.0,0.0,0.0,2.0,14.0,0.0,0.0,0.0,0.0,0.0,0.0,9.0,8.0,0.0,0.0,0.0,7
1363,0.0,0.0,5.0,15.0,12.0,8.0,0.0,0.0,0.0,0.0,13.0,16.0,10.0,13.0,3.0,0.0,0.0,5.0,16.0,9.0,0.0,8.0,4.0,0.0,0.0,4.0,13.0,1.0,0.0,4.0,8.0,0.0,0.0,4.0,8.0,0.0,0.0,8.0,4.0,0.0,0.0,1.0,14.0,0.0,0.0,11.0,3.0,0.0,0.0,0.0,12.0,9.0,9.0,15.0,0.0,0.0,0.0,0.0,4.0,14.0,15.0,4.0,0.0,0.0,0
1364,0.0,0.0,9.0,15.0,13.0,3.0,0.0,0.0,0.0,2.0,14.0,2.0,6.0,5.0,0.0,0.0,0.0,4.0,9.0,0.0,0.0,15.0,4.0,0.0,0.0,1.0,13.0,5.0,7.0,16.0,6.0,0.0,0.0,0.0,2.0,7.0,7.0,14.0,3.0,0.0,0.0,0.0,0.0,0.0,1.0,14.0,1.0,0.0,0.0,0.0,3.0,1.0,10.0,9.0,0.0,0.0,0.0,0.0,11.0,15.0,9.0,1.0,0.0,0.0,9
1365,0.0,0.0,12.0,14.0,6.0,0.0,0.0,0.0,0.0,2.0,16.0,7.0,13.0,10.0,0.0,0.0,0.0,0.0,16.0,2.0,1.0,13.0,4.0,0.0,0.0,0.0,9.0,13.0,8.0,16.0,2.0,0.0,0.0,0.0,6.0,16.0,16.0,13.0,0.0,0.0,0.0,0.0,0.0,2.0,3.0,16.0,0.0,0.0,0.0,0.0,1.0,6.0,13.0,10.0,0.0,0.0,0.0,0.0,13.0,9.0,8.0,2.0,0.0,0.0,9
1366,0.0,0.0,7.0,14.0,16.0,5.0,0.0,0.0,0.0,0.0,16.0,12.0,15.0,12.0,0.0,0.0,0.0,0.0,3.0,0.0,14.0,9.0,0.0,0.0,0.0,0.0,5.0,12.0,16.0,15.0,10.0,0.0,0.0,8.0,16.0,16.0,13.0,6.0,0.0,0.0,0.0,3.0,9.0,16.0,6.0,0.0,0.0,0.0,0.0,0.0,10.0,12.0,1.0,0.0,0.0,0.0,0.0,0.0,12.0,5.0,0.0,0.0,0.0,0.0,7
1367,0.0,0.0,5.0,12.0,13.0,2.0,0.0,0.0,0.0,3.0,16.0,14.0,16.0,13.0,1.0,0.0,0.0,4.0,16.0,9.0,16.0,12.0,1.0,0.0,0.0,1.0,9.0,16.0,15.0,1.0,0.0,0.0,0.0,1.0,13.0,16.0,16.0,5.0,0.0,0.0,0.0,3.0,16.0,5.0,12.0,16.0,0.0,0.0,0.0,3.0,15.0,7.0,14.0,12.0,0.0,0.0,0.0,0.0,6.0,16.0,13.0,3.0,0.0,0.0,8
1368,0.0,0.0,0.0,0.0,5.0,15.0,8.0,0.0,0.0,0.0,0.0,2.0,15.0,16.0,9.0,0.0,0.0,0.0,3.0,15.0,16.0,16.0,10.0,0.0,0.0,7.0,16.0,10.0,8.0,16.0,7.0,0.0,0.0,0.0,1.0,0.0,8.0,16.0,4.0,0.0,0.0,0.0,0.0,0.0,11.0,16.0,1.0,0.0,0.0,0.0,0.0,0.0,9.0,16.0,1.0,0.0,0.0,0.0,0.0,0.0,8.0,14.0,0.0,0.0,1
1370,0.0,4.0,16.0,15.0,1.0,0.0,0.0,0.0,0.0,6.0,14.0,16.0,4.0,0.0,0.0,0.0,0.0,0.0,0.0,16.0,8.0,0.0,0.0,0.0,0.0,0.0,3.0,16.0,6.0,0.0,0.0,0.0,0.0,0.0,6.0,16.0,1.0,0.0,0.0,0.0,0.0,0.0,13.0,11.0,0.0,0.0,0.0,0.0,0.0,3.0,16.0,16.0,12.0,10.0,5.0,0.0,0.0,3.0,16.0,16.0,16.0,16.0,8.0,0.0,2
1372,0.0,7.0,16.0,16.0,16.0,16.0,11.0,0.0,0.0,8.0,16.0,9.0,6.0,0.0,1.0,0.0,0.0,3.0,16.0,3.0,0.0,0.0,0.0,0.0,0.0,0.0,11.0,12.0,0.0,0.0,0.0,0.0,0.0,0.0,4.0,16.0,1.0,0.0,0.0,0.0,0.0,4.0,0.0,14.0,4.0,0.0,0.0,0.0,0.0,9.0,9.0,16.0,3.0,0.0,0.0,0.0,0.0,5.0,15.0,13.0,0.0,0.0,0.0,0.0,5
1373,0.0,0.0,5.0,15.0,12.0,4.0,0.0,0.0,0.0,2.0,15.0,8.0,11.0,16.0,4.0,0.0,0.0,8.0,9.0,0.0,6.0,16.0,4.0,0.0,0.0,8.0,8.0,0.0,2.0,10.0,8.0,0.0,0.0,8.0,7.0,0.0,0.0,13.0,5.0,0.0,0.0,2.0,14.0,0.0,0.0,16.0,2.0,0.0,0.0,0.0,14.0,8.0,11.0,10.0,0.0,0.0,0.0,0.0,4.0,13.0,14.0,0.0,0.0,0.0,0
1374,0.0,0.0,0.0,16.0,11.0,0.0,0.0,0.0,0.0,0.0,2.0,16.0,16.0,2.0,0.0,0.0,0.0,0.0,3.0,16.0,16.0,6.0,0.0,0.0,0.0,0.0,3.0,16.0,15.0,2.0,0.0,0.0,0.0,0.0,2.0,16.0,16.0,2.0,0.0,0.0,0.0,0.0,4.0,16.0,15.0,0.0,0.0,0.0,0.0,0.0,1.0,16.0,15.0,1.0,0.0,0.0,0.0,0.0,0.0,12.0,16.0,2.0,0.0,0.0,1
1375,0.0,0.0,11.0,10.0,0.0,0.0,0.0,0.0,0.0,0.0,13.0,15.0,0.0,0.0,0.0,0.0,0.0,0.0,12.0,16.0,5.0,0.0,0.0,0.0,0.0,1.0,15.0,16.0,5.0,0.0,0.0,0.0,0.0,0.0,3.0,13.0,10.0,0.0,0.0,0.0,0.0,0.0,0.0,10.0,14.0,0.0,0.0,0.0,0.0,0.0,5.0,11.0,16.0,9.0,5.0,1.0,0.0,0.0,12.0,16.0,16.0,16.0,16.0,12.0,1
1379,0.0,0.0,3.0,14.0,15.0,9.0,0.0,0.0,0.0,0.0,10.0,16.0,16.0,13.0,0.0,0.0,0.0,2.0,13.0,16.0,16.0,4.0,0.0,0.0,0.0,0.0,12.0,16.0,16.0,4.0,0.0,0.0,0.0,2.0,13.0,16.0,16.0,4.0,0.0,0.0,0.0,0.0,12.0,16.0,16.0,4.0,0.0,0.0,0.0,0.0,6.0,16.0,16.0,16.0,6.0,0.0,0.0,0.0,2.0,10.0,16.0,16.0,2.0,0.0,1
1380,0.0,0.0,0.0,3.0,9.0,16.0,16.0,2.0,0.0,0.0,4.0,16.0,13.0,11.0,16.0,1.0,0.0,0.0,3.0,5.0,0.0,6.0,13.0,0.0,0.0,0.0,0.0,2.0,7.0,14.0,9.0,0.0,0.0,0.0,4.0,16.0,16.0,15.0,3.0,0.0,0.0,0.0,9.0,8.0,11.0,12.0,0.0,0.0,0.0,0.0,0.0,0.0,12.0,4.0,0.0,0.0,0.0,0.0,0.0,2.0,15.0,1.0,0.0,0.0,7
1382,0.0,0.0,0.0,6.0,13.0,3.0,0.0,0.0,0.0,0.0,1.0,14.0,11.0,0.0,0.0,0.0,0.0,0.0,7.0,15.0,2.0,0.0,0.0,0.0,0.0,0.0,10.0,12.0,0.0,0.0,0.0,0.0,0.0,0.0,13.0,15.0,16.0,13.0,5.0,0.0,0.0,0.0,10.0,16.0,5.0,11.0,14.0,0.0,0.0,0.0,7.0,15.0,5.0,10.0,14.0,0.0,0.0,0.0,0.0,3.0,14.0,16.0,9.0,0.0,6
1383,0.0,0.0,0.0,12.0,10.0,0.0,0.0,0.0,0.0,0.0,4.0,16.0,5.0,0.0,0.0,0.0,0.0,0.0,15.0,7.0,2.0,14.0,1.0,0.0,0.0,6.0,16.0,2.0,9.0,16.0,11.0,0.0,0.0,9.0,14.0,9.0,16.0,15.0,6.0,0.0,0.0,5.0,16.0,16.0,16.0,1.0,0.0,0.0,0.0,0.0,2.0,11.0,13.0,0.0,0.0,0.0,0.0,0.0,0.0,12.0,13.0,0.0,0.0,0.0,4
1386,0.0,0.0,8.0,16.0,13.0,0.0,0.0,0.0,0.0,0.0,7.0,14.0,16.0,4.0,0.0,0.0,0.0,0.0,1.0,12.0,16.0,13.0,12.0,1.0,0.0,0.0,11.0,16.0,16.0,14.0,9.0,0.0,0.0,0.0,10.0,16.0,14.0,1.0,0.0,0.0,0.0,0.0,0.0,14.0,9.0,0.0,0.0,0.0,0.0,0.0,3.0,16.0,1.0,0.0,0.0,0.0,0.0,0.0,12.0,9.0,0.0,0.0,0.0,0.0,7
1388,0.0,0.0,0.0,12.0,16.0,1.0,0.0,0.0,0.0,0.0,4.0,16.0,11.0,0.0,0.0,0.0,0.0,0.0,12.0,15.0,1.0,0.0,0.0,0.0,0.0,0.0,15.0,13.0,8.0,4.0,0.0,0.0,0.0,3.0,16.0,15.0,11.0,15.0,7.0,0.0,0.0,2.0,15.0,10.0,0.0,4.0,15.0,3.0,0.0,0.0,8.0,12.0,4.0,6.0,16.0,5.0,0.0,0.0,1.0,11.0,16.0,16.0,13.0,0.0,6
1390,0.0,0.0,0.0,1.0,16.0,5.0,0.0,0.0,0.0,0.0,0.0,5.0,16.0,11.0,0.0,0.0,0.0,0.0,0.0,12.0,16.0,11.0,0.0,0.0,0.0,7.0,12.0,16.0,16.0,7.0,0.0,0.0,0.0,4.0,8.0,12.0,16.0,4.0,0.0,0.0,0.0,0.0,0.0,9.0,16.0,2.0,0.0,0.0,0.0,0.0,0.0,10.0,16.0,2.0,0.0,0.0,0.0,0.0,0.0,3.0,13.0,5.0,0.0,0.0,1
1391,0.0,0.0,2.0,13.0,16.0,13.0,4.0,0.0,0.0,0.0,9.0,11.0,9.0,16.0,7.0,0.0,0.0,2.0,15.0,2.0,2.0,15.0,2.0,0.0,0.0,3.0,3.0,0.0,8.0,13.0,2.0,0.0,0.0,0.0,1.0,13.0,16.0,16.0,10.0,0.0,0.0,0.0,0.0,11.0,13.0,5.0,1.0,0.0,0.0,0.0,0.0,11.0,6.0,0.0,0.0,0.0,0.0,0.0,3.0,15.0,2.0,0.0,0.0,0.0,7
1393,0.0,1.0,14.0,13.0,12.0,8.0,5.0,0.0,0.0,4.0,16.0,11.0,12.0,15.0,7.0,0.0,0.0,8.0,16.0,16.0,13.0,1.0,0.0,0.0,0.0,3.0,9.0,7.0,15.0,7.0,0.0,0.0,0.0,0.0,0.0,0.0,8.0,9.0,0.0,0.0,0.0,0.0,2.0,0.0,6.0,12.0,0.0,0.0,0.0,0.0,16.0,8.0,12.0,11.0,0.0,0.0,0.0,0.0,12.0,14.0,12.0,4.0,0.0,0.0,5
1395,0.0,0.0,0.0,6.0,13.0,8.0,0.0,0.0,0.0,0.0,7.0,16.0,8.0,4.0,0.0,0.0,0.0,3.0,15.0,2.0,0.0,0.0,0.0,0.0,0.0,6.0,12.0,4.0,0.0,0.0,0.0,0.0,0.0,4.0,16.0,13.0,13.0,3.0,0.0,0.0,0.0,2.0,15.0,2.0,5.0,14.0,0.0,0.0,0.0,0.0,9.0,10.0,2.0,15.0,0.0,0.0,0.0,0.0,0.0,8.0,15.0,12.0,0.0,0.0,6
1397,0.0,0.0,1.0,9.0,16.0,6.0,0.0,0.0,0.0,4.0,14.0,10.0,11.0,10.0,0.0,0.0,0.0,12.0,10.0,0.0,13.0,6.0,0.0,0.0,0.0,6.0,7.0,4.0,16.0,5.0,0.0,0.0,0.0,0.0,0.0,0.0,7.0,12.0,1.0,0.0,0.0,0.0,0.0,0.0,0.0,8.0,10.0,0.0,0.0,0.0,8.0,13.0,3.0,0.0,14.0,3.0,0.0,0.0,0.0,8.0,16.0,16.0,13.0,3.0,3
1399,0.0,0.0,0.0,10.0,11.0,0.0,0.0,0.0,0.0,0.0,0.0,14.0,14.0,0.0,0.0,0.0,0.0,0.0,4.0,16.0,3.0,0.0,0.0,0.0,0.0,0.0,6.0,16.0,10.0,2.0,0.0,0.0,0.0,0.0,12.0,16.0,12.0,11.0,5.0,0.0,0.0,0.0,11.0,7.0,3.0,2.0,14.0,0.0,0.0,0.0,6.0,13.0,0.0,4.0,13.0,0.0,0.0,0.0,0.0,9.0,16.0,15.0,5.0,0.0,6
1402,0.0,0.0,0.0,4.0,11.0,15.0,16.0,12.0,0.0,0.0,2.0,16.0,12.0,9.0,11.0,12.0,0.0,0.0,1.0,2.0,0.0,0.0,14.0,5.0,0.0,0.0,0.0,7.0,12.0,14.0,15.0,0.0,0.0,0.0,3.0,16.0,16.0,15.0,2.0,0.0,0.0,0.0,0.0,1.0,11.0,8.0,0.0,0.0,0.0,0.0,0.0,2.0,15.0,1.0,0.0,0.0,0.0,0.0,0.0,5.0,10.0,0.0,0.0,0.0,7
1403,0.0,0.0,0.0,11.0,8.0,0.0,0.0,0.0,0.0,0.0,8.0,15.0,2.0,0.0,2.0,1.0,0.0,2.0,16.0,5.0,0.0,4.0,16.0,3.0,0.0,5.0,16.0,8.0,11.0,16.0,9.0,0.0,0.0,4.0,15.0,14.0,13.0,16.0,2.0,0.0,0.0,0.0,0.0,0.0,10.0,10.0,0.0,0.0,0.0,0.0,0.0,3.0,16.0,3.0,0.0,0.0,0.0,0.0,0.0,9.0,11.0,0.0,0.0,0.0,4
1404,0.0,2.0,9.0,11.0,12.0,15.0,6.0,0.0,0.0,6.0,16.0,9.0,8.0,8.0,1.0,0.0,0.0,4.0,13.0,0.0,0.0,0.0,0.0,0.0,0.0,4.0,16.0,12.0,11.0,5.0,0.0,0.0,0.0,1.0,5.0,4.0,8.0,14.0,5.0,0.0,0.0,0.0,0.0,0.0,0.0,8.0,8.0,0.0,0.0,1.0,6.0,4.0,5.0,15.0,3.0,0.0,0.0,3.0,16.0,16.0,16.0,8.0,0.0,0.0,5
1405,0.0,0.0,9.0,16.0,16.0,7.0,0.0,0.0,0.0,13.0,15.0,9.0,12.0,15.0,0.0,0.0,0.0,5.0,4.0,0.0,13.0,13.0,0.0,0.0,0.0,0.0,0.0,11.0,16.0,5.0,0.0,0.0,0.0,0.0,0.0,11.0,16.0,10.0,3.0,0.0,0.0,0.0,0.0,0.0,4.0,12.0,13.0,0.0,0.0,0.0,7.0,1.0,1.0,12.0,14.0,0.0,0.0,0.0,9.0,16.0,16.0,14.0,5.0,0.0,3
1406,0.0,0.0,2.0,11.0,10.0,1.0,0.0,0.0,0.0,0.0,10.0,13.0,14.0,13.0,0.0,0.0,0.0,0.0,13.0,0.0,0.0,14.0,5.0,0.0,0.0,3.0,9.0,0.0,0.0,9.0,6.0,0.0,0.0,5.0,9.0,0.0,0.0,5.0,8.0,0.0,0.0,6.0,12.0,0.0,0.0,8.0,4.0,0.0,0.0,0.0,14.0,11.0,5.0,14.0,1.0,0.0,0.0,0.0,3.0,13.0,14.0,5.0,0.0,0.0,0
1408,0.0,2.0,13.0,16.0,4.0,0.0,0.0,0.0,0.0,12.0,12.0,12.0,15.0,0.0,0.0,0.0,0.0,5.0,2.0,7.0,14.0,0.0,0.0,0.0,0.0,0.0,3.0,15.0,15.0,7.0,0.0,0.0,0.0,0.0,4.0,12.0,12.0,16.0,3.0,0.0,0.0,0.0,0.0,0.0,0.0,15.0,7.0,0.0,0.0,3.0,16.0,8.0,9.0,16.0,6.0,0.0,0.0,1.0,11.0,12.0,14.0,9.0,0.0,0.0,3
1409,0.0,0.0,0.0,13.0,3.0,0.0,0.0,0.0,0.0,0.0,8.0,13.0,1.0,0.0,0.0,0.0,0.0,0.0,12.0,5.0,0.0,0.0,0.0,0.0,0.0,1.0,13.0,0.0,0.0,0.0,0.0,0.0,0.0,1.0,12.0,6.0,11.0,9.0,3.0,0.0,0.0,1.0,15.0,16.0,12.0,8.0,11.0,0.0,0.0,0.0,9.0,13.0,2.0,6.0,16.0,2.0,0.0,0.0,0.0,11.0,16.0,14.0,7.0,0.0,6
1410,0.0,0.0,0.0,0.0,15.0,9.0,0.0,0.0,0.0,0.0,0.0,8.0,16.0,5.0,0.0,0.0,0.0,0.0,1.0,16.0,16.0,5.0,0.0,0.0,0.0,0.0,11.0,16.0,16.0,1.0,1.0,0.0,0.0,6.0,16.0,16.0,16.0,15.0,9.0,0.0,0.0,7.0,15.0,16.0,16.0,10.0,1.0,0.0,0.0,0.0,1.0,7.0,16.0,1.0,0.0,0.0,0.0,0.0,0.0,1.0,15.0,5.0,0.0,0.0,4
1412,0.0,0.0,7.0,14.0,11.0,1.0,0.0,0.0,0.0,6.0,15.0,6.0,7.0,10.0,0.0,0.0,0.0,11.0,7.0,0.0,2.0,12.0,0.0,0.0,0.0,5.0,4.0,0.0,1.0,12.0,0.0,0.0,0.0,0.0,0.0,0.0,3.0,9.0,0.0,0.0,0.0,0.0,0.0,0.0,11.0,3.0,0.0,0.0,0.0,0.0,0.0,9.0,13.0,2.0,3.0,0.0,0.0,0.0,7.0,16.0,16.0,16.0,16.0,6.0,2
1413,0.0,0.0,0.0,1.0,15.0,5.0,0.0,0.0,0.0,0.0,0.0,12.0,16.0,0.0,0.0,0.0,0.0,0.0,7.0,16.0,16.0,3.0,0.0,0.0,0.0,5.0,16.0,8.0,16.0,8.0,3.0,0.0,0.0,11.0,16.0,12.0,16.0,16.0,12.0,0.0,0.0,11.0,16.0,15.0,16.0,7.0,2.0,0.0,0.0,1.0,4.0,2.0,16.0,0.0,0.0,0.0,0.0,0.0,0.0,2.0,14.0,0.0,0.0,0.0,4
1414,0.0,0.0,5.0,13.0,0.0,0.0,0.0,0.0,0.0,0.0,12.0,9.0,4.0,13.0,0.0,0.0,0.0,0.0,16.0,5.0,11.0,13.0,0.0,0.0,0.0,0.0,15.0,13.0,15.0,7.0,0.0,0.0,0.0,0.0,4.0,14.0,15.0,0.0,0.0,0.0,0.0,0.0,0.0,14.0,8.0,0.0,0.0,0.0,0.0,0.0,2.0,16.0,4.0,0.0,0.0,0.0,0.0,0.0,6.0,16.0,1.0,0.0,0.0,0.0,4
1415,0.0,0.0,2.0,11.0,16.0,4.0,0.0,0.0,0.0,0.0,12.0,9.0,11.0,15.0,1.0,0.0,0.0,0.0,2.0,0.0,4.0,16.0,0.0,0.0,0.0,0.0,0.0,2.0,8.0,15.0,1.0,0.0,0.0,4.0,16.0,16.0,16.0,15.0,7.0,0.0,0.0,3.0,6.0,4.0,16.0,3.0,0.0,0.0,0.0,0.0,0.0,6.0,11.0,0.0,0.0,0.0,0.0,0.0,0.0,12.0,7.0,0.0,0.0,0.0,7
1416,0.0,0.0,11.0,7.0,12.0,15.0,1.0,0.0,0.0,1.0,16.0,14.0,9.0,6.0,0.0,0.0,0.0,8.0,12.0,0.0,0.0,0.0,0.0,0.0,0.0,5.0,14.0,15.0,15.0,5.0,0.0,0.0,0.0,1.0,6.0,4.0,10.0,9.0,0.0,0.0,0.0,0.0,0.0,0.0,4.0,11.0,0.0,0.0,0.0,0.0,10.0,4.0,13.0,8.0,0.0,0.0,0.0,0.0,12.0,16.0,10.0,1.0,0.0,0.0,5
1417,0.0,0.0,0.0,0.0,5.0,15.0,6.0,0.0,0.0,0.0,0.0,4.0,15.0,16.0,4.0,0.0,0.0,3.0,11.0,16.0,10.0,16.0,4.0,0.0,0.0,4.0,11.0,3.0,0.0,16.0,4.0,0.0,0.0,0.0,0.0,0.0,1.0,16.0,4.0,0.0,0.0,0.0,0.0,0.0,3.0,16.0,3.0,0.0,0.0,0.0,0.0,0.0,5.0,16.0,4.0,0.0,0.0,0.0,0.0,0.0,6.0,15.0,4.0,0.0,1
1418,0.0,0.0,1.0,5.0,12.0,13.0,0.0,0.0,0.0,0.0,11.0,13.0,15.0,16.0,1.0,0.0,0.0,2.0,14.0,0.0,10.0,12.0,4.0,0.0,0.0,5.0,13.0,12.0,3.0,12.0,0.0,0.0,0.0,0.0,5.0,6.0,0.0,12.0,4.0,0.0,0.0,0.0,0.0,0.0,0.0,15.0,2.0,0.0,0.0,0.0,4.0,5.0,0.0,16.0,3.0,0.0,0.0,0.0,0.0,4.0,14.0,13.0,0.0,0.0,9
1419,0.0,0.0,0.0,8.0,15.0,0.0,0.0,0.0,0.0,0.0,5.0,16.0,6.0,0.0,0.0,0.0,0.0,1.0,14.0,10.0,0.0,7.0,7.0,0.0,0.0,5.0,16.0,3.0,1.0,16.0,7.0,0.0,0.0,8.0,16.0,11.0,13.0,16.0,3.0,0.0,0.0,1.0,11.0,15.0,16.0,13.0,3.0,0.0,0.0,0.0,0.0,7.0,16.0,1.0,0.0,0.0,0.0,0.0,0.0,12.0,10.0,0.0,0.0,0.0,4
1420,0.0,0.0,7.0,16.0,16.0,16.0,6.0,0.0,0.0,0.0,12.0,13.0,5.0,1.0,0.0,0.0,0.0,0.0,15.0,7.0,1.0,0.0,0.0,0.0,0.0,3.0,16.0,16.0,13.0,0.0,0.0,0.0,0.0,11.0,15.0,5.0,16.0,4.0,0.0,0.0,0.0,5.0,3.0,1.0,16.0,3.0,0.0,0.0,0.0,0.0,0.0,11.0,12.0,0.0,0.0,0.0,0.0,0.0,7.0,15.0,1.0,0.0,0.0,0.0,5
1421,0.0,0.0,0.0,16.0,12.0,1.0,0.0,0.0,0.0,0.0,6.0,16.0,14.0,7.0,0.0,0.0,0.0,0.0,14.0,15.0,1.0,11.0,0.0,0.0,0.0,0.0,16.0,15.0,0.0,14.0,1.0,0.0,0.0,1.0,16.0,10.0,0.0,14.0,2.0,0.0,0.0,0.0,15.0,13.0,3.0,15.0,3.0,0.0,0.0,0.0,9.0,16.0,16.0,15.0,0.0,0.0,0.0,0.0,0.0,13.0,16.0,8.0,0.0,0.0,0
1422,0.0,0.0,0.0,12.0,10.0,0.0,0.0,0.0,0.0,0.0,4.0,15.0,7.0,0.0,0.0,0.0,0.0,0.0,15.0,4.0,0.0,0.0,0.0,0.0,0.0,1.0,16.0,7.0,1.0,0.0,0.0,0.0,0.0,4.0,16.0,14.0,16.0,13.0,1.0,0.0,0.0,1.0,16.0,0.0,1.0,10.0,11.0,0.0,0.0,0.0,14.0,9.0,1.0,8.0,12.0,0.0,0.0,0.0,2.0,10.0,16.0,16.0,5.0,0.0,6
1423,0.0,0.0,1.0,13.0,14.0,1.0,0.0,0.0,0.0,1.0,11.0,16.0,10.0,12.0,0.0,0.0,0.0,6.0,16.0,15.0,0.0,13.0,3.0,0.0,0.0,7.0,14.0,5.0,0.0,8.0,9.0,0.0,0.0,6.0,13.0,0.0,0.0,8.0,11.0,0.0,0.0,4.0,15.0,0.0,1.0,14.0,9.0,0.0,0.0,0.0,14.0,8.0,12.0,16.0,3.0,0.0,0.0,0.0,3.0,15.0,15.0,4.0,0.0,0.0,0
1424,0.0,1.0,10.0,12.0,15.0,11.0,0.0,0.0,0.0,8.0,16.0,13.0,9.0,4.0,0.0,0.0,0.0,5.0,15.0,1.0,0.0,0.0,0.0,0.0,0.0,8.0,10.0,0.0,0.0,0.0,0.0,0.0,0.0,2.0,14.0,16.0,7.0,0.0,0.0,0.0,0.0,0.0,1.0,4.0,13.0,7.0,0.0,0.0,0.0,0.0,0.0,6.0,11.0,11.0,0.0,0.0,0.0,0.0,9.0,16.0,14.0,2.0,0.0,0.0,5
1425,0.0,0.0,5.0,13.0,14.0,5.0,0.0,0.0,0.0,2.0,15.0,6.0,11.0,15.0,1.0,0.0,0.0,1.0,16.0,5.0,8.0,16.0,4.0,0.0,0.0,0.0,4.0,12.0,9.0,13.0,8.0,0.0,0.0,0.0,0.0,0.0,0.0,8.0,8.0,0.0,0.0,0.0,0.0,0.0,0.0,11.0,7.0,0.0,0.0,0.0,7.0,7.0,5.0,15.0,2.0,0.0,0.0,0.0,5.0,15.0,16.0,7.0,0.0,0.0,9
1427,0.0,0.0,6.0,16.0,16.0,16.0,10.0,0.0,0.0,0.0,13.0,15.0,9.0,6.0,0.0,0.0,0.0,6.0,16.0,4.0,0.0,0.0,0.0,0.0,0.0,12.0,15.0,4.0,2.0,0.0,0.0,0.0,0.0,8.0,16.0,16.0,16.0,15.0,1.0,0.0,0.0,0.0,6.0,8.0,9.0,16.0,4.0,0.0,0.0,0.0,1.0,3.0,13.0,15.0,1.0,0.0,0.0,0.0,7.0,16.0,15.0,3.0,0.0,0.0,5
1428,0.0,0.0,0.0,1.0,7.0,15.0,11.0,0.0,0.0,0.0,0.0,11.0,8.0,3.0,13.0,0.0,0.0,0.0,10.0,6.0,2.0,12.0,11.0,0.0,0.0,1.0,16.0,12.0,16.0,16.0,7.0,0.0,0.0,2.0,16.0,14.0,7.0,12.0,2.0,0.0,0.0,0.0,0.0,0.0,3.0,11.0,0.0,0.0,0.0,0.0,0.0,0.0,7.0,9.0,0.0,0.0,0.0,0.0,0.0,0.0,9.0,6.0,0.0,0.0,9
1429,0.0,3.0,12.0,12.0,14.0,15.0,3.0,0.0,0.0,4.0,15.0,4.0,4.0,4.0,0.0,0.0,0.0,5.0,12.0,0.0,0.0,2.0,0.0,0.0,0.0,5.0,15.0,12.0,15.0,15.0,5.0,0.0,0.0,5.0,12.0,6.0,0.0,8.0,8.0,0.0,0.0,0.0,0.0,0.0,0.0,10.0,7.0,0.0,0.0,1.0,9.0,0.0,7.0,14.0,1.0,0.0,0.0,2.0,15.0,16.0,14.0,3.0,0.0,0.0,5
1430,0.0,0.0,9.0,16.0,16.0,13.0,2.0,0.0,0.0,2.0,15.0,2.0,3.0,3.0,0.0,0.0,0.0,7.0,9.0,0.0,1.0,4.0,0.0,0.0,0.0,8.0,12.0,7.0,13.0,14.0,7.0,0.0,0.0,6.0,16.0,8.0,0.0,5.0,8.0,0.0,0.0,1.0,3.0,0.0,0.0,9.0,6.0,0.0,0.0,0.0,3.0,4.0,1.0,15.0,0.0,0.0,0.0,0.0,7.0,16.0,12.0,7.0,0.0,0.0,5
1432,0.0,0.0,0.0,3.0,13.0,1.0,0.0,0.0,0.0,0.0,0.0,8.0,16.0,3.0,0.0,0.0,0.0,0.0,1.0,15.0,16.0,4.0,0.0,0.0,0.0,0.0,8.0,16.0,16.0,1.0,0.0,0.0,0.0,2.0,16.0,14.0,16.0,5.0,1.0,0.0,0.0,11.0,16.0,16.0,16.0,16.0,10.0,0.0,0.0,5.0,8.0,11.0,16.0,4.0,1.0,0.0,0.0,0.0,0.0,2.0,16.0,2.0,0.0,0.0,4
1433,0.0,0.0,6.0,16.0,4.0,0.0,0.0,0.0,0.0,0.0,4.0,16.0,9.0,0.0,0.0,0.0,0.0,0.0,7.0,16.0,12.0,0.0,0.0,0.0,0.0,0.0,13.0,16.0,15.0,0.0,0.0,0.0,0.0,0.0,13.0,15.0,16.0,2.0,0.0,0.0,0.0,0.0,1.0,2.0,15.0,8.0,0.0,0.0,0.0,0.0,6.0,9.0,14.0,15.0,13.0,7.0,0.0,0.0,5.0,15.0,16.0,16.0,15.0,3.0,1
1434,0.0,0.0,3.0,14.0,16.0,9.0,0.0,0.0,0.0,0.0,13.0,10.0,6.0,16.0,7.0,0.0,0.0,5.0,16.0,3.0,2.0,14.0,6.0,0.0,0.0,0.0,10.0,16.0,16.0,16.0,4.0,0.0,0.0,0.0,0.0,0.0,0.0,12.0,5.0,0.0,0.0,0.0,0.0,0.0,0.0,13.0,4.0,0.0,0.0,3.0,11.0,2.0,5.0,15.0,0.0,0.0,0.0,0.0,4.0,12.0,16.0,10.0,0.0,0.0,9
1435,0.0,0.0,6.0,15.0,6.0,0.0,0.0,0.0,0.0,0.0,14.0,11.0,13.0,4.0,0.0,0.0,0.0,0.0,11.0,7.0,7.0,13.0,0.0,0.0,0.0,0.0,5.0,16.0,16.0,16.0,1.0,0.0,0.0,0.0,0.0,0.0,0.0,14.0,7.0,0.0,0.0,0.0,0.0,0.0,0.0,10.0,13.0,0.0,0.0,0.0,2.0,11.0,0.0,11.0,12.0,0.0,0.0,0.0,5.0,16.0,14.0,9.0,4.0,0.0,9
1436,0.0,0.0,2.0,12.0,8.0,7.0,6.0,2.0,0.0,0.0,9.0,16.0,15.0,16.0,16.0,5.0,0.0,0.0,13.0,11.0,0.0,10.0,14.0,0.0,0.0,0.0,11.0,3.0,2.0,15.0,4.0,0.0,0.0,0.0,0.0,0.0,11.0,9.0,0.0,0.0,0.0,0.0,0.0,8.0,16.0,4.0,0.0,0.0,0.0,0.0,0.0,15.0,12.0,0.0,0.0,0.0,0.0,0.0,4.0,16.0,2.0,0.0,0.0,0.0,7
1437,0.0,0.0,5.0,16.0,15.0,4.0,0.0,0.0,0.0,3.0,15.0,13.0,13.0,12.0,0.0,0.0,0.0,7.0,14.0,1.0,0.0,16.0,5.0,0.0,0.0,12.0,9.0,0.0,1.0,11.0,10.0,0.0,0.0,10.0,10.0,0.0,0.0,7.0,13.0,0.0,0.0,6.0,15.0,0.0,0.0,8.0,12.0,0.0,0.0,1.0,14.0,7.0,6.0,15.0,11.0,0.0,0.0,0.0,5.0,15.0,16.0,14.0,3.0,0.0,0
1438,0.0,0.0,0.0,1.0,11.0,0.0,0.0,0.0,0.0,0.0,0.0,7.0,8.0,0.0,0.0,0.0,0.0,0.0,1.0,13.0,6.0,2.0,2.0,0.0,0.0,0.0,7.0,15.0,0.0,9.0,8.0,0.0,0.0,5.0,16.0,10.0,0.0,16.0,6.0,0.0,0.0,4.0,15.0,16.0,13.0,16.0,1.0,0.0,0.0,0.0,0.0,3.0,15.0,10.0,0.0,0.0,0.0,0.0,0.0,2.0,16.0,4.0,0.0,0.0,4
1439,0.0,0.0,9.0,12.0,12.0,12.0,6.0,0.0,0.0,1.0,14.0,6.0,4.0,4.0,2.0,0.0,0.0,4.0,15.0,12.0,9.0,1.0,0.0,0.0,0.0,4.0,15.0,8.0,11.0,11.0,0.0,0.0,0.0,0.0,1.0,0.0,0.0,14.0,4.0,0.0,0.0,0.0,0.0,0.0,0.0,10.0,8.0,0.0,0.0,0.0,10.0,1.0,0.0,8.0,8.0,0.0,0.0,0.0,9.0,16.0,16.0,15.0,4.0,0.0,5
1444,0.0,0.0,12.0,16.0,16.0,5.0,0.0,0.0,0.0,3.0,13.0,8.0,14.0,15.0,1.0,0.0,0.0,0.0,0.0,0.0,13.0,16.0,0.0,0.0,0.0,6.0,16.0,16.0,16.0,16.0,13.0,0.0,0.0,6.0,9.0,11.0,16.0,9.0,5.0,0.0,0.0,0.0,0.0,14.0,11.0,0.0,0.0,0.0,0.0,0.0,7.0,16.0,2.0,0.0,0.0,0.0,0.0,0.0,13.0,10.0,0.0,0.0,0.0,0.0,7
1446,0.0,0.0,10.0,16.0,15.0,1.0,0.0,0.0,0.0,0.0,16.0,12.0,5.0,0.0,0.0,0.0,0.0,2.0,16.0,9.0,4.0,0.0,0.0,0.0,0.0,4.0,16.0,16.0,16.0,14.0,2.0,0.0,0.0,1.0,10.0,4.0,1.0,16.0,4.0,0.0,0.0,0.0,0.0,0.0,2.0,16.0,7.0,0.0,0.0,0.0,7.0,8.0,14.0,16.0,3.0,0.0,0.0,0.0,6.0,13.0,10.0,4.0,0.0,0.0,5
1447,0.0,0.0,3.0,14.0,13.0,0.0,0.0,0.0,0.0,2.0,16.0,9.0,16.0,2.0,0.0,0.0,0.0,4.0,12.0,3.0,16.0,0.0,0.0,0.0,0.0,2.0,9.0,15.0,16.0,10.0,1.0,0.0,0.0,0.0,0.0,11.0,8.0,16.0,6.0,0.0,0.0,0.0,6.0,0.0,0.0,12.0,8.0,0.0,0.0,0.0,14.0,10.0,5.0,16.0,7.0,0.0,0.0,0.0,3.0,13.0,16.0,11.0,1.0,0.0,3
1448,0.0,0.0,2.0,13.0,1.0,0.0,0.0,0.0,0.0,0.0,0.0,15.0,6.0,0.0,0.0,0.0,0.0,0.0,0.0,15.0,10.0,0.0,0.0,0.0,0.0,0.0,0.0,13.0,16.0,1.0,0.0,0.0,0.0,0.0,0.0,6.0,15.0,6.0,0.0,0.0,0.0,0.0,0.0,0.0,12.0,9.0,0.0,0.0,0.0,0.0,5.0,12.0,14.0,16.0,9.0,2.0,0.0,0.0,2.0,12.0,12.0,12.0,13.0,8.0,1
1449,0.0,0.0,6.0,13.0,16.0,8.0,0.0,0.0,0.0,5.0,16.0,15.0,14.0,12.0,0.0,0.0,0.0,9.0,12.0,2.0,15.0,8.0,0.0,0.0,0.0,0.0,0.0,9.0,12.0,0.0,0.0,0.0,0.0,0.0,0.0,15.0,16.0,13.0,3.0,0.0,0.0,0.0,0.0,3.0,9.0,15.0,11.0,0.0,0.0,0.0,1.0,8.0,14.0,16.0,8.0,0.0,0.0,0.0,7.0,16.0,14.0,6.0,0.0,0.0,3
1450,0.0,0.0,4.0,10.0,11.0,4.0,0.0,0.0,0.0,1.0,11.0,16.0,16.0,14.0,0.0,0.0,0.0,4.0,16.0,16.0,16.0,12.0,0.0,0.0,0.0,4.0,16.0,16.0,16.0,7.0,0.0,0.0,0.0,4.0,16.0,16.0,16.0,8.0,0.0,0.0,0.0,4.0,16.0,16.0,16.0,7.0,0.0,0.0,0.0,3.0,15.0,16.0,16.0,12.0,0.0,0.0,0.0,0.0,5.0,12.0,12.0,12.0,1.0,0.0,1
1452,0.0,1.0,8.0,8.0,9.0,13.0,8.0,0.0,0.0,2.0,16.0,16.0,16.0,14.0,9.0,0.0,0.0,3.0,16.0,2.0,0.0,0.0,0.0,0.0,0.0,5.0,16.0,16.0,15.0,1.0,0.0,0.0,0.0,5.0,10.0,8.0,15.0,5.0,0.0,0.0,0.0,0.0,0.0,0.0,13.0,7.0,0.0,0.0,0.0,0.0,15.0,12.0,16.0,2.0,0.0,0.0,0.0,0.0,11.0,16.0,9.0,0.0,0.0,0.0,5
1454,0.0,0.0,0.0,16.0,11.0,1.0,0.0,0.0,0.0,0.0,13.0,16.0,10.0,9.0,0.0,0.0,0.0,2.0,16.0,11.0,1.0,14.0,2.0,0.0,0.0,3.0,16.0,1.0,0.0,8.0,7.0,0.0,0.0,4.0,13.0,0.0,0.0,8.0,9.0,0.0,0.0,3.0,16.0,1.0,0.0,10.0,9.0,0.0,0.0,0.0,10.0,8.0,3.0,16.0,4.0,0.0,0.0,0.0,1.0,11.0,16.0,13.0,1.0,0.0,0
1455,0.0,0.0,0.0,9.0,15.0,2.0,0.0,0.0,0.0,0.0,5.0,16.0,11.0,1.0,0.0,0.0,0.0,0.0,13.0,15.0,1.0,0.0,0.0,0.0,0.0,2.0,16.0,11.0,0.0,0.0,0.0,0.0,0.0,2.0,16.0,11.0,4.0,4.0,0.0,0.0,0.0,2.0,15.0,16.0,16.0,14.0,10.0,1.0,0.0,0.0,9.0,16.0,7.0,3.0,15.0,6.0,0.0,0.0,0.0,7.0,15.0,16.0,16.0,6.0,6
1457,0.0,0.0,9.0,16.0,10.0,2.0,0.0,0.0,0.0,0.0,16.0,14.0,11.0,10.0,0.0,0.0,0.0,1.0,16.0,9.0,12.0,15.0,0.0,0.0,0.0,0.0,7.0,15.0,16.0,16.0,8.0,0.0,0.0,0.0,0.0,10.0,6.0,16.0,10.0,0.0,0.0,0.0,0.0,0.0,1.0,15.0,9.0,0.0,0.0,0.0,0.0,1.0,7.0,16.0,8.0,0.0,0.0,0.0,6.0,16.0,16.0,14.0,1.0,0.0,9
1458,0.0,4.0,15.0,16.0,16.0,16.0,4.0,0.0,0.0,4.0,16.0,15.0,9.0,7.0,1.0,0.0,0.0,0.0,15.0,14.0,1.0,0.0,0.0,0.0,0.0,0.0,5.0,16.0,9.0,0.0,0.0,0.0,0.0,0.0,0.0,14.0,16.0,0.0,0.0,0.0,0.0,0.0,0.0,9.0,16.0,5.0,0.0,0.0,0.0,3.0,10.0,13.0,16.0,4.0,0.0,0.0,0.0,5.0,16.0,16.0,12.0,0.0,0.0,0.0,5
1459,0.0,3.0,12.0,15.0,16.0,16.0,3.0,0.0,0.0,6.0,16.0,9.0,9.0,16.0,6.0,0.0,0.0,0.0,3.0,0.0,11.0,15.0,1.0,0.0,0.0,0.0,0.0,4.0,16.0,7.0,0.0,0.0,0.0,0.0,0.0,7.0,16.0,4.0,0.0,0.0,0.0,0.0,0.0,0.0,13.0,11.0,0.0,0.0,0.0,0.0,4.0,5.0,15.0,14.0,0.0,0.0,0.0,3.0,16.0,16.0,15.0,6.0,0.0,0.0,3
1460,0.0,0.0,0.0,5.0,11.0,1.0,0.0,0.0,0.0,0.0,0.0,14.0,14.0,2.0,0.0,0.0,0.0,0.0,5.0,16.0,5.0,0.0,0.0,0.0,0.0,0.0,8.0,15.0,2.0,0.0,0.0,0.0,0.0,0.0,10.0,13.0,0.0,0.0,0.0,0.0,0.0,0.0,14.0,16.0,16.0,8.0,0.0,0.0,0.0,0.0,6.0,16.0,9.0,15.0,6.0,0.0,0.0,0.0,0.0,6.0,14.0,16.0,8.0,0.0,6
1462,0.0,0.0,6.0,15.0,9.0,0.0,0.0,0.0,0.0,0.0,11.0,16.0,16.0,13.0,0.0,0.0,0.0,0.0,10.0,16.0,16.0,16.0,7.0,0.0,0.0,1.0,16.0,8.0,0.0,11.0,8.0,0.0,0.0,7.0,14.0,1.0,0.0,10.0,8.0,0.0,0.0,8.0,12.0,0.0,0.0,13.0,4.0,0.0,0.0,5.0,16.0,8.0,9.0,13.0,0.0,0.0,0.0,0.0,6.0,12.0,13.0,5.0,0.0,0.0,0
1463,0.0,2.0,12.0,16.0,12.0,0.0,0.0,0.0,0.0,7.0,16.0,13.0,16.0,3.0,0.0,0.0,0.0,0.0,3.0,5.0,16.0,0.0,0.0,0.0,0.0,0.0,3.0,15.0,7.0,0.0,0.0,0.0,0.0,0.0,11.0,13.0,0.0,0.0,0.0,0.0,0.0,6.0,13.0,1.0,0.0,0.0,0.0,0.0,0.0,6.0,16.0,11.0,8.0,11.0,5.0,0.0,0.0,0.0,15.0,16.0,16.0,15.0,3.0,0.0,2
1465,0.0,0.0,5.0,16.0,14.0,1.0,0.0,0.0,0.0,0.0,14.0,14.0,14.0,9.0,0.0,0.0,0.0,1.0,15.0,6.0,1.0,12.0,1.0,0.0,0.0,3.0,16.0,1.0,0.0,10.0,4.0,0.0,0.0,5.0,16.0,5.0,0.0,11.0,2.0,0.0,0.0,2.0,16.0,2.0,3.0,16.0,0.0,0.0,0.0,0.0,11.0,13.0,14.0,12.0,0.0,0.0,0.0,0.0,3.0,15.0,15.0,5.0,0.0,0.0,0
1467,0.0,0.0,0.0,3.0,14.0,6.0,0.0,0.0,0.0,0.0,3.0,14.0,10.0,1.0,0.0,0.0,0.0,1.0,13.0,10.0,0.0,0.0,0.0,0.0,0.0,9.0,14.0,1.0,0.0,7.0,5.0,0.0,0.0,11.0,15.0,8.0,9.0,16.0,10.0,0.0,0.0,7.0,16.0,16.0,15.0,15.0,2.0,0.0,0.0,0.0,0.0,0.0,12.0,11.0,0.0,0.0,0.0,0.0,0.0,3.0,16.0,2.0,0.0,0.0,4
1469,0.0,0.0,11.0,7.0,0.0,0.0,0.0,0.0,0.0,5.0,16.0,3.0,2.0,14.0,3.0,0.0,0.0,9.0,15.0,0.0,12.0,15.0,0.0,0.0,0.0,6.0,16.0,15.0,16.0,5.0,0.0,0.0,0.0,0.0,6.0,15.0,11.0,0.0,0.0,0.0,0.0,0.0,1.0,16.0,4.0,0.0,0.0,0.0,0.0,0.0,9.0,12.0,0.0,0.0,0.0,0.0,0.0,0.0,13.0,10.0,0.0,0.0,0.0,0.0,4
1472,0.0,2.0,10.0,12.0,16.0,8.0,0.0,0.0,0.0,4.0,8.0,5.0,13.0,16.0,0.0,0.0,0.0,0.0,0.0,7.0,15.0,7.0,0.0,0.0,0.0,0.0,6.0,16.0,10.0,0.0,0.0,0.0,0.0,0.0,0.0,5.0,16.0,11.0,0.0,0.0,0.0,0.0,0.0,0.0,6.0,16.0,3.0,0.0,0.0,0.0,0.0,0.0,10.0,16.0,5.0,0.0,0.0,2.0,14.0,16.0,12.0,9.0,0.0,0.0,3
1473,0.0,0.0,7.0,11.0,3.0,1.0,0.0,0.0,0.0,1.0,14.0,16.0,13.0,13.0,0.0,0.0,0.0,3.0,16.0,12.0,1.0,6.0,6.0,0.0,0.0,4.0,10.0,4.0,0.0,4.0,8.0,0.0,0.0,8.0,8.0,0.0,0.0,11.0,5.0,0.0,0.0,7.0,9.0,0.0,2.0,14.0,0.0,0.0,0.0,1.0,12.0,4.0,12.0,10.0,0.0,0.0,0.0,0.0,6.0,14.0,9.0,0.0,0.0,0.0,0
1474,0.0,0.0,5.0,12.0,8.0,0.0,1.0,0.0,0.0,0.0,11.0,16.0,5.0,13.0,6.0,0.0,0.0,0.0,2.0,15.0,16.0,12.0,1.0,0.0,0.0,0.0,0.0,10.0,16.0,6.0,0.0,0.0,0.0,0.0,1.0,15.0,16.0,7.0,0.0,0.0,0.0,0.0,8.0,16.0,16.0,11.0,0.0,0.0,0.0,0.0,11.0,16.0,16.0,9.0,0.0,0.0,0.0,0.0,6.0,12.0,12.0,3.0,0.0,0.0,8
1475,0.0,0.0,10.0,16.0,16.0,4.0,0.0,0.0,0.0,9.0,16.0,11.0,14.0,8.0,0.0,0.0,0.0,13.0,8.0,0.0,14.0,6.0,0.0,0.0,0.0,0.0,0.0,1.0,16.0,4.0,0.0,0.0,0.0,0.0,0.0,8.0,13.0,0.0,0.0,0.0,0.0,0.0,1.0,14.0,7.0,0.0,0.0,0.0,0.0,0.0,12.0,16.0,9.0,12.0,6.0,0.0,0.0,1.0,14.0,16.0,16.0,16.0,14.0,0.0,2
1476,0.0,0.0,0.0,1.0,13.0,13.0,0.0,0.0,0.0,0.0,4.0,15.0,15.0,16.0,0.0,0.0,0.0,8.0,16.0,10.0,6.0,14.0,0.0,0.0,0.0,10.0,6.0,0.0,8.0,13.0,0.0,0.0,0.0,0.0,0.0,0.0,10.0,13.0,0.0,0.0,0.0,0.0,0.0,0.0,13.0,9.0,0.0,0.0,0.0,0.0,0.0,0.0,14.0,7.0,0.0,0.0,0.0,0.0,0.0,0.0,16.0,7.0,0.0,0.0,1
1477,0.0,0.0,8.0,6.0,0.0,0.0,0.0,0.0,0.0,0.0,6.0,14.0,0.0,0.0,0.0,0.0,0.0,0.0,6.0,16.0,3.0,0.0,0.0,0.0,0.0,0.0,10.0,16.0,9.0,0.0,0.0,0.0,0.0,0.0,1.0,6.0,16.0,2.0,0.0,0.0,0.0,0.0,0.0,0.0,13.0,7.0,0.0,0.0,0.0,0.0,4.0,8.0,14.0,14.0,8.0,4.0,0.0,0.0,9.0,16.0,16.0,16.0,16.0,13.0,1
1479,0.0,2.0,16.0,12.0,12.0,14.0,7.0,0.0,0.0,3.0,16.0,9.0,8.0,8.0,4.0,0.0,0.0,2.0,16.0,10.0,4.0,0.0,0.0,0.0,0.0,4.0,16.0,13.0,16.0,4.0,0.0,0.0,0.0,0.0,3.0,0.0,12.0,10.0,0.0,0.0,0.0,6.0,3.0,0.0,9.0,11.0,0.0,0.0,0.0,11.0,11.0,9.0,16.0,3.0,0.0,0.0,0.0,3.0,12.0,15.0,7.0,0.0,0.0,0.0,5
1480,0.0,0.0,0.0,1.0,7.0,12.0,14.0,1.0,0.0,0.0,1.0,13.0,8.0,4.0,13.0,0.0,0.0,0.0,10.0,16.0,9.0,15.0,11.0,0.0,0.0,1.0,16.0,15.0,15.0,16.0,3.0,0.0,0.0,0.0,11.0,9.0,3.0,14.0,0.0,0.0,0.0,0.0,0.0,0.0,5.0,9.0,0.0,0.0,0.0,0.0,0.0,0.0,7.0,8.0,0.0,0.0,0.0,0.0,0.0,0.0,8.0,6.0,0.0,0.0,9
1481,0.0,0.0,0.0,8.0,15.0,3.0,0.0,0.0,0.0,0.0,1.0,15.0,11.0,2.0,0.0,0.0,0.0,0.0,13.0,16.0,1.0,0.0,0.0,0.0,0.0,3.0,16.0,14.0,0.0,0.0,0.0,0.0,0.0,3.0,16.0,15.0,5.0,0.0,0.0,0.0,0.0,3.0,15.0,16.0,11.0,14.0,7.0,0.0,0.0,0.0,11.0,16.0,6.0,6.0,15.0,0.0,0.0,0.0,0.0,10.0,14.0,12.0,8.0,0.0,6
1482,0.0,0.0,8.0,12.0,13.0,1.0,0.0,0.0,0.0,5.0,12.0,2.0,6.0,13.0,0.0,0.0,0.0,11.0,5.0,0.0,6.0,12.0,0.0,0.0,0.0,7.0,10.0,4.0,13.0,15.0,0.0,0.0,0.0,1.0,11.0,12.0,7.0,12.0,4.0,0.0,0.0,0.0,0.0,0.0,0.0,4.0,9.0,0.0,0.0,0.0,10.0,5.0,0.0,3.0,13.0,0.0,0.0,0.0,6.0,12.0,16.0,13.0,10.0,0.0,9
1483,0.0,0.0,0.0,7.0,14.0,0.0,0.0,0.0,0.0,0.0,4.0,16.0,5.0,0.0,0.0,0.0,0.0,0.0,14.0,9.0,0.0,0.0,10.0,3.0,0.0,7.0,15.0,0.0,0.0,9.0,15.0,0.0,0.0,12.0,15.0,8.0,10.0,15.0,10.0,0.0,0.0,8.0,15.0,12.0,16.0,12.0,1.0,0.0,0.0,0.0,0.0,5.0,15.0,3.0,0.0,0.0,0.0,0.0,0.0,9.0,13.0,0.0,0.0,0.0,4
1484,0.0,0.0,8.0,12.0,16.0,16.0,4.0,0.0,0.0,0.0,15.0,6.0,10.0,5.0,0.0,0.0,0.0,4.0,12.0,2.0,8.0,6.0,0.0,0.0,0.0,8.0,14.0,14.0,8.0,13.0,5.0,0.0,0.0,3.0,7.0,0.0,0.0,8.0,8.0,0.0,0.0,0.0,0.0,0.0,0.0,12.0,2.0,0.0,0.0,0.0,5.0,2.0,5.0,12.0,0.0,0.0,0.0,0.0,7.0,15.0,15.0,2.0,0.0,0.0,5
1485,0.0,0.0,4.0,16.0,8.0,11.0,7.0,0.0,0.0,0.0,10.0,16.0,15.0,16.0,6.0,0.0,0.0,3.0,16.0,4.0,6.0,15.0,0.0,0.0,0.0,3.0,8.0,0.0,13.0,8.0,0.0,0.0,0.0,0.0,6.0,16.0,16.0,13.0,6.0,0.0,0.0,0.0,3.0,14.0,13.0,9.0,3.0,0.0,0.0,0.0,0.0,14.0,6.0,0.0,0.0,0.0,0.0,0.0,4.0,15.0,2.0,0.0,0.0,0.0,7
1486,0.0,1.0,9.0,16.0,16.0,12.0,1.0,0.0,0.0,0.0,7.0,8.0,10.0,16.0,9.0,0.0,0.0,0.0,0.0,0.0,9.0,16.0,4.0,0.0,0.0,0.0,5.0,13.0,13.0,3.0,0.0,0.0,0.0,0.0,13.0,16.0,8.0,0.0,0.0,0.0,0.0,0.0,0.0,11.0,16.0,8.0,0.0,0.0,0.0,0.0,3.0,5.0,14.0,15.0,0.0,0.0,0.0,0.0,10.0,16.0,11.0,4.0,0.0,0.0,3
1488,0.0,1.0,10.0,16.0,16.0,6.0,0.0,0.0,0.0,7.0,14.0,9.0,12.0,12.0,0.0,0.0,0.0,1.0,1.0,5.0,15.0,5.0,0.0,0.0,0.0,0.0,3.0,16.0,14.0,3.0,0.0,0.0,0.0,0.0,1.0,11.0,14.0,16.0,6.0,0.0,0.0,0.0,0.0,0.0,0.0,12.0,11.0,0.0,0.0,0.0,7.0,8.0,13.0,16.0,5.0,0.0,0.0,0.0,15.0,16.0,12.0,5.0,0.0,0.0,3
1490,0.0,0.0,7.0,13.0,16.0,7.0,0.0,0.0,0.0,2.0,16.0,6.0,5.0,12.0,1.0,0.0,0.0,4.0,12.0,0.0,1.0,16.0,4.0,0.0,0.0,1.0,12.0,12.0,13.0,16.0,3.0,0.0,0.0,0.0,0.0,4.0,8.0,13.0,0.0,0.0,0.0,0.0,0.0,0.0,4.0,13.0,0.0,0.0,0.0,0.0,8.0,3.0,10.0,10.0,0.0,0.0,0.0,0.0,6.0,15.0,15.0,3.0,0.0,0.0,9
1491,0.0,0.0,0.0,13.0,9.0,0.0,0.0,0.0,0.0,0.0,4.0,15.0,3.0,0.0,0.0,0.0,0.0,0.0,11.0,9.0,6.0,4.0,0.0,0.0,0.0,5.0,16.0,3.0,13.0,8.0,1.0,0.0,0.0,14.0,16.0,9.0,16.0,16.0,9.0,0.0,0.0,12.0,16.0,16.0,16.0,11.0,3.0,0.0,0.0,0.0,4.0,12.0,14.0,0.0,0.0,0.0,0.0,0.0,0.0,12.0,10.0,0.0,0.0,0.0,4
1492,0.0,0.0,6.0,12.0,11.0,0.0,0.0,0.0,0.0,0.0,12.0,16.0,15.0,0.0,0.0,0.0,0.0,0.0,13.0,16.0,14.0,2.0,0.0,0.0,0.0,1.0,15.0,16.0,11.0,2.0,0.0,0.0,0.0,0.0,9.0,16.0,10.0,0.0,0.0,0.0,0.0,0.0,9.0,16.0,14.0,5.0,0.0,0.0,0.0,0.0,10.0,16.0,16.0,14.0,0.0,0.0,0.0,0.0,4.0,11.0,12.0,8.0,0.0,0.0,1
1493,0.0,0.0,10.0,12.0,12.0,15.0,4.0,0.0,0.0,0.0,16.0,8.0,8.0,5.0,3.0,0.0,0.0,4.0,15.0,8.0,6.0,0.0,0.0,0.0,0.0,6.0,15.0,12.0,14.0,8.0,0.0,0.0,0.0,0.0,1.0,0.0,2.0,16.0,0.0,0.0,0.0,0.0,0.0,0.0,0.0,14.0,3.0,0.0,0.0,0.0,11.0,4.0,8.0,15.0,3.0,0.0,0.0,0.0,10.0,16.0,15.0,5.0,0.0,0.0,5
1495,0.0,0.0,0.0,11.0,14.0,0.0,0.0,0.0,0.0,0.0,10.0,16.0,4.0,0.0,0.0,0.0,0.0,1.0,15.0,11.0,0.0,0.0,0.0,0.0,0.0,3.0,16.0,12.0,8.0,2.0,0.0,0.0,0.0,7.0,16.0,16.0,12.0,14.0,3.0,0.0,0.0,4.0,16.0,8.0,0.0,10.0,9.0,0.0,0.0,1.0,12.0,15.0,9.0,14.0,10.0,0.0,0.0,0.0,2.0,10.0,13.0,11.0,1.0,0.0,6
1496,0.0,0.0,4.0,15.0,7.0,0.0,0.0,0.0,0.0,1.0,13.0,12.0,16.0,2.0,2.0,0.0,0.0,7.0,11.0,0.0,11.0,12.0,1.0,0.0,0.0,4.0,8.0,6.0,13.0,3.0,0.0,0.0,0.0,3.0,16.0,15.0,1.0,0.0,0.0,0.0,0.0,2.0,16.0,14.0,6.0,0.0,0.0,0.0,0.0,3.0,16.0,10.0,14.0,3.0,0.0,0.0,0.0,0.0,2.0,9.0,12.0,3.0,0.0,0.0,8
1497,0.0,0.0,0.0,9.0,15.0,1.0,0.0,0.0,0.0,0.0,10.0,13.0,4.0,0.0,0.0,0.0,0.0,2.0,15.0,1.0,0.0,0.0,0.0,0.0,0.0,5.0,11.0,4.0,4.0,0.0,0.0,0.0,0.0,4.0,16.0,16.0,16.0,16.0,4.0,0.0,0.0,0.0,16.0,2.0,0.0,10.0,8.0,0.0,0.0,0.0,8.0,12.0,4.0,13.0,7.0,0.0,0.0,0.0,1.0,9.0,16.0,11.0,1.0,0.0,6
1498,0.0,0.0,9.0,16.0,16.0,16.0,5.0,0.0,0.0,1.0,14.0,10.0,8.0,16.0,8.0,0.0,0.0,0.0,0.0,0.0,7.0,16.0,3.0,0.0,0.0,3.0,8.0,11.0,15.0,16.0,11.0,0.0,0.0,8.0,16.0,16.0,15.0,11.0,3.0,0.0,0.0,0.0,2.0,16.0,7.0,0.0,0.0,0.0,0.0,0.0,8.0,16.0,1.0,0.0,0.0,0.0,0.0,0.0,13.0,10.0,0.0,0.0,0.0,0.0,7
1499,0.0,0.0,1.0,11.0,16.0,16.0,10.0,0.0,0.0,0.0,13.0,14.0,8.0,12.0,11.0,0.0,0.0,0.0,4.0,0.0,0.0,13.0,4.0,0.0,0.0,0.0,0.0,0.0,3.0,15.0,0.0,0.0,0.0,0.0,2.0,15.0,16.0,16.0,9.0,0.0,0.0,0.0,3.0,13.0,16.0,8.0,1.0,0.0,0.0,0.0,0.0,7.0,10.0,0.0,0.0,0.0,0.0,0.0,0.0,13.0,3.0,0.0,0.0,0.0,7
1501,0.0,1.0,12.0,16.0,10.0,0.0,0.0,0.0,0.0,7.0,11.0,7.0,14.0,1.0,0.0,0.0,0.0,2.0,2.0,3.0,14.0,0.0,0.0,0.0,0.0,0.0,3.0,14.0,6.0,0.0,0.0,0.0,0.0,0.0,12.0,16.0,16.0,6.0,0.0,0.0,0.0,0.0,2.0,0.0,5.0,15.0,6.0,0.0,0.0,1.0,11.0,4.0,4.0,13.0,8.0,0.0,0.0,2.0,14.0,16.0,16.0,13.0,1.0,0.0,3
1502,0.0,0.0,0.0,3.0,15.0,7.0,0.0,0.0,0.0,0.0,0.0,13.0,14.0,3.0,0.0,0.0,0.0,0.0,6.0,15.0,2.0,6.0,6.0,0.0,0.0,2.0,15.0,4.0,0.0,15.0,8.0,0.0,0.0,8.0,12.0,0.0,4.0,16.0,1.0,0.0,0.0,11.0,14.0,12.0,16.0,10.0,0.0,0.0,0.0,2.0,8.0,7.0,15.0,4.0,0.0,0.0,0.0,0.0,0.0,3.0,16.0,2.0,0.0,0.0,4
1503,0.0,0.0,0.0,14.0,11.0,0.0,0.0,0.0,0.0,0.0,0.0,12.0,16.0,2.0,0.0,0.0,0.0,0.0,0.0,12.0,16.0,2.0,0.0,0.0,0.0,0.0,0.0,15.0,16.0,1.0,0.0,0.0,0.0,0.0,0.0,16.0,16.0,1.0,0.0,0.0,0.0,0.0,3.0,16.0,15.0,0.0,0.0,0.0,0.0,0.0,4.0,16.0,14.0,0.0,0.0,0.0,0.0,0.0,1.0,14.0,16.0,4.0,0.0,0.0,1
1504,0.0,0.0,0.0,11.0,16.0,8.0,0.0,0.0,0.0,0.0,6.0,16.0,13.0,3.0,0.0,0.0,0.0,0.0,8.0,16.0,8.0,0.0,0.0,0.0,0.0,0.0,13.0,16.0,2.0,0.0,0.0,0.0,0.0,0.0,15.0,16.0,5.0,0.0,0.0,0.0,0.0,2.0,16.0,16.0,16.0,5.0,0.0,0.0,0.0,1.0,10.0,16.0,16.0,14.0,0.0,0.0,0.0,0.0,0.0,12.0,16.0,15.0,0.0,0.0,6
1505,0.0,0.0,0.0,8.0,12.0,0.0,0.0,0.0,0.0,0.0,5.0,16.0,3.0,0.0,2.0,0.0,0.0,1.0,16.0,5.0,1.0,10.0,15.0,1.0,0.0,9.0,16.0,4.0,9.0,16.0,7.0,0.0,0.0,7.0,16.0,16.0,16.0,7.0,0.0,0.0,0.0,0.0,2.0,8.0,16.0,2.0,0.0,0.0,0.0,0.0,0.0,10.0,13.0,0.0,0.0,0.0,0.0,0.0,0.0,12.0,10.0,0.0,0.0,0.0,4
1507,0.0,0.0,0.0,9.0,15.0,12.0,1.0,0.0,0.0,1.0,11.0,12.0,5.0,15.0,4.0,0.0,0.0,6.0,14.0,0.0,0.0,13.0,7.0,0.0,0.0,5.0,16.0,12.0,12.0,16.0,4.0,0.0,0.0,0.0,3.0,8.0,14.0,8.0,0.0,0.0,0.0,0.0,0.0,2.0,15.0,1.0,0.0,0.0,0.0,0.0,0.0,9.0,10.0,0.0,0.0,0.0,0.0,0.0,0.0,10.0,9.0,0.0,0.0,0.0,9
1511,0.0,0.0,12.0,16.0,16.0,16.0,7.0,0.0,0.0,1.0,14.0,15.0,6.0,4.0,1.0,0.0,0.0,8.0,16.0,2.0,0.0,0.0,0.0,0.0,0.0,9.0,16.0,12.0,12.0,9.0,1.0,0.0,0.0,1.0,8.0,8.0,8.0,15.0,10.0,0.0,0.0,0.0,0.0,0.0,0.0,13.0,12.0,0.0,0.0,0.0,8.0,2.0,6.0,16.0,5.0,0.0,0.0,1.0,11.0,16.0,16.0,8.0,0.0,0.0,5
1512,0.0,0.0,9.0,13.0,7.0,0.0,0.0,0.0,0.0,0.0,12.0,16.0,16.0,2.0,0.0,0.0,0.0,0.0,12.0,13.0,16.0,6.0,0.0,0.0,0.0,0.0,6.0,16.0,16.0,14.0,0.0,0.0,0.0,0.0,0.0,0.0,2.0,16.0,3.0,0.0,0.0,0.0,0.0,0.0,0.0,9.0,10.0,0.0,0.0,0.0,3.0,7.0,12.0,14.0,16.0,2.0,0.0,0.0,7.0,12.0,12.0,12.0,11.0,0.0,9
1513,0.0,0.0,2.0,13.0,15.0,8.0,0.0,0.0,0.0,0.0,10.0,14.0,10.0,11.0,8.0,0.0,0.0,0.0,16.0,1.0,0.0,0.0,9.0,0.0,0.0,3.0,13.0,0.0,0.0,0.0,8.0,0.0,0.0,4.0,12.0,0.0,0.0,1.0,8.0,0.0,0.0,5.0,12.0,0.0,0.0,10.0,0.0,0.0,0.0,0.0,15.0,8.0,7.0,10.0,0.0,0.0,0.0,0.0,4.0,14.0,14.0,1.0,0.0,0.0,0
1514,0.0,0.0,14.0,16.0,16.0,16.0,2.0,0.0,0.0,7.0,16.0,5.0,1.0,0.0,0.0,0.0,0.0,14.0,13.0,7.0,3.0,0.0,0.0,0.0,0.0,4.0,12.0,13.0,16.0,9.0,0.0,0.0,0.0,0.0,0.0,0.0,6.0,15.0,0.0,0.0,0.0,0.0,0.0,0.0,9.0,14.0,0.0,0.0,0.0,0.0,5.0,14.0,16.0,3.0,0.0,0.0,0.0,1.0,15.0,11.0,4.0,0.0,0.0,0.0,5
1515,0.0,0.0,0.0,1.0,15.0,3.0,0.0,0.0,0.0,0.0,0.0,8.0,13.0,0.0,9.0,7.0,0.0,0.0,2.0,15.0,4.0,0.0,15.0,5.0,0.0,2.0,13.0,14.0,11.0,10.0,15.0,0.0,0.0,11.0,15.0,13.0,16.0,16.0,10.0,0.0,0.0,0.0,0.0,0.0,3.0,16.0,5.0,0.0,0.0,0.0,0.0,0.0,9.0,14.0,0.0,0.0,0.0,0.0,0.0,2.0,16.0,6.0,0.0,0.0,4
1516,0.0,0.0,8.0,14.0,1.0,0.0,0.0,0.0,0.0,0.0,7.0,16.0,3.0,0.0,0.0,0.0,0.0,0.0,6.0,16.0,6.0,0.0,0.0,0.0,0.0,0.0,6.0,16.0,9.0,0.0,0.0,0.0,0.0,0.0,2.0,16.0,14.0,0.0,0.0,0.0,0.0,0.0,0.0,8.0,16.0,3.0,0.0,0.0,0.0,0.0,12.0,12.0,16.0,16.0,12.0,4.0,0.0,0.0,7.0,16.0,16.0,16.0,12.0,5.0,1
1517,0.0,0.0,0.0,0.0,11.0,15.0,1.0,0.0,0.0,0.0,0.0,6.0,16.0,16.0,2.0,0.0,0.0,3.0,13.0,16.0,16.0,16.0,0.0,0.0,0.0,9.0,16.0,12.0,16.0,14.0,0.0,0.0,0.0,1.0,3.0,0.0,16.0,13.0,0.0,0.0,0.0,0.0,0.0,0.0,14.0,13.0,0.0,0.0,0.0,0.0,0.0,0.0,12.0,16.0,5.0,0.0,0.0,0.0,0.0,0.0,8.0,16.0,7.0,0.0,1
1519,0.0,0.0,0.0,12.0,13.0,0.0,0.0,0.0,0.0,0.0,5.0,16.0,8.0,0.0,0.0,0.0,0.0,0.0,13.0,16.0,3.0,0.0,0.0,0.0,0.0,0.0,14.0,13.0,0.0,0.0,0.0,0.0,0.0,0.0,15.0,12.0,7.0,2.0,0.0,0.0,0.0,0.0,13.0,16.0,13.0,16.0,3.0,0.0,0.0,0.0,7.0,16.0,11.0,15.0,8.0,0.0,0.0,0.0,1.0,9.0,15.0,11.0,3.0,0.0,6
1520,0.0,0.0,7.0,15.0,14.0,6.0,0.0,0.0,0.0,5.0,16.0,5.0,10.0,16.0,4.0,0.0,0.0,6.0,15.0,2.0,10.0,14.0,1.0,0.0,0.0,1.0,13.0,16.0,14.0,1.0,0.0,0.0,0.0,0.0,10.0,13.0,15.0,8.0,0.0,0.0,0.0,0.0,15.0,2.0,3.0,15.0,6.0,0.0,0.0,0.0,15.0,3.0,8.0,15.0,6.0,0.0,0.0,0.0,6.0,16.0,11.0,4.0,0.0,0.0,8
1522,0.0,0.0,7.0,12.0,13.0,4.0,0.0,0.0,0.0,0.0,16.0,6.0,6.0,2.0,0.0,0.0,0.0,4.0,13.0,7.0,8.0,2.0,0.0,0.0,0.0,7.0,16.0,10.0,10.0,14.0,1.0,0.0,0.0,2.0,2.0,0.0,0.0,10.0,6.0,0.0,0.0,0.0,0.0,0.0,0.0,8.0,8.0,0.0,0.0,0.0,11.0,1.0,0.0,10.0,8.0,0.0,0.0,0.0,8.0,15.0,15.0,15.0,2.0,0.0,5
1523,0.0,0.0,10.0,10.0,12.0,7.0,0.0,0.0,0.0,0.0,15.0,13.0,5.0,12.0,5.0,0.0,0.0,4.0,13.0,4.0,0.0,2.0,8.0,0.0,0.0,8.0,4.0,0.0,0.0,3.0,8.0,0.0,0.0,8.0,4.0,0.0,0.0,7.0,5.0,0.0,0.0,6.0,6.0,0.0,0.0,11.0,2.0,0.0,0.0,1.0,13.0,3.0,3.0,12.0,0.0,0.0,0.0,0.0,7.0,15.0,16.0,7.0,0.0,0.0,0
1524,0.0,0.0,2.0,10.0,10.0,11.0,0.0,0.0,0.0,0.0,10.0,9.0,9.0,16.0,0.0,0.0,0.0,0.0,14.0,0.0,6.0,15.0,0.0,0.0,0.0,0.0,11.0,14.0,9.0,16.0,1.0,0.0,0.0,0.0,0.0,0.0,0.0,13.0,3.0,0.0,0.0,0.0,0.0,0.0,0.0,12.0,3.0,0.0,0.0,10.0,9.0,5.0,0.0,15.0,1.0,0.0,0.0,0.0,2.0,14.0,16.0,13.0,0.0,0.0,9
1525,0.0,0.0,5.0,11.0,16.0,16.0,8.0,0.0,0.0,0.0,15.0,14.0,8.0,12.0,15.0,0.0,0.0,0.0,0.0,0.0,2.0,14.0,9.0,0.0,0.0,0.0,0.0,0.0,11.0,12.0,1.0,0.0,0.0,0.0,0.0,1.0,16.0,5.0,0.0,0.0,0.0,0.0,0.0,1.0,14.0,9.0,0.0,0.0,0.0,0.0,1.0,4.0,15.0,9.0,0.0,0.0,0.0,0.0,7.0,16.0,11.0,2.0,0.0,0.0,3
1526,0.0,0.0,7.0,8.0,12.0,6.0,0.0,0.0,0.0,1.0,14.0,11.0,12.0,15.0,0.0,0.0,0.0,3.0,15.0,0.0,0.0,10.0,5.0,0.0,0.0,4.0,9.0,0.0,0.0,8.0,4.0,0.0,0.0,8.0,8.0,0.0,0.0,13.0,0.0,0.0,0.0,7.0,9.0,0.0,9.0,11.0,0.0,0.0,0.0,2.0,14.0,10.0,14.0,5.0,0.0,0.0,0.0,0.0,9.0,15.0,6.0,0.0,0.0,0.0,0
1527,0.0,0.0,6.0,15.0,15.0,1.0,0.0,0.0,0.0,4.0,16.0,13.0,16.0,4.0,0.0,0.0,0.0,10.0,11.0,2.0,16.0,2.0,0.0,0.0,0.0,1.0,1.0,10.0,14.0,0.0,0.0,0.0,0.0,0.0,1.0,14.0,6.0,0.0,0.0,0.0,0.0,0.0,6.0,14.0,1.0,12.0,9.0,0.0,0.0,0.0,11.0,15.0,14.0,16.0,9.0,0.0,0.0,0.0,8.0,16.0,12.0,5.0,0.0,0.0,2
1529,0.0,0.0,13.0,16.0,16.0,5.0,0.0,0.0,0.0,5.0,15.0,6.0,11.0,13.0,0.0,0.0,0.0,0.0,2.0,2.0,13.0,8.0,0.0,0.0,0.0,0.0,4.0,16.0,15.0,2.0,0.0,0.0,0.0,0.0,3.0,11.0,15.0,16.0,5.0,0.0,0.0,0.0,0.0,0.0,2.0,15.0,11.0,0.0,0.0,0.0,3.0,4.0,9.0,16.0,6.0,0.0,0.0,0.0,15.0,16.0,16.0,10.0,0.0,0.0,3
1530,0.0,0.0,4.0,11.0,15.0,8.0,0.0,0.0,0.0,0.0,13.0,16.0,11.0,13.0,7.0,0.0,0.0,3.0,16.0,12.0,0.0,4.0,8.0,0.0,0.0,6.0,16.0,5.0,0.0,4.0,8.0,0.0,0.0,7.0,9.0,0.0,0.0,9.0,7.0,0.0,0.0,4.0,10.0,0.0,2.0,15.0,2.0,0.0,0.0,1.0,16.0,12.0,14.0,10.0,0.0,0.0,0.0,0.0,4.0,14.0,14.0,1.0,0.0,0.0,0
1531,0.0,0.0,0.0,2.0,9.0,16.0,10.0,0.0,0.0,0.0,7.0,15.0,8.0,7.0,12.0,0.0,0.0,1.0,15.0,3.0,0.0,11.0,12.0,0.0,0.0,8.0,14.0,9.0,13.0,16.0,8.0,0.0,0.0,1.0,7.0,7.0,3.0,13.0,4.0,0.0,0.0,0.0,0.0,0.0,5.0,13.0,0.0,0.0,0.0,0.0,0.0,0.0,10.0,9.0,0.0,0.0,0.0,0.0,0.0,0.0,14.0,4.0,0.0,0.0,9
1532,0.0,1.0,13.0,16.0,16.0,11.0,0.0,0.0,0.0,10.0,16.0,7.0,0.0,0.0,0.0,0.0,0.0,5.0,15.0,4.0,0.0,0.0,0.0,0.0,0.0,2.0,16.0,14.0,5.0,0.0,0.0,0.0,0.0,3.0,15.0,16.0,16.0,3.0,0.0,0.0,0.0,0.0,1.0,0.0,11.0,11.0,0.0,0.0,0.0,0.0,1.0,5.0,15.0,9.0,0.0,0.0,0.0,0.0,13.0,16.0,13.0,1.0,0.0,0.0,5
1533,0.0,0.0,0.0,5.0,11.0,0.0,0.0,0.0,0.0,0.0,1.0,14.0,9.0,0.0,0.0,0.0,0.0,0.0,4.0,14.0,1.0,0.0,0.0,0.0,0.0,0.0,10.0,8.0,0.0,0.0,0.0,0.0,0.0,0.0,13.0,8.0,4.0,6.0,2.0,0.0,0.0,0.0,11.0,16.0,13.0,12.0,13.0,0.0,0.0,0.0,12.0,14.0,4.0,5.0,16.0,2.0,0.0,0.0,1.0,8.0,16.0,13.0,9.0,1.0,6
1534,0.0,4.0,16.0,15.0,1.0,0.0,0.0,0.0,0.0,8.0,14.0,16.0,4.0,0.0,0.0,0.0,0.0,5.0,8.0,16.0,4.0,0.0,0.0,0.0,0.0,0.0,0.0,12.0,8.0,0.0,0.0,0.0,0.0,0.0,1.0,15.0,7.0,0.0,0.0,0.0,0.0,0.0,5.0,16.0,3.0,6.0,9.0,0.0,0.0,3.0,15.0,15.0,8.0,13.0,15.0,0.0,0.0,4.0,15.0,16.0,16.0,16.0,7.0,0.0,2
1536,0.0,4.0,7.0,13.0,16.0,16.0,4.0,0.0,0.0,11.0,16.0,14.0,9.0,2.0,0.0,0.0,0.0,14.0,5.0,0.0,0.0,0.0,0.0,0.0,0.0,12.0,8.0,0.0,0.0,0.0,0.0,0.0,0.0,9.0,12.0,0.0,0.0,0.0,0.0,0.0,0.0,2.0,13.0,16.0,9.0,0.0,0.0,0.0,0.0,1.0,3.0,14.0,16.0,3.0,0.0,0.0,0.0,4.0,14.0,16.0,13.0,0.0,0.0,0.0,5
1537,0.0,0.0,4.0,12.0,16.0,8.0,0.0,0.0,0.0,5.0,16.0,11.0,10.0,16.0,4.0,0.0,0.0,8.0,13.0,0.0,1.0,13.0,4.0,0.0,0.0,3.0,16.0,13.0,15.0,13.0,3.0,0.0,0.0,0.0,9.0,16.0,16.0,7.0,0.0,0.0,0.0,0.0,14.0,7.0,5.0,15.0,6.0,0.0,0.0,0.0,10.0,12.0,7.0,13.0,10.0,0.0,0.0,0.0,3.0,13.0,13.0,10.0,1.0,0.0,8
1539,0.0,0.0,7.0,16.0,14.0,13.0,10.0,0.0,0.0,0.0,10.0,12.0,10.0,16.0,4.0,0.0,0.0,0.0,15.0,5.0,8.0,13.0,0.0,0.0,0.0,1.0,7.0,1.0,16.0,3.0,0.0,0.0,0.0,2.0,11.0,13.0,16.0,12.0,6.0,0.0,0.0,4.0,12.0,15.0,14.0,11.0,2.0,0.0,0.0,0.0,3.0,16.0,3.0,0.0,0.0,0.0,0.0,0.0,9.0,13.0,0.0,0.0,0.0,0.0,7
1540,0.0,0.0,5.0,16.0,16.0,16.0,16.0,11.0,0.0,0.0,6.0,9.0,5.0,5.0,15.0,8.0,0.0,0.0,0.0,0.0,0.0,9.0,11.0,1.0,0.0,0.0,0.0,3.0,6.0,16.0,3.0,0.0,0.0,0.0,5.0,16.0,16.0,16.0,7.0,0.0,0.0,0.0,4.0,8.0,16.0,4.0,1.0,0.0,0.0,0.0,1.0,13.0,10.0,0.0,0.0,0.0,0.0,0.0,3.0,16.0,2.0,0.0,0.0,0.0,7
1541,0.0,0.0,12.0,16.0,16.0,15.0,3.0,0.0,0.0,4.0,16.0,16.0,6.0,2.0,1.0,0.0,0.0,14.0,16.0,4.0,0.0,0.0,0.0,0.0,0.0,9.0,16.0,16.0,5.0,0.0,0.0,0.0,0.0,0.0,7.0,15.0,8.0,0.0,0.0,0.0,0.0,0.0,0.0,12.0,11.0,0.0,0.0,0.0,0.0,0.0,5.0,16.0,7.0,0.0,0.0,0.0,0.0,0.0,14.0,15.0,0.0,0.0,0.0,0.0,5
1542,0.0,0.0,1.0,14.0,8.0,0.0,0.0,0.0,0.0,0.0,8.0,16.0,4.0,0.0,0.0,0.0,0.0,1.0,16.0,9.0,0.0,1.0,5.0,0.0,0.0,8.0,16.0,5.0,1.0,12.0,15.0,0.0,0.0,10.0,16.0,12.0,11.0,16.0,6.0,0.0,0.0,3.0,14.0,16.0,16.0,8.0,0.0,0.0,0.0,0.0,0.0,11.0,16.0,1.0,0.0,0.0,0.0,0.0,0.0,13.0,14.0,0.0,0.0,0.0,4
1543,0.0,0.0,2.0,11.0,13.0,5.0,0.0,0.0,0.0,0.0,16.0,10.0,13.0,16.0,7.0,0.0,0.0,0.0,14.0,10.0,0.0,10.0,11.0,0.0,0.0,0.0,4.0,14.0,16.0,13.0,1.0,0.0,0.0,0.0,0.0,11.0,13.0,12.0,1.0,0.0,0.0,0.0,8.0,10.0,2.0,14.0,3.0,0.0,0.0,0.0,10.0,10.0,3.0,15.0,1.0,0.0,0.0,0.0,2.0,15.0,16.0,6.0,0.0,0.0,8
1544,0.0,0.0,1.0,11.0,12.0,13.0,14.0,5.0,0.0,0.0,7.0,15.0,11.0,10.0,16.0,6.0,0.0,0.0,10.0,7.0,0.0,2.0,16.0,2.0,0.0,1.0,16.0,1.0,0.0,12.0,8.0,0.0,0.0,2.0,11.0,0.0,4.0,14.0,1.0,0.0,0.0,0.0,0.0,1.0,14.0,4.0,0.0,0.0,0.0,0.0,0.0,8.0,14.0,0.0,0.0,0.0,0.0,0.0,0.0,15.0,7.0,0.0,0.0,0.0,7
1546,0.0,0.0,4.0,12.0,13.0,2.0,0.0,0.0,0.0,0.0,5.0,16.0,16.0,5.0,0.0,0.0,0.0,0.0,5.0,16.0,16.0,6.0,0.0,0.0,0.0,0.0,9.0,16.0,15.0,0.0,0.0,0.0,0.0,0.0,10.0,16.0,14.0,0.0,0.0,0.0,0.0,0.0,12.0,16.0,12.0,0.0,0.0,0.0,0.0,0.0,5.0,16.0,11.0,0.0,0.0,0.0,0.0,0.0,6.0,16.0,13.0,0.0,0.0,0.0,1
1549,0.0,0.0,3.0,13.0,15.0,1.0,0.0,0.0,0.0,4.0,15.0,14.0,15.0,10.0,0.0,0.0,0.0,13.0,13.0,2.0,13.0,9.0,0.0,0.0,0.0,14.0,10.0,0.0,15.0,9.0,0.0,0.0,0.0,1.0,1.0,2.0,16.0,4.0,0.0,0.0,0.0,0.0,0.0,9.0,15.0,1.0,0.0,0.0,0.0,0.0,2.0,15.0,16.0,16.0,16.0,6.0,0.0,0.0,2.0,15.0,16.0,10.0,12.0,4.0,2
1550,0.0,1.0,7.0,12.0,13.0,3.0,0.0,0.0,0.0,7.0,13.0,6.0,15.0,14.0,0.0,0.0,0.0,6.0,10.0,0.0,13.0,16.0,0.0,0.0,0.0,1.0,13.0,13.0,15.0,16.0,1.0,0.0,0.0,0.0,0.0,4.0,1.0,12.0,8.0,0.0,0.0,0.0,0.0,0.0,0.0,12.0,8.0,0.0,0.0,0.0,12.0,13.0,5.0,14.0,8.0,0.0,0.0,0.0,5.0,12.0,16.0,11.0,1.0,0.0,9
1551,0.0,0.0,0.0,11.0,8.0,0.0,0.0,0.0,0.0,0.0,5.0,16.0,7.0,0.0,0.0,0.0,0.0,0.0,10.0,14.0,0.0,0.0,0.0,0.0,0.0,0.0,12.0,9.0,1.0,3.0,0.0,0.0,0.0,0.0,14.0,14.0,15.0,16.0,7.0,0.0,0.0,0.0,10.0,16.0,15.0,12.0,12.0,0.0,0.0,0.0,6.0,16.0,13.0,14.0,12.0,0.0,0.0,0.0,0.0,9.0,15.0,15.0,3.0,0.0,6
1552,0.0,1.0,13.0,16.0,12.0,1.0,0.0,0.0,0.0,1.0,9.0,5.0,16.0,1.0,0.0,0.0,0.0,0.0,0.0,9.0,5.0,0.0,0.0,0.0,0.0,0.0,9.0,10.0,0.0,0.0,0.0,0.0,0.0,0.0,8.0,15.0,16.0,11.0,1.0,0.0,0.0,0.0,0.0,0.0,2.0,12.0,7.0,0.0,0.0,0.0,2.0,4.0,6.0,15.0,3.0,0.0,0.0,0.0,14.0,16.0,11.0,5.0,0.0,0.0,3
1553,0.0,0.0,2.0,12.0,16.0,10.0,0.0,0.0,0.0,3.0,15.0,10.0,7.0,16.0,4.0,0.0,0.0,9.0,8.0,0.0,11.0,10.0,0.0,0.0,0.0,3.0,15.0,11.0,14.0,1.0,0.0,0.0,0.0,0.0,10.0,16.0,9.0,0.0,0.0,0.0,0.0,0.0,14.0,7.0,13.0,4.0,0.0,0.0,0.0,0.0,9.0,7.0,6.0,10.0,0.0,0.0,0.0,0.0,1.0,12.0,16.0,5.0,0.0,0.0,8
1554,0.0,0.0,11.0,16.0,8.0,0.0,0.0,0.0,0.0,6.0,16.0,11.0,13.0,9.0,0.0,0.0,0.0,7.0,16.0,0.0,9.0,16.0,0.0,0.0,0.0,2.0,15.0,12.0,16.0,16.0,3.0,0.0,0.0,0.0,5.0,7.0,7.0,16.0,4.0,0.0,0.0,0.0,0.0,0.0,5.0,16.0,5.0,0.0,0.0,0.0,3.0,7.0,16.0,11.0,0.0,0.0,0.0,0.0,13.0,16.0,11.0,1.0,0.0,0.0,9
1555,0.0,1.0,5.0,12.0,16.0,14.0,2.0,0.0,0.0,8.0,16.0,16.0,16.0,16.0,3.0,0.0,0.0,6.0,9.0,2.0,12.0,12.0,0.0,0.0,0.0,0.0,0.0,5.0,16.0,8.0,0.0,0.0,0.0,0.0,0.0,1.0,13.0,16.0,9.0,0.0,0.0,0.0,0.0,0.0,1.0,14.0,10.0,0.0,0.0,0.0,1.0,11.0,15.0,15.0,5.0,0.0,0.0,0.0,6.0,16.0,12.0,5.0,0.0,0.0,3
1556,0.0,0.0,13.0,10.0,1.0,0.0,0.0,0.0,0.0,5.0,16.0,14.0,7.0,0.0,0.0,0.0,0.0,4.0,16.0,8.0,14.0,0.0,0.0,0.0,0.0,2.0,14.0,16.0,16.0,6.0,0.0,0.0,0.0,0.0,1.0,4.0,9.0,13.0,1.0,0.0,0.0,0.0,0.0,0.0,0.0,13.0,6.0,0.0,0.0,0.0,5.0,8.0,5.0,9.0,14.0,0.0,0.0,0.0,13.0,13.0,15.0,16.0,13.0,0.0,9
1557,0.0,0.0,2.0,14.0,14.0,0.0,0.0,0.0,0.0,0.0,1.0,15.0,16.0,2.0,0.0,0.0,0.0,0.0,0.0,14.0,16.0,3.0,0.0,0.0,0.0,0.0,0.0,10.0,16.0,5.0,0.0,0.0,0.0,0.0,0.0,12.0,14.0,1.0,0.0,0.0,0.0,0.0,0.0,13.0,13.0,0.0,0.0,0.0,0.0,0.0,1.0,16.0,11.0,0.0,0.0,0.0,0.0,0.0,2.0,15.0,12.0,0.0,0.0,0.0,1
1559,0.0,0.0,2.0,13.0,0.0,0.0,0.0,0.0,0.0,0.0,12.0,12.0,0.0,0.0,0.0,0.0,0.0,2.0,16.0,2.0,0.0,0.0,0.0,0.0,0.0,4.0,14.0,8.0,7.0,2.0,0.0,0.0,0.0,8.0,15.0,12.0,13.0,15.0,2.0,0.0,0.0,2.0,15.0,1.0,0.0,7.0,11.0,0.0,0.0,0.0,13.0,8.0,5.0,13.0,9.0,0.0,0.0,0.0,2.0,13.0,16.0,11.0,1.0,0.0,6
1560,0.0,0.0,1.0,9.0,15.0,1.0,0.0,0.0,0.0,0.0,9.0,14.0,4.0,0.0,0.0,0.0,0.0,0.0,16.0,3.0,0.0,0.0,0.0,0.0,0.0,6.0,13.0,0.0,0.0,0.0,0.0,0.0,0.0,4.0,14.0,12.0,16.0,13.0,3.0,0.0,0.0,2.0,15.0,13.0,4.0,3.0,13.0,0.0,0.0,0.0,9.0,8.0,2.0,4.0,16.0,1.0,0.0,0.0,0.0,9.0,12.0,12.0,8.0,0.0,6
1561,0.0,1.0,11.0,13.0,2.0,0.0,0.0,0.0,0.0,8.0,15.0,15.0,6.0,0.0,0.0,0.0,0.0,10.0,9.0,6.0,14.0,0.0,0.0,0.0,0.0,3.0,10.0,4.0,10.0,0.0,0.0,0.0,0.0,0.0,0.0,11.0,7.0,0.0,0.0,0.0,0.0,0.0,2.0,15.0,3.0,0.0,0.0,0.0,0.0,2.0,13.0,16.0,13.0,11.0,2.0,0.0,0.0,1.0,12.0,12.0,12.0,15.0,11.0,0.0,2
1562,0.0,0.0,3.0,12.0,16.0,9.0,0.0,0.0,0.0,0.0,12.0,9.0,13.0,16.0,9.0,0.0,0.0,3.0,16.0,5.0,0.0,8.0,12.0,0.0,0.0,0.0,9.0,16.0,10.0,13.0,2.0,0.0,0.0,0.0,0.0,4.0,16.0,12.0,0.0,0.0,0.0,0.0,0.0,11.0,9.0,16.0,0.0,0.0,0.0,0.0,1.0,15.0,2.0,12.0,0.0,0.0,0.0,0.0,2.0,16.0,16.0,6.0,0.0,0.0,8
1563,0.0,0.0,0.0,15.0,5.0,0.0,0.0,0.0,0.0,0.0,4.0,16.0,7.0,0.0,0.0,0.0,0.0,1.0,13.0,16.0,0.0,9.0,2.0,0.0,0.0,5.0,16.0,11.0,5.0,16.0,9.0,0.0,0.0,7.0,16.0,14.0,16.0,16.0,7.0,0.0,0.0,1.0,11.0,15.0,16.0,10.0,0.0,0.0,0.0,0.0,0.0,13.0,16.0,3.0,0.0,0.0,0.0,0.0,1.0,16.0,11.0,0.0,0.0,0.0,4
1564,0.0,0.0,7.0,15.0,16.0,15.0,0.0,0.0,0.0,2.0,15.0,2.0,5.0,16.0,1.0,0.0,0.0,0.0,0.0,0.0,10.0,13.0,0.0,0.0,0.0,0.0,0.0,3.0,14.0,11.0,2.0,0.0,0.0,0.0,6.0,16.0,16.0,16.0,8.0,0.0,0.0,0.0,5.0,13.0,7.0,0.0,0.0,0.0,0.0,0.0,3.0,15.0,1.0,0.0,0.0,0.0,0.0,0.0,10.0,12.0,0.0,0.0,0.0,0.0,7
1565,0.0,0.0,6.0,15.0,15.0,3.0,0.0,0.0,0.0,5.0,16.0,13.0,15.0,8.0,0.0,0.0,0.0,8.0,13.0,0.0,13.0,8.0,0.0,0.0,0.0,0.0,0.0,3.0,16.0,3.0,0.0,0.0,0.0,0.0,0.0,11.0,12.0,0.0,0.0,0.0,0.0,0.0,3.0,16.0,5.0,9.0,8.0,0.0,0.0,0.0,8.0,15.0,15.0,15.0,3.0,0.0,0.0,0.0,5.0,16.0,12.0,1.0,0.0,0.0,2
1566,0.0,0.0,0.0,10.0,11.0,0.0,0.0,0.0,0.0,0.0,9.0,16.0,6.0,0.0,0.0,0.0,0.0,0.0,15.0,13.0,0.0,0.0,0.0,0.0,0.0,0.0,14.0,10.0,0.0,0.0,0.0,0.0,0.0,1.0,15.0,12.0,8.0,2.0,0.0,0.0,0.0,0.0,12.0,16.0,16.0,16.0,10.0,1.0,0.0,0.0,7.0,16.0,12.0,12.0,16.0,4.0,0.0,0.0,0.0,9.0,15.0,12.0,5.0,0.0,6
1569,0.0,0.0,5.0,16.0,16.0,7.0,0.0,0.0,0.0,0.0,6.0,9.0,13.0,11.0,0.0,0.0,0.0,0.0,0.0,0.0,10.0,12.0,0.0,0.0,0.0,0.0,1.0,6.0,13.0,8.0,0.0,0.0,0.0,0.0,8.0,16.0,16.0,15.0,6.0,0.0,0.0,0.0,1.0,11.0,14.0,8.0,2.0,0.0,0.0,0.0,0.0,13.0,7.0,0.0,0.0,0.0,0.0,0.0,4.0,16.0,2.0,0.0,0.0,0.0,7
1570,0.0,0.0,13.0,16.0,16.0,16.0,13.0,0.0,0.0,4.0,16.0,9.0,8.0,5.0,4.0,0.0,0.0,9.0,15.0,7.0,8.0,2.0,0.0,0.0,0.0,11.0,16.0,16.0,14.0,15.0,1.0,0.0,0.0,1.0,3.0,0.0,4.0,16.0,4.0,0.0,0.0,0.0,0.0,0.0,8.0,14.0,0.0,0.0,0.0,0.0,11.0,8.0,16.0,6.0,0.0,0.0,0.0,1.0,15.0,16.0,10.0,0.0,0.0,0.0,5
1572,0.0,1.0,12.0,16.0,5.0,0.0,0.0,0.0,0.0,11.0,16.0,16.0,13.0,0.0,0.0,0.0,0.0,7.0,6.0,5.0,14.0,2.0,0.0,0.0,0.0,0.0,0.0,0.0,12.0,3.0,0.0,0.0,0.0,0.0,0.0,4.0,13.0,0.0,0.0,0.0,0.0,0.0,1.0,13.0,5.0,0.0,0.0,0.0,0.0,0.0,10.0,16.0,10.0,8.0,4.0,0.0,0.0,0.0,13.0,15.0,16.0,12.0,7.0,0.0,2
1573,0.0,0.0,1.0,11.0,12.0,9.0,5.0,0.0,0.0,0.0,14.0,6.0,1.0,15.0,10.0,0.0,0.0,2.0,12.0,4.0,12.0,7.0,10.0,0.0,0.0,1.0,13.0,12.0,3.0,4.0,8.0,0.0,0.0,0.0,0.0,0.0,0.0,4.0,8.0,0.0,0.0,0.0,3.0,4.0,0.0,7.0,6.0,0.0,0.0,0.0,12.0,7.0,3.0,11.0,0.0,0.0,0.0,0.0,3.0,13.0,15.0,3.0,0.0,0.0,9
1574,0.0,0.0,7.0,15.0,16.0,12.0,0.0,0.0,0.0,4.0,16.0,11.0,12.0,12.0,0.0,0.0,0.0,2.0,7.0,1.0,13.0,11.0,0.0,0.0,0.0,0.0,0.0,13.0,16.0,6.0,0.0,0.0,0.0,0.0,0.0,11.0,15.0,16.0,3.0,0.0,0.0,0.0,0.0,0.0,1.0,15.0,8.0,0.0,0.0,0.0,5.0,16.0,12.0,15.0,8.0,0.0,0.0,0.0,7.0,16.0,16.0,13.0,2.0,0.0,3
1575,0.0,1.0,12.0,16.0,16.0,16.0,12.0,0.0,0.0,9.0,16.0,13.0,6.0,8.0,5.0,0.0,0.0,8.0,16.0,15.0,3.0,0.0,0.0,0.0,0.0,0.0,4.0,14.0,11.0,0.0,0.0,0.0,0.0,0.0,0.0,12.0,12.0,0.0,0.0,0.0,0.0,0.0,0.0,12.0,13.0,0.0,0.0,0.0,0.0,0.0,3.0,15.0,11.0,0.0,0.0,0.0,0.0,0.0,12.0,13.0,2.0,0.0,0.0,0.0,5
1576,0.0,0.0,14.0,12.0,12.0,12.0,6.0,0.0,0.0,2.0,15.0,8.0,8.0,8.0,4.0,0.0,0.0,5.0,12.0,0.0,0.0,0.0,0.0,0.0,0.0,8.0,16.0,12.0,11.0,7.0,0.0,0.0,0.0,1.0,4.0,4.0,9.0,15.0,7.0,0.0,0.0,0.0,0.0,0.0,0.0,8.0,8.0,0.0,0.0,1.0,11.0,4.0,5.0,14.0,7.0,0.0,0.0,0.0,12.0,16.0,16.0,8.0,1.0,0.0,5
1577,0.0,0.0,4.0,14.0,16.0,14.0,1.0,0.0,0.0,2.0,14.0,16.0,16.0,8.0,0.0,0.0,0.0,4.0,16.0,16.0,14.0,3.0,0.0,0.0,0.0,4.0,16.0,16.0,10.0,0.0,0.0,0.0,0.0,0.0,12.0,13.0,12.0,0.0,0.0,0.0,0.0,1.0,14.0,16.0,15.0,3.0,0.0,0.0,0.0,0.0,10.0,16.0,16.0,12.0,0.0,0.0,0.0,0.0,2.0,9.0,15.0,16.0,8.0,0.0,1
1578,0.0,1.0,15.0,15.0,2.0,0.0,0.0,0.0,0.0,7.0,14.0,13.0,9.0,0.0,0.0,0.0,0.0,9.0,9.0,6.0,13.0,0.0,0.0,0.0,0.0,1.0,0.0,8.0,12.0,0.0,0.0,0.0,0.0,0.0,0.0,8.0,12.0,0.0,0.0,0.0,0.0,0.0,0.0,11.0,6.0,0.0,0.0,0.0,0.0,0.0,7.0,16.0,16.0,16.0,7.0,0.0,0.0,0.0,16.0,15.0,12.0,12.0,3.0,0.0,2
1580,0.0,0.0,0.0,1.0,9.0,16.0,9.0,0.0,0.0,0.0,1.0,11.0,13.0,14.0,12.0,1.0,0.0,1.0,15.0,13.0,4.0,16.0,16.0,3.0,0.0,2.0,16.0,16.0,16.0,15.0,12.0,0.0,0.0,0.0,7.0,8.0,4.0,14.0,5.0,0.0,0.0,0.0,0.0,0.0,5.0,14.0,0.0,0.0,0.0,0.0,0.0,0.0,8.0,9.0,0.0,0.0,0.0,0.0,0.0,0.0,12.0,6.0,0.0,0.0,9
1583,0.0,0.0,4.0,15.0,16.0,6.0,0.0,0.0,0.0,0.0,16.0,12.0,8.0,15.0,0.0,0.0,0.0,7.0,16.0,4.0,0.0,11.0,5.0,0.0,0.0,10.0,15.0,0.0,0.0,8.0,9.0,0.0,0.0,10.0,14.0,0.0,0.0,8.0,11.0,0.0,0.0,6.0,16.0,4.0,0.0,11.0,9.0,0.0,0.0,1.0,15.0,7.0,8.0,16.0,5.0,0.0,0.0,0.0,3.0,14.0,16.0,10.0,1.0,0.0,0
1584,0.0,0.0,2.0,11.0,15.0,2.0,0.0,0.0,0.0,0.0,12.0,6.0,11.0,9.0,0.0,0.0,0.0,4.0,11.0,0.0,7.0,16.0,0.0,0.0,0.0,5.0,6.0,0.0,1.0,16.0,6.0,0.0,0.0,5.0,4.0,0.0,0.0,10.0,7.0,0.0,0.0,0.0,10.0,0.0,0.0,10.0,5.0,0.0,0.0,0.0,13.0,2.0,6.0,12.0,0.0,0.0,0.0,0.0,4.0,16.0,12.0,1.0,0.0,0.0,0
1585,0.0,0.0,1.0,12.0,16.0,8.0,0.0,0.0,0.0,2.0,13.0,16.0,16.0,8.0,0.0,0.0,0.0,13.0,16.0,14.0,16.0,12.0,0.0,0.0,0.0,11.0,6.0,7.0,16.0,2.0,0.0,0.0,0.0,0.0,0.0,11.0,16.0,1.0,0.0,0.0,0.0,0.0,0.0,13.0,13.0,0.0,0.0,0.0,0.0,0.0,0.0,15.0,13.0,0.0,0.0,0.0,0.0,0.0,0.0,13.0,13.0,0.0,0.0,0.0,1
1586,0.0,0.0,0.0,12.0,13.0,5.0,0.0,0.0,0.0,0.0,0.0,11.0,16.0,9.0,0.0,0.0,0.0,0.0,3.0,15.0,16.0,6.0,0.0,0.0,0.0,7.0,15.0,16.0,16.0,2.0,0.0,0.0,0.0,0.0,1.0,16.0,16.0,3.0,0.0,0.0,0.0,0.0,1.0,16.0,16.0,6.0,0.0,0.0,0.0,0.0,1.0,16.0,16.0,6.0,0.0,0.0,0.0,0.0,0.0,11.0,16.0,10.0,0.0,0.0,1
1589,0.0,0.0,1.0,10.0,16.0,13.0,0.0,0.0,0.0,2.0,15.0,15.0,9.0,6.0,0.0,0.0,0.0,5.0,16.0,1.0,0.0,0.0,0.0,0.0,0.0,8.0,16.0,14.0,5.0,0.0,0.0,0.0,0.0,11.0,16.0,13.0,15.0,3.0,0.0,0.0,0.0,1.0,3.0,0.0,11.0,12.0,0.0,0.0,0.0,0.0,0.0,2.0,13.0,10.0,0.0,0.0,0.0,0.0,1.0,14.0,15.0,3.0,0.0,0.0,5
1590,0.0,0.0,15.0,16.0,11.0,3.0,0.0,0.0,0.0,0.0,4.0,10.0,15.0,15.0,3.0,0.0,0.0,0.0,0.0,0.0,14.0,16.0,5.0,0.0,0.0,0.0,0.0,5.0,16.0,12.0,0.0,0.0,0.0,0.0,0.0,3.0,16.0,11.0,1.0,0.0,0.0,0.0,0.0,2.0,13.0,16.0,9.0,0.0,0.0,0.0,6.0,15.0,16.0,12.0,3.0,0.0,0.0,0.0,15.0,14.0,7.0,1.0,0.0,0.0,3
1591,0.0,0.0,7.0,12.0,16.0,9.0,0.0,0.0,0.0,4.0,16.0,6.0,7.0,3.0,0.0,0.0,0.0,4.0,16.0,2.0,8.0,3.0,0.0,0.0,0.0,7.0,16.0,15.0,13.0,16.0,3.0,0.0,0.0,5.0,11.0,1.0,1.0,16.0,8.0,0.0,0.0,0.0,0.0,0.0,7.0,16.0,0.0,0.0,0.0,0.0,0.0,10.0,16.0,6.0,0.0,0.0,0.0,0.0,10.0,11.0,4.0,0.0,0.0,0.0,5
1592,0.0,0.0,6.0,14.0,16.0,15.0,1.0,0.0,0.0,9.0,16.0,12.0,9.0,16.0,3.0,0.0,0.0,12.0,16.0,11.0,14.0,13.0,0.0,0.0,0.0,7.0,15.0,16.0,14.0,0.0,0.0,0.0,0.0,0.0,2.0,8.0,16.0,5.0,0.0,0.0,0.0,0.0,0.0,6.0,16.0,4.0,0.0,0.0,0.0,0.0,2.0,13.0,12.0,0.0,0.0,0.0,0.0,0.0,9.0,16.0,1.0,0.0,0.0,0.0,9
1593,0.0,0.0,5.0,13.0,16.0,16.0,6.0,0.0,0.0,0.0,12.0,6.0,4.0,13.0,9.0,0.0,0.0,0.0,0.0,0.0,1.0,15.0,3.0,0.0,0.0,0.0,0.0,2.0,10.0,13.0,2.0,0.0,0.0,2.0,12.0,16.0,16.0,12.0,5.0,0.0,0.0,1.0,6.0,9.0,11.0,0.0,0.0,0.0,0.0,0.0,0.0,15.0,1.0,0.0,0.0,0.0,0.0,0.0,6.0,11.0,0.0,0.0,0.0,0.0,7
1594,0.0,0.0,2.0,14.0,8.0,0.0,0.0,0.0,0.0,3.0,14.0,10.0,16.0,1.0,0.0,0.0,0.0,11.0,8.0,2.0,15.0,0.0,0.0,0.0,0.0,9.0,8.0,1.0,13.0,0.0,0.0,0.0,0.0,1.0,3.0,6.0,10.0,0.0,0.0,0.0,0.0,0.0,0.0,9.0,7.0,0.0,0.0,0.0,0.0,0.0,0.0,14.0,9.0,4.0,7.0,3.0,0.0,0.0,1.0,14.0,16.0,16.0,13.0,8.0,2
1595,0.0,0.0,0.0,11.0,16.0,16.0,10.0,0.0,0.0,0.0,10.0,12.0,9.0,15.0,9.0,0.0,0.0,0.0,13.0,8.0,0.0,12.0,5.0,0.0,0.0,0.0,6.0,0.0,4.0,12.0,0.0,0.0,0.0,0.0,2.0,15.0,16.0,16.0,9.0,0.0,0.0,0.0,6.0,13.0,15.0,9.0,1.0,0.0,0.0,0.0,0.0,9.0,9.0,0.0,0.0,0.0,0.0,0.0,1.0,14.0,4.0,0.0,0.0,0.0,7
1596,0.0,2.0,12.0,14.0,3.0,0.0,0.0,0.0,0.0,7.0,16.0,1.0,0.0,4.0,1.0,0.0,0.0,0.0,13.0,16.0,16.0,15.0,1.0,0.0,0.0,0.0,7.0,16.0,14.0,1.0,0.0,0.0,0.0,0.0,15.0,14.0,16.0,0.0,0.0,0.0,0.0,2.0,16.0,1.0,15.0,7.0,0.0,0.0,0.0,5.0,16.0,6.0,15.0,7.0,0.0,0.0,0.0,1.0,16.0,14.0,9.0,0.0,0.0,0.0,8
1597,0.0,0.0,0.0,15.0,11.0,0.0,0.0,0.0,0.0,0.0,6.0,16.0,16.0,2.0,0.0,0.0,0.0,0.0,10.0,16.0,16.0,1.0,0.0,0.0,0.0,2.0,16.0,16.0,16.0,3.0,0.0,0.0,0.0,7.0,16.0,16.0,14.0,0.0,0.0,0.0,0.0,0.0,3.0,15.0,10.0,0.0,0.0,0.0,0.0,0.0,0.0,15.0,7.0,0.0,0.0,0.0,0.0,0.0,0.0,14.0,4.0,0.0,0.0,0.0,1
1598,0.0,0.0,10.0,16.0,11.0,0.0,0.0,0.0,0.0,8.0,15.0,10.0,15.0,2.0,0.0,0.0,0.0,11.0,11.0,2.0,16.0,5.0,0.0,0.0,0.0,7.0,5.0,6.0,16.0,3.0,0.0,0.0,0.0,0.0,1.0,15.0,10.0,0.0,0.0,0.0,0.0,0.0,10.0,16.0,2.0,0.0,0.0,0.0,0.0,0.0,12.0,14.0,8.0,10.0,5.0,0.0,0.0,0.0,12.0,16.0,16.0,16.0,15.0,0.0,2
1599,0.0,2.0,9.0,16.0,13.0,13.0,2.0,0.0,0.0,11.0,11.0,4.0,2.0,10.0,4.0,0.0,0.0,6.0,12.0,2.0,4.0,12.0,0.0,0.0,0.0,0.0,6.0,14.0,13.0,2.0,0.0,0.0,0.0,0.0,1.0,14.0,12.0,0.0,0.0,0.0,0.0,0.0,8.0,7.0,13.0,0.0,0.0,0.0,0.0,0.0,12.0,5.0,12.0,0.0,0.0,0.0,0.0,0.0,13.0,14.0,3.0,0.0,0.0,0.0,8
1600,0.0,0.0,11.0,16.0,7.0,0.0,0.0,0.0,0.0,1.0,16.0,11.0,15.0,0.0,0.0,0.0,0.0,2.0,16.0,5.0,16.0,4.0,0.0,0.0,0.0,0.0,2.0,2.0,16.0,3.0,0.0,0.0,0.0,0.0,0.0,5.0,16.0,0.0,0.0,0.0,0.0,0.0,0.0,9.0,14.0,0.0,0.0,0.0,0.0,0.0,9.0,16.0,14.0,7.0,6.0,0.0,0.0,0.0,13.0,14.0,14.0,16.0,16.0,6.0,2
1601,0.0,0.0,7.0,16.0,15.0,4.0,0.0,0.0,0.0,0.0,3.0,13.0,4.0,2.0,0.0,0.0,0.0,0.0,9.0,9.0,0.0,0.0,0.0,0.0,0.0,0.0,14.0,7.0,0.0,0.0,0.0,0.0,0.0,0.0,13.0,16.0,13.0,2.0,0.0,0.0,0.0,0.0,0.0,4.0,11.0,8.0,0.0,0.0,0.0,0.0,0.0,1.0,13.0,6.0,0.0,0.0,0.0,0.0,6.0,16.0,14.0,0.0,0.0,0.0,5
1603,0.0,4.0,16.0,16.0,16.0,16.0,5.0,0.0,0.0,11.0,16.0,8.0,5.0,8.0,3.0,0.0,0.0,10.0,16.0,2.0,0.0,0.0,0.0,0.0,0.0,3.0,16.0,6.0,0.0,0.0,0.0,0.0,0.0,0.0,16.0,9.0,0.0,0.0,0.0,0.0,0.0,0.0,12.0,16.0,2.0,0.0,0.0,0.0,0.0,0.0,6.0,16.0,11.0,0.0,0.0,0.0,0.0,4.0,16.0,12.0,1.0,0.0,0.0,0.0,5
1604,0.0,0.0,10.0,16.0,14.0,2.0,0.0,0.0,0.0,3.0,16.0,9.0,8.0,14.0,0.0,0.0,0.0,5.0,16.0,3.0,2.0,15.0,6.0,0.0,0.0,5.0,16.0,3.0,0.0,12.0,10.0,0.0,0.0,7.0,14.0,0.0,0.0,12.0,11.0,0.0,0.0,7.0,16.0,1.0,3.0,16.0,5.0,0.0,0.0,4.0,16.0,7.0,12.0,11.0,1.0,0.0,0.0,0.0,10.0,16.0,14.0,3.0,0.0,0.0,0
1605,0.0,0.0,6.0,15.0,5.0,0.0,0.0,0.0,0.0,1.0,15.0,15.0,15.0,3.0,0.0,0.0,0.0,2.0,16.0,6.0,11.0,14.0,0.0,0.0,0.0,0.0,15.0,14.0,15.0,16.0,1.0,0.0,0.0,0.0,3.0,8.0,10.0,16.0,5.0,0.0,0.0,0.0,0.0,0.0,3.0,16.0,8.0,0.0,0.0,0.0,0.0,4.0,10.0,16.0,8.0,0.0,0.0,0.0,7.0,12.0,13.0,12.0,1.0,0.0,9
1607,0.0,0.0,0.0,9.0,13.0,0.0,0.0,0.0,0.0,0.0,3.0,15.0,4.0,0.0,0.0,0.0,0.0,0.0,12.0,11.0,0.0,0.0,0.0,0.0,0.0,0.0,16.0,11.0,8.0,4.0,0.0,0.0,0.0,0.0,15.0,16.0,8.0,12.0,5.0,0.0,0.0,0.0,14.0,13.0,0.0,1.0,15.0,1.0,0.0,0.0,8.0,12.0,0.0,4.0,16.0,2.0,0.0,0.0,0.0,8.0,12.0,13.0,10.0,1.0,6
1608,0.0,3.0,16.0,16.0,14.0,7.0,1.0,0.0,0.0,1.0,9.0,9.0,15.0,16.0,4.0,0.0,0.0,0.0,0.0,7.0,16.0,12.0,1.0,0.0,0.0,0.0,0.0,9.0,16.0,2.0,0.0,0.0,0.0,0.0,0.0,3.0,15.0,7.0,0.0,0.0,0.0,0.0,0.0,0.0,9.0,15.0,0.0,0.0,0.0,1.0,10.0,10.0,16.0,16.0,3.0,0.0,0.0,2.0,13.0,16.0,12.0,5.0,0.0,0.0,3
1610,0.0,5.0,16.0,13.0,1.0,0.0,0.0,0.0,0.0,9.0,14.0,14.0,4.0,0.0,0.0,0.0,0.0,9.0,7.0,12.0,4.0,0.0,0.0,0.0,0.0,0.0,0.0,13.0,4.0,0.0,0.0,0.0,0.0,0.0,2.0,16.0,1.0,0.0,0.0,0.0,0.0,0.0,7.0,13.0,0.0,0.0,0.0,0.0,0.0,1.0,15.0,16.0,16.0,16.0,11.0,0.0,0.0,5.0,16.0,14.0,10.0,8.0,6.0,0.0,2
1611,0.0,0.0,9.0,16.0,16.0,12.0,2.0,0.0,0.0,3.0,13.0,5.0,4.0,14.0,5.0,0.0,0.0,0.0,0.0,0.0,7.0,15.0,2.0,0.0,0.0,0.0,0.0,5.0,16.0,11.0,0.0,0.0,0.0,0.0,0.0,0.0,8.0,16.0,7.0,0.0,0.0,0.0,0.0,0.0,0.0,13.0,8.0,0.0,0.0,0.0,4.0,5.0,5.0,15.0,4.0,0.0,0.0,0.0,12.0,16.0,15.0,5.0,0.0,0.0,3
1612,0.0,0.0,5.0,12.0,16.0,7.0,0.0,0.0,0.0,5.0,14.0,4.0,9.0,15.0,5.0,0.0,0.0,4.0,13.0,6.0,14.0,6.0,2.0,0.0,0.0,1.0,14.0,16.0,2.0,0.0,0.0,0.0,0.0,3.0,15.0,12.0,9.0,0.0,0.0,0.0,0.0,5.0,12.0,0.0,10.0,7.0,0.0,0.0,0.0,3.0,15.0,4.0,2.0,15.0,0.0,0.0,0.0,0.0,5.0,14.0,14.0,7.0,0.0,0.0,8
1613,0.0,0.0,2.0,15.0,12.0,0.0,0.0,0.0,0.0,0.0,9.0,16.0,5.0,0.0,2.0,0.0,0.0,2.0,15.0,10.0,0.0,11.0,16.0,1.0,0.0,10.0,16.0,4.0,6.0,16.0,10.0,0.0,0.0,6.0,16.0,16.0,16.0,15.0,1.0,0.0,0.0,0.0,6.0,13.0,16.0,4.0,0.0,0.0,0.0,0.0,0.0,15.0,13.0,0.0,0.0,0.0,0.0,0.0,6.0,16.0,5.0,0.0,0.0,0.0,4
1615,0.0,0.0,1.0,14.0,14.0,2.0,0.0,0.0,0.0,0.0,1.0,14.0,16.0,3.0,0.0,0.0,0.0,0.0,0.0,10.0,16.0,2.0,0.0,0.0,0.0,0.0,0.0,11.0,16.0,5.0,0.0,0.0,0.0,0.0,0.0,15.0,16.0,5.0,0.0,0.0,0.0,0.0,0.0,15.0,16.0,5.0,0.0,0.0,0.0,0.0,0.0,10.0,16.0,12.0,1.0,0.0,0.0,0.0,0.0,14.0,16.0,11.0,0.0,0.0,1
1616,0.0,0.0,1.0,10.0,0.0,0.0,0.0,0.0,0.0,0.0,7.0,12.0,0.0,0.0,0.0,0.0,0.0,0.0,12.0,7.0,0.0,0.0,0.0,0.0,0.0,0.0,14.0,3.0,0.0,0.0,0.0,0.0,0.0,0.0,15.0,9.0,12.0,10.0,2.0,0.0,0.0,0.0,16.0,13.0,8.0,8.0,11.0,0.0,0.0,0.0,13.0,10.0,4.0,9.0,15.0,0.0,0.0,0.0,3.0,10.0,15.0,9.0,2.0,0.0,6
1618,0.0,0.0,0.0,9.0,15.0,12.0,0.0,0.0,0.0,0.0,4.0,7.0,7.0,14.0,0.0,0.0,0.0,0.0,0.0,0.0,0.0,13.0,3.0,0.0,0.0,4.0,9.0,8.0,10.0,13.0,1.0,0.0,0.0,4.0,16.0,15.0,16.0,16.0,6.0,0.0,0.0,0.0,0.0,0.0,14.0,3.0,0.0,0.0,0.0,0.0,0.0,9.0,12.0,0.0,0.0,0.0,0.0,0.0,0.0,11.0,7.0,0.0,0.0,0.0,7
1621,0.0,0.0,0.0,6.0,14.0,3.0,0.0,0.0,0.0,0.0,5.0,15.0,7.0,1.0,0.0,0.0,0.0,0.0,10.0,10.0,0.0,0.0,0.0,0.0,0.0,0.0,12.0,5.0,0.0,0.0,0.0,0.0,0.0,0.0,14.0,16.0,16.0,11.0,2.0,0.0,0.0,2.0,16.0,13.0,3.0,8.0,12.0,0.0,0.0,0.0,8.0,15.0,5.0,4.0,16.0,2.0,0.0,0.0,0.0,4.0,14.0,16.0,13.0,0.0,6
1622,0.0,0.0,9.0,16.0,16.0,16.0,4.0,0.0,0.0,0.0,8.0,16.0,5.0,4.0,0.0,0.0,0.0,1.0,15.0,9.0,0.0,0.0,0.0,0.0,0.0,9.0,15.0,8.0,7.0,3.0,0.0,0.0,0.0,3.0,12.0,12.0,14.0,16.0,5.0,0.0,0.0,0.0,0.0,0.0,1.0,11.0,12.0,0.0,0.0,0.0,1.0,2.0,1.0,11.0,10.0,0.0,0.0,0.0,9.0,16.0,16.0,16.0,4.0,0.0,5
1623,0.0,0.0,0.0,12.0,14.0,1.0,0.0,0.0,0.0,0.0,9.0,16.0,10.0,5.0,0.0,0.0,0.0,0.0,8.0,13.0,5.0,14.0,0.0,0.0,0.0,0.0,2.0,14.0,16.0,16.0,4.0,0.0,0.0,0.0,0.0,0.0,4.0,10.0,10.0,0.0,0.0,0.0,0.0,0.0,0.0,4.0,16.0,0.0,0.0,0.0,2.0,6.0,4.0,9.0,16.0,0.0,0.0,0.0,1.0,11.0,16.0,15.0,7.0,0.0,9
1624,0.0,0.0,4.0,13.0,16.0,11.0,0.0,0.0,0.0,9.0,16.0,9.0,10.0,15.0,0.0,0.0,0.0,5.0,4.0,0.0,12.0,11.0,0.0,0.0,0.0,0.0,0.0,5.0,16.0,12.0,1.0,0.0,0.0,0.0,0.0,1.0,9.0,15.0,8.0,0.0,0.0,0.0,0.0,0.0,0.0,8.0,12.0,0.0,0.0,0.0,1.0,6.0,8.0,16.0,8.0,0.0,0.0,0.0,5.0,16.0,15.0,9.0,1.0,0.0,3
1625,0.0,0.0,6.0,13.0,10.0,4.0,0.0,0.0,0.0,4.0,16.0,15.0,13.0,13.0,0.0,0.0,0.0,4.0,16.0,14.0,16.0,16.0,1.0,0.0,0.0,2.0,10.0,16.0,16.0,16.0,5.0,0.0,0.0,0.0,0.0,0.0,3.0,16.0,5.0,0.0,0.0,0.0,0.0,0.0,0.0,16.0,8.0,0.0,0.0,0.0,0.0,2.0,8.0,16.0,8.0,0.0,0.0,0.0,7.0,16.0,14.0,9.0,1.0,0.0,9
1628,0.0,0.0,6.0,12.0,13.0,12.0,0.0,0.0,0.0,0.0,14.0,12.0,7.0,16.0,1.0,0.0,0.0,0.0,6.0,6.0,14.0,9.0,0.0,0.0,0.0,0.0,0.0,14.0,11.0,1.0,0.0,0.0,0.0,0.0,0.0,5.0,16.0,5.0,0.0,0.0,0.0,0.0,0.0,0.0,6.0,14.0,1.0,0.0,0.0,0.0,10.0,8.0,3.0,16.0,1.0,0.0,0.0,0.0,4.0,14.0,16.0,12.0,0.0,0.0,3
1629,0.0,0.0,0.0,9.0,8.0,0.0,0.0,0.0,0.0,0.0,1.0,16.0,2.0,0.0,0.0,0.0,0.0,0.0,6.0,14.0,0.0,0.0,0.0,0.0,0.0,0.0,9.0,11.0,0.0,3.0,0.0,0.0,0.0,0.0,13.0,8.0,13.0,13.0,10.0,0.0,0.0,0.0,12.0,16.0,8.0,0.0,13.0,1.0,0.0,0.0,6.0,16.0,5.0,9.0,13.0,0.0,0.0,0.0,0.0,8.0,15.0,14.0,4.0,0.0,6
1632,0.0,0.0,0.0,14.0,5.0,0.0,0.0,0.0,0.0,0.0,5.0,16.0,5.0,0.0,0.0,0.0,0.0,0.0,13.0,12.0,0.0,1.0,3.0,0.0,0.0,4.0,16.0,5.0,1.0,15.0,11.0,0.0,0.0,10.0,15.0,4.0,13.0,16.0,3.0,0.0,0.0,8.0,16.0,16.0,16.0,10.0,0.0,0.0,0.0,2.0,11.0,12.0,15.0,1.0,0.0,0.0,0.0,0.0,0.0,16.0,9.0,0.0,0.0,0.0,4
1633,0.0,2.0,14.0,16.0,16.0,13.0,5.0,0.0,0.0,7.0,16.0,13.0,8.0,8.0,1.0,0.0,0.0,10.0,15.0,0.0,0.0,0.0,0.0,0.0,0.0,10.0,16.0,0.0,0.0,0.0,0.0,0.0,0.0,7.0,16.0,6.0,0.0,0.0,0.0,0.0,0.0,1.0,12.0,16.0,8.0,0.0,0.0,0.0,0.0,1.0,8.0,16.0,10.0,0.0,0.0,0.0,0.0,3.0,16.0,15.0,1.0,0.0,0.0,0.0,5
1634,0.0,3.0,15.0,16.0,14.0,1.0,0.0,0.0,0.0,2.0,12.0,13.0,16.0,4.0,0.0,0.0,0.0,0.0,0.0,6.0,16.0,3.0,0.0,0.0,0.0,0.0,1.0,15.0,10.0,0.0,0.0,0.0,0.0,0.0,6.0,16.0,4.0,0.0,0.0,0.0,0.0,2.0,15.0,10.0,0.0,0.0,0.0,0.0,0.0,4.0,16.0,11.0,8.0,11.0,3.0,0.0,0.0,3.0,16.0,16.0,16.0,12.0,3.0,0.0,2
1635,0.0,0.0,7.0,13.0,8.0,4.0,0.0,0.0,0.0,1.0,15.0,11.0,9.0,15.0,2.0,0.0,0.0,4.0,16.0,6.0,0.0,8.0,7.0,0.0,0.0,4.0,10.0,0.0,0.0,7.0,8.0,0.0,0.0,4.0,10.0,0.0,0.0,8.0,8.0,0.0,0.0,5.0,12.0,0.0,0.0,12.0,5.0,0.0,0.0,3.0,15.0,5.0,9.0,14.0,2.0,0.0,0.0,0.0,8.0,14.0,12.0,3.0,0.0,0.0,0
1636,0.0,0.0,4.0,13.0,16.0,14.0,2.0,0.0,0.0,2.0,15.0,5.0,4.0,14.0,4.0,0.0,0.0,8.0,15.0,6.0,1.0,15.0,1.0,0.0,0.0,4.0,16.0,16.0,13.0,10.0,0.0,0.0,0.0,0.0,1.0,9.0,16.0,10.0,0.0,0.0,0.0,0.0,4.0,14.0,3.0,14.0,6.0,0.0,0.0,0.0,9.0,10.0,3.0,13.0,8.0,0.0,0.0,0.0,3.0,15.0,16.0,11.0,1.0,0.0,8
1637,0.0,0.0,0.0,1.0,11.0,12.0,0.0,0.0,0.0,0.0,0.0,9.0,13.0,1.0,0.0,0.0,0.0,0.0,8.0,15.0,3.0,0.0,0.0,0.0,0.0,2.0,16.0,6.0,1.0,5.0,2.0,0.0,0.0,12.0,13.0,8.0,13.0,16.0,9.0,0.0,0.0,16.0,16.0,13.0,11.0,16.0,6.0,0.0,0.0,3.0,4.0,0.0,11.0,14.0,0.0,0.0,0.0,0.0,0.0,1.0,16.0,12.0,0.0,0.0,4
1638,0.0,0.0,0.0,0.0,12.0,10.0,0.0,0.0,0.0,0.0,0.0,11.0,16.0,3.0,0.0,0.0,0.0,0.0,4.0,15.0,4.0,0.0,0.0,0.0,0.0,0.0,12.0,10.0,0.0,8.0,10.0,0.0,0.0,6.0,15.0,1.0,1.0,15.0,8.0,0.0,0.0,7.0,16.0,8.0,10.0,16.0,7.0,0.0,0.0,4.0,15.0,16.0,16.0,13.0,0.0,0.0,0.0,0.0,0.0,0.0,12.0,9.0,0.0,0.0,4
1639,0.0,1.0,13.0,16.0,16.0,8.0,0.0,0.0,0.0,11.0,13.0,4.0,13.0,7.0,0.0,0.0,0.0,7.0,1.0,7.0,16.0,1.0,0.0,0.0,0.0,0.0,5.0,16.0,15.0,9.0,0.0,0.0,0.0,0.0,3.0,6.0,8.0,15.0,8.0,0.0,0.0,0.0,6.0,1.0,0.0,7.0,13.0,0.0,0.0,4.0,16.0,5.0,2.0,13.0,10.0,0.0,0.0,1.0,12.0,16.0,16.0,11.0,1.0,0.0,3
1640,0.0,0.0,7.0,15.0,15.0,6.0,0.0,0.0,0.0,4.0,16.0,16.0,11.0,15.0,0.0,0.0,0.0,7.0,16.0,10.0,10.0,16.0,1.0,0.0,0.0,3.0,11.0,16.0,16.0,6.0,0.0,0.0,0.0,1.0,15.0,16.0,10.0,0.0,0.0,0.0,0.0,5.0,16.0,5.0,14.0,0.0,0.0,0.0,0.0,1.0,13.0,3.0,14.0,1.0,0.0,0.0,0.0,0.0,5.0,15.0,15.0,2.0,0.0,0.0,8
1641,0.0,0.0,9.0,16.0,15.0,3.0,0.0,0.0,0.0,7.0,15.0,7.0,16.0,7.0,0.0,0.0,0.0,2.0,2.0,0.0,16.0,2.0,0.0,0.0,0.0,0.0,0.0,6.0,15.0,0.0,0.0,0.0,0.0,0.0,0.0,13.0,10.0,0.0,0.0,0.0,0.0,0.0,3.0,16.0,3.0,3.0,5.0,0.0,0.0,0.0,11.0,14.0,10.0,16.0,6.0,0.0,0.0,0.0,11.0,16.0,13.0,5.0,0.0,0.0,2
1642,0.0,0.0,4.0,15.0,8.0,0.0,0.0,0.0,0.0,0.0,15.0,14.0,15.0,5.0,0.0,0.0,0.0,8.0,16.0,5.0,3.0,14.0,0.0,0.0,0.0,5.0,11.0,0.0,0.0,10.0,5.0,0.0,0.0,5.0,9.0,0.0,0.0,8.0,8.0,0.0,0.0,0.0,14.0,0.0,0.0,10.0,8.0,0.0,0.0,0.0,14.0,13.0,13.0,16.0,1.0,0.0,0.0,0.0,2.0,14.0,14.0,7.0,0.0,0.0,0
1643,0.0,0.0,14.0,16.0,14.0,6.0,0.0,0.0,0.0,0.0,7.0,10.0,16.0,16.0,3.0,0.0,0.0,0.0,0.0,5.0,16.0,16.0,1.0,0.0,0.0,0.0,0.0,2.0,16.0,8.0,0.0,0.0,0.0,0.0,0.0,0.0,12.0,13.0,1.0,0.0,0.0,0.0,0.0,0.0,4.0,16.0,7.0,0.0,0.0,0.0,5.0,9.0,14.0,16.0,7.0,0.0,0.0,0.0,13.0,16.0,16.0,10.0,1.0,0.0,3
1645,0.0,1.0,10.0,15.0,16.0,11.0,0.0,0.0,0.0,8.0,11.0,4.0,7.0,14.0,0.0,0.0,0.0,7.0,1.0,2.0,13.0,7.0,0.0,0.0,0.0,0.0,0.0,10.0,16.0,6.0,0.0,0.0,0.0,0.0,0.0,0.0,1.0,14.0,5.0,0.0,0.0,0.0,0.0,0.0,0.0,7.0,9.0,0.0,0.0,0.0,2.0,0.0,3.0,11.0,7.0,0.0,0.0,0.0,15.0,16.0,16.0,7.0,0.0,0.0,3
1646,0.0,0.0,2.0,13.0,13.0,1.0,0.0,0.0,0.0,0.0,12.0,16.0,9.0,0.0,0.0,0.0,0.0,0.0,16.0,11.0,0.0,0.0,0.0,0.0,0.0,4.0,16.0,8.0,0.0,0.0,0.0,0.0,0.0,6.0,16.0,9.0,3.0,0.0,0.0,0.0,0.0,3.0,16.0,14.0,12.0,13.0,4.0,0.0,0.0,0.0,14.0,10.0,0.0,10.0,15.0,0.0,0.0,0.0,2.0,12.0,16.0,13.0,7.0,0.0,6
1647,0.0,0.0,4.0,12.0,16.0,12.0,0.0,0.0,0.0,5.0,16.0,8.0,4.0,12.0,2.0,0.0,0.0,12.0,6.0,0.0,0.0,13.0,4.0,0.0,0.0,6.0,16.0,13.0,16.0,16.0,7.0,0.0,0.0,0.0,3.0,4.0,1.0,8.0,8.0,0.0,0.0,0.0,0.0,0.0,0.0,4.0,12.0,0.0,0.0,0.0,8.0,9.0,2.0,9.0,9.0,0.0,0.0,0.0,2.0,13.0,16.0,15.0,3.0,0.0,9
1649,0.0,0.0,10.0,13.0,1.0,0.0,0.0,0.0,0.0,0.0,7.0,16.0,5.0,0.0,0.0,0.0,0.0,0.0,6.0,16.0,6.0,0.0,0.0,0.0,0.0,0.0,6.0,16.0,13.0,0.0,0.0,0.0,0.0,0.0,0.0,6.0,16.0,2.0,0.0,0.0,0.0,0.0,0.0,3.0,16.0,8.0,0.0,0.0,0.0,0.0,7.0,11.0,16.0,14.0,9.0,4.0,0.0,0.0,6.0,15.0,13.0,14.0,16.0,15.0,1
1650,0.0,0.0,1.0,8.0,15.0,11.0,3.0,0.0,0.0,0.0,11.0,12.0,9.0,14.0,11.0,0.0,0.0,2.0,14.0,0.0,0.0,13.0,6.0,0.0,0.0,7.0,15.0,8.0,12.0,9.0,0.0,0.0,0.0,0.0,6.0,13.0,16.0,8.0,0.0,0.0,0.0,0.0,0.0,13.0,9.0,15.0,4.0,0.0,0.0,0.0,0.0,16.0,8.0,14.0,3.0,0.0,0.0,0.0,0.0,11.0,15.0,8.0,0.0,0.0,8
1651,0.0,0.0,0.0,9.0,13.0,0.0,0.0,0.0,0.0,0.0,3.0,15.0,6.0,12.0,0.0,0.0,0.0,1.0,12.0,8.0,5.0,14.0,0.0,0.0,0.0,6.0,14.0,0.0,12.0,7.0,0.0,0.0,0.0,14.0,6.0,2.0,16.0,9.0,5.0,0.0,0.0,16.0,13.0,13.0,16.0,15.0,4.0,0.0,1.0,15.0,16.0,16.0,12.0,2.0,0.0,0.0,0.0,3.0,3.0,13.0,4.0,0.0,0.0,0.0,4
1652,0.0,0.0,9.0,16.0,16.0,8.0,0.0,0.0,0.0,5.0,16.0,15.0,14.0,16.0,0.0,0.0,0.0,4.0,9.0,3.0,13.0,12.0,0.0,0.0,0.0,0.0,0.0,8.0,15.0,1.0,0.0,0.0,0.0,0.0,2.0,16.0,7.0,0.0,0.0,0.0,0.0,0.0,11.0,14.0,1.0,4.0,3.0,0.0,0.0,0.0,16.0,14.0,15.0,16.0,4.0,0.0,0.0,0.0,9.0,16.0,15.0,5.0,0.0,0.0,2
1653,0.0,4.0,15.0,14.0,11.0,2.0,0.0,0.0,0.0,7.0,10.0,1.0,11.0,11.0,0.0,0.0,0.0,1.0,13.0,4.0,13.0,16.0,2.0,0.0,0.0,0.0,3.0,11.0,7.0,9.0,6.0,0.0,0.0,0.0,0.0,0.0,0.0,5.0,8.0,0.0,0.0,0.0,0.0,0.0,0.0,5.0,8.0,0.0,0.0,3.0,12.0,0.0,3.0,13.0,5.0,0.0,0.0,2.0,13.0,16.0,16.0,8.0,0.0,0.0,9
1654,0.0,0.0,5.0,16.0,15.0,3.0,0.0,0.0,0.0,0.0,13.0,15.0,14.0,7.0,0.0,0.0,0.0,0.0,13.0,4.0,13.0,8.0,0.0,0.0,0.0,0.0,0.0,0.0,16.0,5.0,0.0,0.0,0.0,0.0,0.0,7.0,16.0,0.0,0.0,0.0,0.0,0.0,6.0,15.0,9.0,0.0,0.0,0.0,0.0,2.0,16.0,16.0,16.0,9.0,13.0,3.0,0.0,0.0,5.0,2.0,9.0,16.0,14.0,3.0,2
1655,0.0,0.0,2.0,10.0,16.0,4.0,0.0,0.0,1.0,10.0,16.0,16.0,15.0,4.0,0.0,0.0,0.0,16.0,16.0,10.0,1.0,0.0,0.0,0.0,0.0,15.0,16.0,16.0,7.0,0.0,0.0,0.0,0.0,5.0,11.0,5.0,15.0,2.0,0.0,0.0,0.0,0.0,0.0,0.0,11.0,9.0,0.0,0.0,0.0,0.0,3.0,10.0,16.0,9.0,0.0,0.0,0.0,0.0,2.0,16.0,15.0,2.0,0.0,0.0,5
1656,0.0,0.0,3.0,12.0,8.0,3.0,0.0,0.0,0.0,0.0,7.0,16.0,13.0,13.0,1.0,0.0,0.0,0.0,13.0,8.0,0.0,9.0,4.0,0.0,0.0,0.0,16.0,2.0,0.0,6.0,6.0,0.0,0.0,4.0,12.0,0.0,0.0,10.0,3.0,0.0,0.0,3.0,12.0,0.0,0.0,13.0,2.0,0.0,0.0,0.0,12.0,4.0,12.0,10.0,0.0,0.0,0.0,0.0,5.0,16.0,13.0,2.0,0.0,0.0,0
1657,0.0,0.0,2.0,13.0,16.0,14.0,1.0,0.0,0.0,0.0,11.0,12.0,7.0,16.0,3.0,0.0,0.0,0.0,9.0,3.0,2.0,16.0,3.0,0.0,0.0,0.0,0.0,0.0,9.0,11.0,0.0,0.0,0.0,0.0,2.0,11.0,15.0,13.0,3.0,0.0,0.0,0.0,4.0,15.0,16.0,13.0,3.0,0.0,0.0,0.0,0.0,14.0,8.0,0.0,0.0,0.0,0.0,0.0,5.0,15.0,4.0,0.0,0.0,0.0,7
1658,0.0,1.0,12.0,16.0,16.0,15.0,0.0,0.0,0.0,7.0,16.0,9.0,4.0,3.0,0.0,0.0,0.0,10.0,15.0,1.0,0.0,0.0,0.0,0.0,0.0,11.0,15.0,8.0,7.0,1.0,0.0,0.0,0.0,2.0,13.0,16.0,16.0,15.0,5.0,0.0,0.0,0.0,0.0,0.0,0.0,13.0,14.0,0.0,0.0,0.0,2.0,7.0,13.0,16.0,9.0,0.0,0.0,0.0,14.0,16.0,12.0,5.0,0.0,0.0,5
1661,0.0,3.0,15.0,16.0,15.0,3.0,0.0,0.0,0.0,3.0,10.0,8.0,15.0,12.0,0.0,0.0,0.0,0.0,0.0,0.0,14.0,8.0,0.0,0.0,0.0,0.0,11.0,13.0,16.0,16.0,8.0,0.0,0.0,1.0,15.0,16.0,15.0,7.0,2.0,0.0,0.0,0.0,5.0,16.0,5.0,0.0,0.0,0.0,0.0,2.0,16.0,11.0,0.0,0.0,0.0,0.0,0.0,3.0,16.0,5.0,0.0,0.0,0.0,0.0,7
1662,0.0,3.0,15.0,15.0,3.0,0.0,0.0,0.0,0.0,8.0,14.0,12.0,10.0,0.0,0.0,0.0,0.0,5.0,11.0,6.0,14.0,0.0,0.0,0.0,0.0,0.0,0.0,7.0,14.0,0.0,0.0,0.0,0.0,0.0,0.0,10.0,12.0,0.0,0.0,0.0,0.0,0.0,0.0,15.0,9.0,0.0,0.0,0.0,0.0,1.0,11.0,16.0,12.0,8.0,5.0,0.0,0.0,5.0,16.0,16.0,16.0,16.0,16.0,0.0,2
1663,0.0,0.0,2.0,16.0,13.0,0.0,0.0,0.0,0.0,0.0,4.0,16.0,15.0,0.0,0.0,0.0,0.0,0.0,4.0,16.0,12.0,0.0,0.0,0.0,0.0,0.0,7.0,16.0,10.0,0.0,0.0,0.0,0.0,0.0,5.0,16.0,9.0,0.0,0.0,0.0,0.0,0.0,7.0,16.0,7.0,0.0,0.0,0.0,0.0,0.0,3.0,16.0,9.0,0.0,0.0,0.0,0.0,0.0,1.0,12.0,15.0,0.0,0.0,0.0,1
1664,0.0,0.0,2.0,13.0,15.0,7.0,1.0,0.0,0.0,0.0,7.0,16.0,15.0,16.0,10.0,0.0,0.0,0.0,14.0,16.0,10.0,10.0,10.0,0.0,0.0,2.0,16.0,3.0,0.0,8.0,8.0,0.0,0.0,5.0,13.0,0.0,0.0,9.0,8.0,0.0,0.0,6.0,13.0,0.0,0.0,12.0,3.0,0.0,0.0,2.0,16.0,6.0,9.0,10.0,0.0,0.0,0.0,0.0,3.0,14.0,14.0,1.0,0.0,0.0,0
1667,0.0,0.0,7.0,13.0,15.0,5.0,0.0,0.0,0.0,0.0,8.0,16.0,16.0,12.0,0.0,0.0,0.0,0.0,7.0,16.0,15.0,3.0,0.0,0.0,0.0,0.0,6.0,16.0,5.0,0.0,0.0,0.0,0.0,0.0,5.0,16.0,2.0,0.0,0.0,0.0,0.0,0.0,8.0,16.0,6.0,0.0,0.0,0.0,0.0,0.0,12.0,12.0,13.0,0.0,0.0,0.0,0.0,0.0,5.0,13.0,10.0,0.0,0.0,0.0,8
1671,0.0,0.0,5.0,15.0,12.0,1.0,0.0,0.0,0.0,0.0,8.0,8.0,6.0,12.0,0.0,0.0,0.0,2.0,5.0,0.0,0.0,12.0,2.0,0.0,0.0,4.0,14.0,0.0,0.0,8.0,6.0,0.0,0.0,7.0,11.0,0.0,0.0,9.0,7.0,0.0,0.0,3.0,13.0,0.0,0.0,12.0,3.0,0.0,0.0,0.0,16.0,5.0,9.0,14.0,1.0,0.0,0.0,0.0,5.0,15.0,11.0,4.0,0.0,0.0,0
1673,0.0,0.0,10.0,16.0,16.0,8.0,0.0,0.0,0.0,0.0,5.0,8.0,13.0,13.0,0.0,0.0,0.0,0.0,0.0,0.0,9.0,13.0,0.0,0.0,0.0,0.0,0.0,2.0,13.0,12.0,0.0,0.0,0.0,0.0,2.0,15.0,16.0,16.0,7.0,0.0,0.0,0.0,0.0,13.0,13.0,5.0,1.0,0.0,0.0,0.0,1.0,14.0,5.0,0.0,0.0,0.0,0.0,0.0,9.0,13.0,1.0,0.0,0.0,0.0,7
1674,0.0,0.0,5.0,12.0,16.0,16.0,7.0,0.0,0.0,0.0,10.0,9.0,4.0,11.0,12.0,0.0,0.0,0.0,0.0,0.0,0.0,13.0,7.0,0.0,0.0,0.0,2.0,10.0,15.0,16.0,13.0,0.0,0.0,0.0,14.0,13.0,16.0,10.0,1.0,0.0,0.0,0.0,3.0,4.0,16.0,2.0,0.0,0.0,0.0,0.0,0.0,13.0,9.0,0.0,0.0,0.0,0.0,0.0,6.0,13.0,0.0,0.0,0.0,0.0,7
1676,0.0,0.0,0.0,5.0,14.0,12.0,2.0,0.0,0.0,0.0,7.0,15.0,8.0,14.0,4.0,0.0,0.0,0.0,6.0,2.0,3.0,13.0,1.0,0.0,0.0,0.0,0.0,1.0,13.0,4.0,0.0,0.0,0.0,0.0,1.0,11.0,9.0,0.0,0.0,0.0,0.0,8.0,16.0,13.0,0.0,0.0,0.0,0.0,0.0,5.0,14.0,16.0,11.0,2.0,0.0,0.0,0.0,0.0,0.0,6.0,12.0,13.0,3.0,0.0,2
1677,0.0,0.0,0.0,14.0,14.0,9.0,0.0,0.0,0.0,0.0,4.0,16.0,16.0,10.0,0.0,0.0,0.0,0.0,13.0,16.0,15.0,2.0,0.0,0.0,0.0,1.0,15.0,16.0,11.0,0.0,0.0,0.0,0.0,7.0,16.0,16.0,5.0,0.0,0.0,0.0,0.0,3.0,16.0,16.0,7.0,0.0,0.0,0.0,0.0,0.0,16.0,16.0,8.0,0.0,0.0,0.0,0.0,0.0,3.0,12.0,12.0,0.0,0.0,0.0,1
1678,0.0,0.0,5.0,11.0,16.0,16.0,5.0,0.0,0.0,3.0,15.0,11.0,10.0,16.0,4.0,0.0,0.0,0.0,4.0,0.0,10.0,14.0,0.0,0.0,0.0,0.0,7.0,15.0,16.0,16.0,12.0,0.0,0.0,0.0,9.0,16.0,14.0,4.0,1.0,0.0,0.0,0.0,1.0,14.0,7.0,0.0,0.0,0.0,0.0,0.0,4.0,16.0,4.0,0.0,0.0,0.0,0.0,0.0,8.0,16.0,0.0,0.0,0.0,0.0,7
1679,0.0,0.0,0.0,10.0,15.0,0.0,0.0,0.0,0.0,0.0,11.0,15.0,3.0,0.0,0.0,0.0,0.0,7.0,15.0,4.0,0.0,0.0,0.0,0.0,0.0,12.0,11.0,1.0,3.0,8.0,2.0,0.0,0.0,4.0,12.0,15.0,15.0,16.0,9.0,0.0,0.0,0.0,0.0,8.0,16.0,8.0,2.0,0.0,0.0,0.0,0.0,10.0,12.0,0.0,0.0,0.0,0.0,0.0,0.0,12.0,9.0,0.0,0.0,0.0,4
1681,0.0,0.0,7.0,14.0,15.0,4.0,0.0,0.0,0.0,7.0,15.0,4.0,9.0,12.0,0.0,0.0,0.0,6.0,15.0,1.0,4.0,14.0,0.0,0.0,0.0,0.0,9.0,13.0,14.0,7.0,0.0,0.0,0.0,0.0,2.0,16.0,16.0,4.0,0.0,0.0,0.0,0.0,14.0,7.0,3.0,15.0,4.0,0.0,0.0,0.0,16.0,3.0,0.0,13.0,8.0,0.0,0.0,0.0,7.0,16.0,16.0,10.0,1.0,0.0,8
1683,0.0,0.0,6.0,15.0,12.0,5.0,0.0,0.0,0.0,0.0,8.0,16.0,16.0,13.0,1.0,0.0,0.0,0.0,8.0,16.0,16.0,12.0,0.0,0.0,0.0,0.0,8.0,16.0,16.0,10.0,0.0,0.0,0.0,0.0,16.0,16.0,16.0,5.0,0.0,0.0,0.0,5.0,16.0,16.0,16.0,1.0,0.0,0.0,0.0,3.0,15.0,16.0,16.0,2.0,0.0,0.0,0.0,0.0,10.0,16.0,15.0,3.0,0.0,0.0,1
1687,0.0,2.0,8.0,15.0,16.0,10.0,0.0,0.0,0.0,11.0,16.0,10.0,4.0,15.0,1.0,0.0,0.0,12.0,13.0,0.0,0.0,13.0,5.0,0.0,0.0,11.0,13.0,0.0,0.0,15.0,7.0,0.0,0.0,8.0,16.0,0.0,0.0,15.0,6.0,0.0,0.0,6.0,16.0,1.0,5.0,16.0,2.0,0.0,0.0,2.0,16.0,6.0,15.0,12.0,0.0,0.0,0.0,0.0,7.0,16.0,14.0,1.0,0.0,0.0,0
1689,0.0,4.0,14.0,16.0,16.0,12.0,1.0,0.0,0.0,2.0,12.0,7.0,14.0,16.0,6.0,0.0,0.0,0.0,0.0,5.0,16.0,10.0,0.0,0.0,0.0,0.0,0.0,4.0,16.0,7.0,0.0,0.0,0.0,0.0,0.0,4.0,16.0,6.0,0.0,0.0,0.0,0.0,0.0,1.0,15.0,11.0,0.0,0.0,0.0,1.0,8.0,10.0,16.0,10.0,0.0,0.0,0.0,5.0,16.0,16.0,15.0,1.0,0.0,0.0,3
1690,0.0,1.0,15.0,4.0,0.0,0.0,0.0,0.0,0.0,2.0,16.0,16.0,16.0,14.0,2.0,0.0,0.0,6.0,16.0,11.0,8.0,8.0,3.0,0.0,0.0,5.0,16.0,11.0,5.0,0.0,0.0,0.0,0.0,0.0,11.0,14.0,14.0,1.0,0.0,0.0,0.0,0.0,0.0,5.0,16.0,7.0,0.0,0.0,0.0,0.0,6.0,16.0,16.0,4.0,0.0,0.0,0.0,0.0,14.0,14.0,4.0,0.0,0.0,0.0,5
1691,0.0,1.0,6.0,12.0,15.0,5.0,0.0,0.0,0.0,7.0,14.0,14.0,16.0,7.0,0.0,0.0,0.0,0.0,2.0,14.0,10.0,0.0,0.0,0.0,0.0,0.0,11.0,16.0,2.0,0.0,0.0,0.0,0.0,0.0,2.0,11.0,16.0,12.0,0.0,0.0,0.0,0.0,0.0,0.0,4.0,14.0,7.0,0.0,0.0,0.0,2.0,4.0,5.0,14.0,7.0,0.0,0.0,0.0,6.0,16.0,14.0,8.0,0.0,0.0,3
1692,0.0,0.0,0.0,14.0,13.0,1.0,0.0,0.0,0.0,0.0,4.0,16.0,11.0,0.0,0.0,0.0,0.0,0.0,12.0,16.0,1.0,0.0,0.0,0.0,0.0,1.0,15.0,16.0,14.0,1.0,0.0,0.0,0.0,4.0,16.0,12.0,8.0,12.0,7.0,0.0,0.0,2.0,15.0,8.0,0.0,8.0,16.0,2.0,0.0,0.0,10.0,14.0,9.0,15.0,15.0,1.0,0.0,0.0,1.0,14.0,16.0,14.0,2.0,0.0,6
1695,0.0,2.0,6.0,10.0,12.0,1.0,0.0,0.0,0.0,14.0,13.0,10.0,5.0,1.0,0.0,0.0,0.0,10.0,6.0,0.0,0.0,0.0,0.0,0.0,0.0,10.0,13.0,12.0,12.0,5.0,0.0,0.0,0.0,2.0,8.0,5.0,7.0,14.0,8.0,0.0,0.0,0.0,0.0,0.0,0.0,5.0,12.0,0.0,0.0,0.0,2.0,2.0,1.0,10.0,10.0,0.0,0.0,0.0,5.0,16.0,16.0,14.0,1.0,0.0,5
1696,0.0,0.0,6.0,12.0,12.0,15.0,16.0,6.0,0.0,2.0,15.0,16.0,14.0,16.0,15.0,3.0,0.0,3.0,16.0,6.0,6.0,16.0,6.0,0.0,0.0,7.0,15.0,4.0,14.0,11.0,0.0,0.0,0.0,1.0,2.0,8.0,15.0,3.0,0.0,0.0,0.0,0.0,1.0,16.0,9.0,0.0,0.0,0.0,0.0,0.0,6.0,16.0,4.0,0.0,0.0,0.0,0.0,0.0,8.0,16.0,3.0,0.0,0.0,0.0,7
1698,0.0,0.0,7.0,14.0,10.0,0.0,0.0,0.0,0.0,7.0,15.0,4.0,9.0,11.0,0.0,0.0,0.0,9.0,13.0,0.0,7.0,16.0,0.0,0.0,0.0,3.0,15.0,16.0,16.0,16.0,3.0,0.0,0.0,0.0,0.0,4.0,4.0,12.0,8.0,0.0,0.0,0.0,0.0,0.0,0.0,4.0,12.0,0.0,0.0,0.0,11.0,5.0,0.0,7.0,13.0,0.0,0.0,0.0,5.0,13.0,16.0,14.0,6.0,0.0,9
1700,0.0,0.0,3.0,11.0,15.0,8.0,0.0,0.0,0.0,3.0,14.0,10.0,5.0,15.0,2.0,0.0,0.0,8.0,10.0,0.0,3.0,16.0,4.0,0.0,0.0,8.0,9.0,1.0,10.0,16.0,7.0,0.0,0.0,1.0,15.0,16.0,9.0,9.0,7.0,0.0,0.0,0.0,0.0,0.0,0.0,5.0,8.0,0.0,0.0,0.0,4.0,6.0,5.0,13.0,7.0,0.0,0.0,0.0,3.0,16.0,15.0,8.0,1.0,0.0,9
1701,0.0,1.0,15.0,16.0,4.0,0.0,0.0,0.0,0.0,9.0,16.0,11.0,14.0,0.0,0.0,0.0,0.0,12.0,10.0,5.0,16.0,0.0,0.0,0.0,0.0,4.0,7.0,8.0,13.0,0.0,0.0,0.0,0.0,0.0,1.0,15.0,6.0,0.0,0.0,0.0,0.0,0.0,5.0,16.0,2.0,0.0,0.0,0.0,0.0,4.0,15.0,14.0,10.0,11.0,12.0,1.0,0.0,0.0,13.0,16.0,16.0,15.0,11.0,1.0,2
1703,0.0,0.0,1.0,11.0,15.0,6.0,0.0,0.0,0.0,2.0,15.0,10.0,16.0,15.0,0.0,0.0,0.0,1.0,14.0,5.0,6.0,11.0,0.0,0.0,0.0,0.0,5.0,14.0,14.0,3.0,0.0,0.0,0.0,0.0,1.0,14.0,16.0,6.0,0.0,0.0,0.0,0.0,10.0,8.0,6.0,15.0,1.0,0.0,0.0,0.0,9.0,9.0,4.0,16.0,3.0,0.0,0.0,0.0,1.0,15.0,15.0,6.0,0.0,0.0,8
1704,0.0,0.0,0.0,0.0,6.0,16.0,7.0,0.0,0.0,1.0,5.0,11.0,16.0,16.0,8.0,0.0,0.0,11.0,16.0,16.0,13.0,16.0,8.0,0.0,0.0,3.0,7.0,1.0,4.0,16.0,8.0,0.0,0.0,0.0,0.0,0.0,5.0,16.0,8.0,0.0,0.0,0.0,0.0,0.0,5.0,16.0,7.0,0.0,0.0,0.0,0.0,0.0,7.0,16.0,9.0,0.0,0.0,0.0,0.0,0.0,8.0,16.0,8.0,0.0,1
1707,0.0,0.0,6.0,12.0,16.0,10.0,0.0,0.0,0.0,4.0,15.0,8.0,12.0,14.0,0.0,0.0,0.0,0.0,0.0,0.0,13.0,8.0,0.0,0.0,0.0,0.0,0.0,6.0,14.0,1.0,0.0,0.0,0.0,0.0,0.0,5.0,15.0,8.0,0.0,0.0,0.0,0.0,0.0,0.0,2.0,15.0,5.0,0.0,0.0,0.0,1.0,4.0,5.0,15.0,8.0,0.0,0.0,0.0,5.0,16.0,14.0,9.0,1.0,0.0,3
1708,0.0,0.0,13.0,16.0,15.0,4.0,0.0,0.0,0.0,0.0,9.0,8.0,13.0,16.0,3.0,0.0,0.0,0.0,0.0,0.0,13.0,16.0,7.0,0.0,0.0,0.0,0.0,1.0,16.0,12.0,0.0,0.0,0.0,0.0,0.0,0.0,15.0,10.0,0.0,0.0,0.0,0.0,0.0,0.0,8.0,15.0,0.0,0.0,0.0,0.0,3.0,6.0,15.0,16.0,7.0,0.0,0.0,0.0,15.0,16.0,16.0,11.0,1.0,0.0,3
1709,0.0,0.0,3.0,13.0,8.0,0.0,0.0,0.0,0.0,4.0,16.0,16.0,14.0,0.0,0.0,0.0,0.0,11.0,11.0,9.0,10.0,0.0,0.0,0.0,0.0,8.0,14.0,15.0,9.0,0.0,0.0,0.0,0.0,0.0,7.0,16.0,15.0,5.0,0.0,0.0,0.0,0.0,4.0,16.0,3.0,13.0,9.0,0.0,0.0,0.0,5.0,15.0,4.0,13.0,11.0,0.0,0.0,0.0,1.0,15.0,15.0,8.0,2.0,0.0,8
1710,0.0,0.0,11.0,13.0,12.0,12.0,3.0,0.0,0.0,5.0,14.0,4.0,4.0,7.0,2.0,0.0,0.0,7.0,10.0,1.0,4.0,1.0,0.0,0.0,0.0,8.0,15.0,14.0,12.0,15.0,2.0,0.0,0.0,2.0,7.0,0.0,0.0,12.0,4.0,0.0,0.0,0.0,0.0,0.0,1.0,16.0,3.0,0.0,0.0,1.0,8.0,3.0,10.0,12.0,0.0,0.0,0.0,1.0,12.0,16.0,12.0,2.0,0.0,0.0,5
1711,0.0,0.0,3.0,15.0,14.0,1.0,0.0,0.0,0.0,0.0,13.0,16.0,16.0,6.0,0.0,0.0,0.0,0.0,4.0,4.0,16.0,8.0,0.0,0.0,0.0,0.0,0.0,1.0,16.0,10.0,1.0,0.0,0.0,0.0,7.0,16.0,16.0,16.0,8.0,0.0,0.0,0.0,12.0,15.0,16.0,6.0,0.0,0.0,0.0,0.0,0.0,14.0,11.0,0.0,0.0,0.0,0.0,0.0,4.0,12.0,1.0,0.0,0.0,0.0,7
1712,0.0,0.0,2.0,12.0,16.0,16.0,7.0,0.0,0.0,0.0,10.0,13.0,7.0,8.0,3.0,0.0,0.0,2.0,15.0,6.0,0.0,0.0,0.0,0.0,0.0,11.0,14.0,7.0,5.0,1.0,0.0,0.0,0.0,5.0,16.0,16.0,16.0,15.0,6.0,0.0,0.0,0.0,4.0,4.0,4.0,14.0,8.0,0.0,0.0,0.0,0.0,4.0,7.0,14.0,5.0,0.0,0.0,0.0,2.0,15.0,15.0,5.0,0.0,0.0,5
1716,0.0,2.0,15.0,16.0,7.0,0.0,0.0,0.0,0.0,10.0,15.0,10.0,16.0,2.0,0.0,0.0,0.0,9.0,11.0,5.0,16.0,0.0,0.0,0.0,0.0,0.0,0.0,12.0,11.0,0.0,0.0,0.0,0.0,0.0,5.0,16.0,2.0,0.0,0.0,0.0,0.0,3.0,15.0,8.0,0.0,0.0,0.0,0.0,0.0,8.0,15.0,5.0,5.0,8.0,3.0,0.0,0.0,3.0,15.0,16.0,16.0,16.0,10.0,0.0,2
1717,0.0,0.0,2.0,11.0,14.0,8.0,1.0,0.0,0.0,3.0,14.0,9.0,8.0,13.0,4.0,0.0,0.0,6.0,11.0,1.0,4.0,14.0,1.0,0.0,0.0,0.0,9.0,14.0,15.0,6.0,0.0,0.0,0.0,0.0,0.0,12.0,14.0,10.0,0.0,0.0,0.0,0.0,4.0,12.0,2.0,13.0,5.0,0.0,0.0,0.0,4.0,11.0,1.0,11.0,8.0,0.0,0.0,0.0,1.0,9.0,16.0,14.0,2.0,0.0,8
1718,0.0,1.0,12.0,15.0,16.0,13.0,1.0,0.0,0.0,4.0,16.0,15.0,7.0,15.0,4.0,0.0,0.0,0.0,16.0,6.0,11.0,15.0,2.0,0.0,0.0,0.0,9.0,16.0,15.0,4.0,0.0,0.0,0.0,0.0,8.0,16.0,8.0,0.0,0.0,0.0,0.0,0.0,15.0,15.0,11.0,0.0,0.0,0.0,0.0,2.0,16.0,10.0,12.0,0.0,0.0,0.0,0.0,2.0,13.0,16.0,10.0,0.0,0.0,0.0,8
1719,0.0,0.0,2.0,10.0,12.0,2.0,0.0,0.0,0.0,0.0,11.0,16.0,13.0,10.0,0.0,0.0,0.0,0.0,9.0,7.0,2.0,15.0,0.0,0.0,0.0,0.0,3.0,2.0,3.0,15.0,0.0,0.0,0.0,0.0,0.0,0.0,10.0,10.0,0.0,0.0,0.0,0.0,2.0,7.0,16.0,7.0,0.0,0.0,0.0,0.0,9.0,16.0,16.0,16.0,16.0,3.0,0.0,0.0,3.0,13.0,9.0,8.0,4.0,0.0,2
1720,0.0,0.0,5.0,12.0,13.0,12.0,0.0,0.0,0.0,7.0,13.0,5.0,8.0,15.0,0.0,0.0,0.0,4.0,14.0,4.0,13.0,16.0,3.0,0.0,0.0,0.0,6.0,12.0,8.0,9.0,4.0,0.0,0.0,0.0,0.0,0.0,0.0,8.0,8.0,0.0,0.0,0.0,0.0,0.0,0.0,6.0,8.0,0.0,0.0,0.0,1.0,3.0,2.0,13.0,6.0,0.0,0.0,0.0,6.0,16.0,16.0,8.0,1.0,0.0,9
1721,0.0,0.0,5.0,12.0,16.0,9.0,0.0,0.0,0.0,7.0,16.0,10.0,3.0,0.0,0.0,0.0,0.0,8.0,13.0,0.0,0.0,0.0,0.0,0.0,0.0,9.0,14.0,4.0,6.0,0.0,0.0,0.0,0.0,4.0,14.0,12.0,13.0,13.0,1.0,0.0,0.0,0.0,0.0,0.0,0.0,15.0,4.0,0.0,0.0,0.0,0.0,0.0,4.0,15.0,7.0,0.0,0.0,0.0,4.0,12.0,13.0,8.0,0.0,0.0,5
1722,0.0,0.0,0.0,0.0,7.0,15.0,1.0,0.0,0.0,0.0,0.0,0.0,11.0,16.0,0.0,0.0,0.0,0.0,0.0,0.0,16.0,14.0,0.0,0.0,0.0,0.0,0.0,10.0,16.0,15.0,0.0,0.0,0.0,0.0,12.0,16.0,16.0,11.0,0.0,0.0,0.0,5.0,16.0,6.0,15.0,12.0,0.0,0.0,0.0,0.0,1.0,0.0,12.0,16.0,0.0,0.0,0.0,0.0,0.0,0.0,4.0,15.0,4.0,0.0,1
1723,0.0,0.0,7.0,10.0,16.0,9.0,0.0,0.0,0.0,0.0,15.0,16.0,13.0,15.0,1.0,0.0,0.0,0.0,10.0,13.0,10.0,16.0,2.0,0.0,0.0,0.0,1.0,16.0,16.0,11.0,0.0,0.0,0.0,0.0,8.0,16.0,16.0,5.0,0.0,0.0,0.0,0.0,15.0,8.0,14.0,7.0,0.0,0.0,0.0,0.0,16.0,7.0,16.0,4.0,0.0,0.0,0.0,0.0,9.0,16.0,14.0,0.0,0.0,0.0,8
1724,0.0,4.0,15.0,16.0,13.0,1.0,0.0,0.0,0.0,9.0,14.0,10.0,16.0,6.0,0.0,0.0,0.0,1.0,1.0,6.0,16.0,2.0,0.0,0.0,0.0,0.0,0.0,8.0,14.0,1.0,0.0,0.0,0.0,0.0,5.0,16.0,5.0,0.0,0.0,0.0,0.0,0.0,13.0,14.0,0.0,0.0,0.0,0.0,0.0,5.0,16.0,9.0,8.0,8.0,10.0,0.0,0.0,4.0,15.0,16.0,16.0,16.0,9.0,0.0,2
1726,0.0,0.0,1.0,12.0,16.0,16.0,12.0,0.0,0.0,0.0,7.0,16.0,11.0,12.0,9.0,0.0,0.0,0.0,6.0,7.0,0.0,14.0,4.0,0.0,0.0,0.0,0.0,0.0,6.0,16.0,3.0,0.0,0.0,0.0,0.0,10.0,16.0,16.0,9.0,0.0,0.0,0.0,0.0,8.0,15.0,5.0,0.0,0.0,0.0,0.0,0.0,8.0,10.0,0.0,0.0,0.0,0.0,0.0,0.0,16.0,5.0,0.0,0.0,0.0,7
1727,0.0,0.0,0.0,8.0,15.0,1.0,0.0,0.0,0.0,0.0,1.0,14.0,13.0,1.0,1.0,0.0,0.0,0.0,10.0,15.0,3.0,15.0,11.0,0.0,0.0,7.0,16.0,7.0,1.0,16.0,8.0,0.0,0.0,9.0,16.0,13.0,14.0,16.0,5.0,0.0,0.0,1.0,10.0,15.0,16.0,14.0,0.0,0.0,0.0,0.0,0.0,1.0,16.0,10.0,0.0,0.0,0.0,0.0,0.0,10.0,15.0,4.0,0.0,0.0,4
1728,0.0,0.0,12.0,9.0,12.0,1.0,0.0,0.0,0.0,0.0,14.0,16.0,16.0,8.0,0.0,0.0,0.0,3.0,16.0,9.0,3.0,15.0,2.0,0.0,0.0,4.0,16.0,1.0,0.0,16.0,5.0,0.0,0.0,5.0,12.0,0.0,0.0,16.0,5.0,0.0,0.0,3.0,14.0,1.0,4.0,16.0,4.0,0.0,0.0,0.0,15.0,12.0,14.0,14.0,0.0,0.0,0.0,0.0,7.0,12.0,12.0,2.0,0.0,0.0,0
1729,0.0,3.0,12.0,16.0,9.0,0.0,0.0,0.0,0.0,13.0,15.0,8.0,15.0,2.0,0.0,0.0,0.0,11.0,6.0,0.0,12.0,4.0,0.0,0.0,0.0,1.0,0.0,0.0,15.0,3.0,0.0,0.0,0.0,0.0,0.0,4.0,16.0,1.0,0.0,0.0,0.0,0.0,0.0,12.0,11.0,0.0,0.0,0.0,0.0,0.0,11.0,16.0,10.0,4.0,6.0,1.0,0.0,2.0,15.0,16.0,16.0,16.0,16.0,3.0,2
1730,0.0,0.0,6.0,9.0,11.0,9.0,0.0,0.0,0.0,13.0,16.0,15.0,15.0,15.0,0.0,0.0,0.0,4.0,5.0,2.0,15.0,6.0,0.0,0.0,0.0,0.0,0.0,3.0,15.0,6.0,0.0,0.0,0.0,0.0,0.0,0.0,6.0,15.0,6.0,0.0,0.0,0.0,0.0,0.0,0.0,5.0,12.0,0.0,0.0,0.0,0.0,5.0,13.0,16.0,9.0,0.0,0.0,0.0,3.0,13.0,12.0,7.0,1.0,0.0,3
1731,0.0,0.0,5.0,16.0,12.0,2.0,0.0,0.0,0.0,0.0,4.0,11.0,16.0,10.0,0.0,0.0,0.0,0.0,0.0,0.0,14.0,11.0,0.0,0.0,0.0,0.0,2.0,4.0,14.0,14.0,2.0,0.0,0.0,0.0,13.0,16.0,16.0,10.0,4.0,0.0,0.0,0.0,3.0,10.0,14.0,0.0,0.0,0.0,0.0,0.0,0.0,15.0,5.0,0.0,0.0,0.0,0.0,0.0,6.0,11.0,0.0,0.0,0.0,0.0,7
1732,0.0,1.0,10.0,15.0,15.0,3.0,0.0,0.0,0.0,6.0,13.0,4.0,10.0,12.0,0.0,0.0,0.0,4.0,11.0,0.0,7.0,15.0,0.0,0.0,0.0,2.0,14.0,16.0,16.0,14.0,2.0,0.0,0.0,0.0,1.0,4.0,3.0,10.0,6.0,0.0,0.0,0.0,0.0,0.0,0.0,2.0,12.0,0.0,0.0,0.0,3.0,3.0,0.0,2.0,13.0,0.0,0.0,0.0,10.0,16.0,16.0,16.0,11.0,0.0,9
1733,0.0,0.0,8.0,16.0,15.0,4.0,0.0,0.0,0.0,10.0,16.0,11.0,13.0,12.0,0.0,0.0,0.0,12.0,7.0,0.0,13.0,8.0,0.0,0.0,0.0,0.0,1.0,7.0,16.0,12.0,5.0,0.0,0.0,5.0,15.0,16.0,16.0,14.0,9.0,0.0,0.0,2.0,8.0,15.0,10.0,0.0,0.0,0.0,0.0,0.0,7.0,16.0,2.0,0.0,0.0,0.0,0.0,0.0,10.0,13.0,0.0,0.0,0.0,0.0,7
1734,0.0,1.0,8.0,12.0,16.0,16.0,3.0,0.0,0.0,5.0,14.0,8.0,10.0,15.0,0.0,0.0,0.0,0.0,2.0,5.0,14.0,12.0,2.0,0.0,0.0,3.0,15.0,16.0,15.0,12.0,8.0,0.0,0.0,3.0,6.0,14.0,7.0,0.0,0.0,0.0,0.0,0.0,2.0,15.0,1.0,0.0,0.0,0.0,0.0,0.0,10.0,8.0,0.0,0.0,0.0,0.0,0.0,0.0,14.0,4.0,0.0,0.0,0.0,0.0,7
1735,0.0,3.0,16.0,15.0,1.0,0.0,0.0,0.0,0.0,10.0,16.0,15.0,6.0,0.0,0.0,0.0,0.0,13.0,10.0,13.0,8.0,0.0,0.0,0.0,0.0,1.0,3.0,11.0,10.0,0.0,0.0,0.0,0.0,0.0,0.0,15.0,8.0,0.0,0.0,0.0,0.0,0.0,4.0,16.0,10.0,5.0,7.0,0.0,0.0,1.0,13.0,16.0,16.0,16.0,16.0,0.0,0.0,2.0,14.0,15.0,11.0,8.0,3.0,0.0,2
1736,0.0,0.0,9.0,16.0,16.0,7.0,0.0,0.0,0.0,2.0,16.0,11.0,4.0,15.0,2.0,0.0,0.0,4.0,16.0,2.0,2.0,16.0,6.0,0.0,0.0,0.0,13.0,11.0,13.0,16.0,10.0,0.0,0.0,0.0,1.0,10.0,13.0,16.0,6.0,0.0,0.0,0.0,0.0,0.0,3.0,16.0,7.0,0.0,0.0,0.0,0.0,2.0,13.0,14.0,1.0,0.0,0.0,0.0,11.0,15.0,15.0,6.0,0.0,0.0,9
1738,0.0,0.0,9.0,16.0,16.0,13.0,1.0,0.0,0.0,0.0,12.0,13.0,14.0,16.0,7.0,0.0,0.0,0.0,0.0,0.0,6.0,16.0,4.0,0.0,0.0,0.0,0.0,0.0,13.0,14.0,1.0,0.0,0.0,0.0,1.0,10.0,16.0,6.0,0.0,0.0,0.0,0.0,7.0,16.0,8.0,0.0,0.0,0.0,0.0,2.0,15.0,16.0,12.0,7.0,0.0,0.0,0.0,0.0,9.0,14.0,16.0,16.0,2.0,0.0,2
1739,0.0,0.0,3.0,15.0,13.0,2.0,0.0,0.0,0.0,0.0,10.0,16.0,12.0,13.0,0.0,0.0,0.0,0.0,13.0,13.0,9.0,14.0,0.0,0.0,0.0,0.0,6.0,15.0,15.0,11.0,0.0,0.0,0.0,0.0,4.0,16.0,14.0,1.0,0.0,0.0,0.0,0.0,11.0,14.0,15.0,5.0,0.0,0.0,0.0,0.0,9.0,10.0,14.0,9.0,0.0,0.0,0.0,0.0,4.0,16.0,15.0,2.0,0.0,0.0,8
1740,0.0,0.0,0.0,1.0,15.0,4.0,0.0,0.0,0.0,0.0,1.0,13.0,14.0,1.0,0.0,0.0,0.0,0.0,9.0,15.0,5.0,7.0,7.0,0.0,0.0,4.0,16.0,6.0,1.0,16.0,8.0,0.0,0.0,14.0,15.0,0.0,6.0,16.0,2.0,0.0,0.0,11.0,16.0,13.0,14.0,16.0,4.0,0.0,0.0,0.0,5.0,8.0,15.0,14.0,1.0,0.0,0.0,0.0,0.0,0.0,15.0,12.0,0.0,0.0,4
1743,0.0,0.0,10.0,15.0,13.0,1.0,0.0,0.0,0.0,4.0,16.0,7.0,13.0,7.0,0.0,0.0,0.0,2.0,11.0,0.0,12.0,6.0,0.0,0.0,0.0,0.0,0.0,4.0,14.0,0.0,0.0,0.0,0.0,0.0,1.0,15.0,6.0,0.0,0.0,0.0,0.0,0.0,9.0,12.0,0.0,0.0,0.0,0.0,0.0,4.0,16.0,7.0,7.0,13.0,3.0,0.0,0.0,0.0,10.0,16.0,12.0,3.0,0.0,0.0,2
1744,0.0,0.0,11.0,14.0,10.0,1.0,0.0,0.0,0.0,0.0,16.0,15.0,14.0,13.0,0.0,0.0,0.0,1.0,14.0,8.0,3.0,16.0,2.0,0.0,0.0,0.0,7.0,16.0,13.0,16.0,2.0,0.0,0.0,0.0,0.0,12.0,16.0,9.0,0.0,0.0,0.0,0.0,1.0,14.0,16.0,12.0,0.0,0.0,0.0,0.0,10.0,16.0,15.0,16.0,0.0,0.0,0.0,0.0,7.0,14.0,15.0,11.0,0.0,0.0,8
1747,0.0,5.0,12.0,13.0,16.0,16.0,2.0,0.0,0.0,11.0,16.0,15.0,8.0,4.0,0.0,0.0,0.0,8.0,14.0,11.0,1.0,0.0,0.0,0.0,0.0,8.0,16.0,16.0,14.0,0.0,0.0,0.0,0.0,1.0,6.0,6.0,16.0,0.0,0.0,0.0,0.0,0.0,0.0,5.0,16.0,3.0,0.0,0.0,0.0,1.0,5.0,15.0,13.0,0.0,0.0,0.0,0.0,4.0,15.0,16.0,2.0,0.0,0.0,0.0,5
1748,0.0,0.0,2.0,14.0,9.0,1.0,0.0,0.0,0.0,1.0,12.0,12.0,11.0,8.0,0.0,0.0,0.0,4.0,14.0,1.0,0.0,13.0,3.0,0.0,0.0,8.0,13.0,0.0,0.0,10.0,6.0,0.0,0.0,5.0,16.0,1.0,0.0,8.0,9.0,0.0,0.0,0.0,16.0,0.0,0.0,11.0,9.0,0.0,0.0,0.0,13.0,11.0,10.0,15.0,4.0,0.0,0.0,0.0,3.0,15.0,16.0,5.0,0.0,0.0,0
1749,0.0,2.0,11.0,16.0,15.0,6.0,0.0,0.0,0.0,11.0,15.0,9.0,14.0,13.0,0.0,0.0,0.0,7.0,1.0,0.0,13.0,9.0,0.0,0.0,0.0,0.0,0.0,1.0,16.0,8.0,0.0,0.0,0.0,0.0,1.0,11.0,13.0,1.0,0.0,0.0,0.0,0.0,5.0,16.0,5.0,0.0,0.0,0.0,0.0,2.0,15.0,9.0,2.0,4.0,4.0,0.0,0.0,2.0,15.0,16.0,16.0,16.0,16.0,1.0,2
1751,0.0,0.0,7.0,8.0,6.0,8.0,4.0,0.0,0.0,0.0,12.0,13.0,12.0,12.0,5.0,0.0,0.0,0.0,13.0,0.0,0.0,0.0,0.0,0.0,0.0,5.0,15.0,12.0,9.0,2.0,0.0,0.0,0.0,3.0,8.0,7.0,8.0,15.0,2.0,0.0,0.0,0.0,0.0,0.0,0.0,6.0,8.0,0.0,0.0,0.0,6.0,0.0,1.0,13.0,4.0,0.0,0.0,0.0,7.0,15.0,15.0,5.0,0.0,0.0,5
1752,0.0,0.0,7.0,14.0,16.0,8.0,0.0,0.0,0.0,0.0,14.0,14.0,16.0,14.0,0.0,0.0,0.0,0.0,0.0,0.0,10.0,12.0,0.0,0.0,0.0,0.0,4.0,4.0,14.0,9.0,2.0,0.0,0.0,7.0,16.0,16.0,16.0,16.0,7.0,0.0,0.0,6.0,12.0,16.0,11.0,1.0,0.0,0.0,0.0,0.0,2.0,16.0,3.0,0.0,0.0,0.0,0.0,0.0,6.0,13.0,0.0,0.0,0.0,0.0,7
1753,0.0,0.0,0.0,3.0,14.0,1.0,0.0,0.0,0.0,0.0,0.0,13.0,12.0,1.0,0.0,0.0,0.0,0.0,7.0,16.0,5.0,3.0,0.0,0.0,0.0,3.0,15.0,11.0,5.0,16.0,2.0,0.0,0.0,5.0,16.0,11.0,11.0,16.0,6.0,0.0,0.0,0.0,6.0,12.0,16.0,13.0,3.0,0.0,0.0,0.0,0.0,1.0,15.0,7.0,0.0,0.0,0.0,0.0,0.0,2.0,16.0,7.0,0.0,0.0,4
1754,0.0,0.0,1.0,15.0,11.0,1.0,0.0,0.0,0.0,0.0,9.0,12.0,8.0,12.0,0.0,0.0,0.0,1.0,15.0,1.0,6.0,16.0,2.0,0.0,0.0,2.0,12.0,0.0,1.0,11.0,6.0,0.0,0.0,5.0,10.0,0.0,0.0,11.0,4.0,0.0,0.0,2.0,13.0,0.0,0.0,10.0,3.0,0.0,0.0,0.0,13.0,2.0,3.0,13.0,3.0,0.0,0.0,0.0,1.0,13.0,16.0,15.0,1.0,0.0,0
1755,0.0,0.0,3.0,15.0,7.0,0.0,0.0,0.0,0.0,3.0,15.0,11.0,1.0,1.0,7.0,0.0,0.0,8.0,16.0,2.0,0.0,13.0,15.0,0.0,0.0,8.0,16.0,13.0,14.0,16.0,5.0,0.0,0.0,0.0,8.0,9.0,15.0,13.0,0.0,0.0,0.0,0.0,0.0,8.0,16.0,2.0,0.0,0.0,0.0,0.0,0.0,12.0,12.0,0.0,0.0,0.0,0.0,0.0,3.0,16.0,4.0,0.0,0.0,0.0,4
1757,0.0,0.0,1.0,12.0,10.0,3.0,0.0,0.0,0.0,0.0,7.0,16.0,16.0,7.0,0.0,0.0,0.0,0.0,12.0,16.0,16.0,3.0,0.0,0.0,0.0,0.0,14.0,16.0,16.0,2.0,0.0,0.0,0.0,1.0,15.0,16.0,16.0,5.0,0.0,0.0,0.0,0.0,15.0,16.0,15.0,2.0,0.0,0.0,0.0,0.0,11.0,16.0,16.0,8.0,0.0,0.0,0.0,0.0,1.0,7.0,12.0,10.0,0.0,0.0,1
1759,0.0,0.0,0.0,5.0,13.0,1.0,0.0,0.0,0.0,0.0,1.0,15.0,12.0,0.0,0.0,0.0,0.0,0.0,4.0,16.0,5.0,0.0,0.0,0.0,0.0,0.0,11.0,14.0,3.0,0.0,0.0,0.0,0.0,0.0,11.0,16.0,16.0,4.0,0.0,0.0,0.0,0.0,11.0,11.0,5.0,13.0,0.0,0.0,0.0,0.0,6.0,13.0,7.0,15.0,0.0,0.0,0.0,0.0,0.0,5.0,14.0,9.0,0.0,0.0,6
1762,0.0,0.0,0.0,5.0,15.0,3.0,0.0,0.0,0.0,0.0,2.0,16.0,4.0,0.0,0.0,0.0,0.0,0.0,8.0,12.0,0.0,2.0,12.0,0.0,0.0,3.0,16.0,1.0,0.0,11.0,10.0,0.0,0.0,9.0,13.0,0.0,3.0,16.0,5.0,0.0,0.0,13.0,15.0,16.0,16.0,12.0,0.0,0.0,0.0,5.0,12.0,14.0,16.0,4.0,0.0,0.0,0.0,0.0,0.0,6.0,15.0,2.0,0.0,0.0,4
1763,0.0,0.0,3.0,12.0,12.0,1.0,0.0,0.0,0.0,3.0,13.0,6.0,9.0,12.0,0.0,0.0,0.0,9.0,5.0,0.0,2.0,15.0,0.0,0.0,0.0,7.0,9.0,4.0,12.0,16.0,1.0,0.0,0.0,0.0,9.0,11.0,3.0,10.0,2.0,0.0,0.0,0.0,0.0,0.0,0.0,11.0,3.0,0.0,0.0,0.0,10.0,2.0,1.0,13.0,0.0,0.0,0.0,0.0,3.0,13.0,16.0,4.0,0.0,0.0,9
1764,0.0,0.0,0.0,3.0,15.0,4.0,0.0,0.0,0.0,0.0,4.0,16.0,12.0,0.0,0.0,0.0,0.0,0.0,12.0,15.0,3.0,4.0,3.0,0.0,0.0,7.0,16.0,5.0,3.0,15.0,8.0,0.0,0.0,13.0,16.0,13.0,15.0,16.0,2.0,0.0,0.0,12.0,16.0,16.0,16.0,13.0,0.0,0.0,0.0,0.0,4.0,5.0,16.0,8.0,0.0,0.0,0.0,0.0,0.0,1.0,16.0,4.0,0.0,0.0,4
1765,0.0,0.0,4.0,14.0,14.0,4.0,0.0,0.0,0.0,0.0,15.0,10.0,10.0,13.0,0.0,0.0,0.0,5.0,15.0,0.0,2.0,15.0,6.0,0.0,0.0,4.0,13.0,0.0,0.0,14.0,8.0,0.0,0.0,6.0,9.0,0.0,0.0,12.0,7.0,0.0,0.0,3.0,14.0,1.0,0.0,12.0,5.0,0.0,0.0,0.0,12.0,9.0,6.0,15.0,2.0,0.0,0.0,0.0,3.0,14.0,14.0,6.0,0.0,0.0,0
1767,0.0,5.0,16.0,16.0,16.0,11.0,1.0,0.0,0.0,4.0,16.0,15.0,10.0,8.0,1.0,0.0,0.0,4.0,16.0,12.0,0.0,0.0,0.0,0.0,0.0,1.0,13.0,16.0,5.0,0.0,0.0,0.0,0.0,0.0,6.0,16.0,13.0,0.0,0.0,0.0,0.0,0.0,0.0,10.0,16.0,4.0,0.0,0.0,0.0,0.0,4.0,13.0,16.0,2.0,0.0,0.0,0.0,2.0,15.0,16.0,9.0,0.0,0.0,0.0,5
1768,0.0,0.0,4.0,14.0,16.0,5.0,0.0,0.0,0.0,4.0,16.0,16.0,16.0,8.0,0.0,0.0,0.0,12.0,12.0,0.0,15.0,8.0,0.0,0.0,0.0,2.0,1.0,5.0,16.0,13.0,1.0,0.0,0.0,0.0,0.0,1.0,11.0,15.0,11.0,0.0,0.0,0.0,0.0,0.0,0.0,11.0,12.0,0.0,0.0,0.0,2.0,13.0,12.0,16.0,7.0,0.0,0.0,0.0,3.0,16.0,15.0,8.0,0.0,0.0,3
1769,0.0,0.0,4.0,12.0,13.0,5.0,0.0,0.0,0.0,3.0,15.0,8.0,10.0,15.0,2.0,0.0,0.0,3.0,14.0,2.0,2.0,15.0,3.0,0.0,0.0,0.0,10.0,16.0,16.0,7.0,0.0,0.0,0.0,0.0,0.0,7.0,13.0,15.0,3.0,0.0,0.0,0.0,2.0,11.0,1.0,12.0,5.0,0.0,0.0,0.0,7.0,9.0,1.0,14.0,2.0,0.0,0.0,0.0,4.0,16.0,16.0,7.0,0.0,0.0,8
1771,0.0,0.0,7.0,15.0,12.0,0.0,0.0,0.0,0.0,3.0,15.0,8.0,14.0,2.0,0.0,0.0,0.0,0.0,5.0,2.0,11.0,0.0,0.0,0.0,0.0,0.0,1.0,11.0,8.0,2.0,0.0,0.0,0.0,0.0,8.0,16.0,16.0,15.0,4.0,0.0,0.0,0.0,1.0,4.0,2.0,12.0,6.0,0.0,0.0,0.0,2.0,4.0,13.0,12.0,0.0,0.0,0.0,0.0,5.0,13.0,9.0,1.0,0.0,0.0,3
1772,0.0,0.0,8.0,12.0,5.0,0.0,0.0,0.0,0.0,3.0,16.0,8.0,12.0,1.0,0.0,0.0,0.0,0.0,14.0,0.0,12.0,3.0,0.0,0.0,0.0,0.0,3.0,0.0,12.0,3.0,0.0,0.0,0.0,0.0,0.0,3.0,14.0,0.0,0.0,0.0,0.0,0.0,0.0,5.0,12.0,0.0,0.0,0.0,0.0,0.0,5.0,16.0,6.0,4.0,4.0,0.0,0.0,0.0,14.0,16.0,16.0,16.0,14.0,0.0,2
1775,0.0,0.0,2.0,11.0,12.0,1.0,0.0,0.0,0.0,2.0,14.0,9.0,9.0,8.0,0.0,0.0,0.0,10.0,12.0,0.0,13.0,6.0,0.0,0.0,0.0,6.0,5.0,2.0,13.0,2.0,0.0,0.0,0.0,0.0,0.0,10.0,9.0,0.0,0.0,0.0,0.0,0.0,0.0,1.0,10.0,9.0,1.0,0.0,0.0,0.0,6.0,7.0,0.0,12.0,6.0,0.0,0.0,0.0,1.0,12.0,16.0,16.0,5.0,0.0,3
1776,0.0,0.0,3.0,12.0,3.0,0.0,0.0,0.0,0.0,0.0,13.0,14.0,2.0,0.0,0.0,0.0,0.0,3.0,10.0,0.0,0.0,0.0,0.0,0.0,0.0,0.0,0.0,3.0,5.0,3.0,0.0,0.0,0.0,4.0,10.0,16.0,16.0,16.0,4.0,0.0,0.0,6.0,16.0,4.0,0.0,8.0,9.0,0.0,0.0,0.0,15.0,12.0,4.0,9.0,12.0,0.0,0.0,0.0,2.0,13.0,16.0,14.0,4.0,0.0,6
1777,0.0,0.0,7.0,8.0,13.0,16.0,15.0,1.0,0.0,0.0,7.0,7.0,4.0,11.0,12.0,0.0,0.0,0.0,0.0,0.0,8.0,13.0,1.0,0.0,0.0,4.0,8.0,8.0,15.0,15.0,6.0,0.0,0.0,2.0,11.0,15.0,15.0,4.0,0.0,0.0,0.0,0.0,0.0,16.0,5.0,0.0,0.0,0.0,0.0,0.0,9.0,15.0,1.0,0.0,0.0,0.0,0.0,0.0,13.0,5.0,0.0,0.0,0.0,0.0,7
1778,0.0,0.0,0.0,9.0,14.0,6.0,0.0,0.0,0.0,0.0,10.0,13.0,4.0,13.0,2.0,0.0,0.0,2.0,14.0,0.0,0.0,10.0,6.0,0.0,0.0,4.0,9.0,0.0,0.0,6.0,8.0,0.0,0.0,5.0,8.0,0.0,0.0,8.0,7.0,0.0,0.0,2.0,11.0,1.0,0.0,9.0,5.0,0.0,0.0,0.0,6.0,11.0,4.0,13.0,3.0,0.0,0.0,0.0,1.0,11.0,16.0,12.0,0.0,0.0,0
1779,0.0,0.0,6.0,16.0,15.0,2.0,0.0,0.0,0.0,0.0,7.0,13.0,16.0,4.0,0.0,0.0,0.0,0.0,0.0,1.0,16.0,3.0,0.0,0.0,0.0,0.0,1.0,10.0,16.0,6.0,1.0,0.0,0.0,0.0,9.0,16.0,16.0,16.0,8.0,0.0,0.0,0.0,1.0,16.0,8.0,4.0,0.0,0.0,0.0,0.0,5.0,13.0,0.0,0.0,0.0,0.0,0.0,0.0,11.0,7.0,0.0,0.0,0.0,0.0,7
1780,0.0,0.0,1.0,14.0,6.0,0.0,0.0,0.0,0.0,0.0,7.0,16.0,1.0,0.0,0.0,0.0,0.0,0.0,13.0,10.0,0.0,0.0,0.0,0.0,0.0,0.0,14.0,7.0,0.0,0.0,0.0,0.0,0.0,3.0,16.0,10.0,8.0,3.0,0.0,0.0,0.0,0.0,16.0,13.0,12.0,14.0,7.0,0.0,0.0,0.0,14.0,9.0,4.0,11.0,13.0,0.0,0.0,0.0,2.0,12.0,16.0,12.0,4.0,0.0,6
1781,0.0,0.0,1.0,13.0,16.0,10.0,0.0,0.0,0.0,0.0,8.0,14.0,13.0,14.0,0.0,0.0,0.0,1.0,15.0,5.0,5.0,15.0,0.0,0.0,0.0,7.0,12.0,0.0,9.0,11.0,0.0,0.0,0.0,1.0,2.0,11.0,15.0,16.0,7.0,0.0,0.0,0.0,4.0,15.0,16.0,9.0,1.0,0.0,0.0,0.0,0.0,10.0,11.0,0.0,0.0,0.0,0.0,0.0,1.0,15.0,7.0,0.0,0.0,0.0,7
1782,0.0,0.0,0.0,8.0,16.0,0.0,0.0,0.0,0.0,0.0,3.0,16.0,8.0,0.0,0.0,0.0,0.0,1.0,13.0,12.0,0.0,4.0,13.0,1.0,0.0,6.0,16.0,9.0,7.0,15.0,10.0,0.0,0.0,9.0,16.0,16.0,16.0,15.0,2.0,0.0,0.0,0.0,4.0,1.0,14.0,10.0,0.0,0.0,0.0,0.0,0.0,3.0,16.0,5.0,0.0,0.0,0.0,0.0,0.0,11.0,13.0,0.0,0.0,0.0,4
1783,0.0,0.0,8.0,14.0,14.0,4.0,0.0,0.0,0.0,5.0,12.0,4.0,7.0,12.0,0.0,0.0,0.0,4.0,2.0,3.0,13.0,5.0,0.0,0.0,0.0,0.0,0.0,16.0,15.0,1.0,0.0,0.0,0.0,0.0,0.0,3.0,9.0,14.0,1.0,0.0,0.0,0.0,0.0,0.0,0.0,7.0,8.0,0.0,0.0,0.0,3.0,4.0,4.0,13.0,7.0,0.0,0.0,0.0,11.0,16.0,15.0,5.0,0.0,0.0,3
1784,0.0,0.0,3.0,14.0,3.0,0.0,0.0,0.0,0.0,0.0,13.0,13.0,0.0,0.0,0.0,0.0,0.0,0.0,16.0,7.0,0.0,0.0,0.0,0.0,0.0,5.0,16.0,3.0,0.0,0.0,0.0,0.0,0.0,3.0,16.0,7.0,4.0,2.0,0.0,0.0,0.0,4.0,16.0,16.0,16.0,16.0,7.0,0.0,0.0,1.0,14.0,15.0,4.0,11.0,15.0,0.0,0.0,0.0,5.0,14.0,16.0,12.0,6.0,0.0,6
1785,0.0,0.0,5.0,8.0,11.0,5.0,0.0,0.0,0.0,0.0,13.0,16.0,12.0,12.0,0.0,0.0,0.0,1.0,16.0,9.0,0.0,9.0,3.0,0.0,0.0,3.0,16.0,6.0,0.0,6.0,6.0,0.0,0.0,3.0,11.0,1.0,0.0,5.0,6.0,0.0,0.0,0.0,12.0,0.0,0.0,11.0,6.0,0.0,0.0,0.0,14.0,5.0,12.0,15.0,1.0,0.0,0.0,0.0,6.0,16.0,13.0,2.0,0.0,0.0,0
1786,0.0,0.0,3.0,15.0,5.0,0.0,0.0,0.0,0.0,0.0,5.0,16.0,10.0,0.0,0.0,0.0,0.0,0.0,6.0,16.0,7.0,0.0,0.0,0.0,0.0,2.0,12.0,16.0,9.0,0.0,0.0,0.0,0.0,8.0,16.0,15.0,14.0,0.0,0.0,0.0,0.0,0.0,6.0,3.0,16.0,6.0,0.0,0.0,0.0,0.0,6.0,8.0,12.0,15.0,12.0,10.0,0.0,0.0,2.0,13.0,16.0,16.0,15.0,11.0,1
1788,0.0,0.0,3.0,15.0,16.0,16.0,6.0,0.0,0.0,0.0,3.0,14.0,7.0,15.0,3.0,0.0,0.0,0.0,0.0,0.0,4.0,14.0,0.0,0.0,0.0,0.0,2.0,9.0,15.0,16.0,14.0,0.0,0.0,0.0,7.0,16.0,14.0,6.0,2.0,0.0,0.0,0.0,0.0,8.0,8.0,0.0,0.0,0.0,0.0,0.0,2.0,16.0,2.0,0.0,0.0,0.0,0.0,0.0,5.0,12.0,0.0,0.0,0.0,0.0,7
1789,0.0,2.0,13.0,16.0,12.0,0.0,0.0,0.0,0.0,9.0,15.0,10.0,16.0,3.0,0.0,0.0,0.0,5.0,7.0,5.0,16.0,3.0,0.0,0.0,0.0,0.0,0.0,10.0,14.0,0.0,0.0,0.0,0.0,0.0,5.0,16.0,7.0,0.0,0.0,0.0,0.0,0.0,14.0,16.0,1.0,3.0,7.0,1.0,0.0,3.0,16.0,12.0,10.0,16.0,11.0,1.0,0.0,0.0,13.0,16.0,13.0,7.0,1.0,0.0,2
1790,0.0,0.0,0.0,8.0,16.0,16.0,16.0,6.0,0.0,0.0,6.0,14.0,5.0,8.0,16.0,2.0,0.0,0.0,7.0,4.0,0.0,6.0,12.0,0.0,0.0,0.0,0.0,0.0,0.0,12.0,6.0,0.0,0.0,0.0,0.0,11.0,16.0,16.0,10.0,0.0,0.0,0.0,0.0,12.0,16.0,8.0,0.0,0.0,0.0,0.0,0.0,6.0,16.0,0.0,0.0,0.0,0.0,0.0,0.0,12.0,9.0,0.0,0.0,0.0,7
1791,0.0,0.0,0.0,10.0,15.0,1.0,0.0,0.0,0.0,0.0,5.0,16.0,16.0,10.0,0.0,0.0,0.0,0.0,14.0,6.0,6.0,15.0,0.0,0.0,0.0,4.0,16.0,4.0,0.0,15.0,3.0,0.0,0.0,5.0,15.0,5.0,0.0,11.0,5.0,0.0,0.0,0.0,12.0,11.0,0.0,13.0,5.0,0.0,0.0,0.0,8.0,16.0,16.0,16.0,3.0,0.0,0.0,0.0,1.0,8.0,13.0,8.0,0.0,0.0,0
1792,0.0,1.0,9.0,15.0,16.0,9.0,0.0,0.0,0.0,6.0,12.0,1.0,2.0,16.0,0.0,0.0,0.0,0.0,1.0,0.0,8.0,14.0,0.0,0.0,0.0,0.0,0.0,10.0,15.0,3.0,0.0,0.0,0.0,0.0,0.0,7.0,15.0,5.0,0.0,0.0,0.0,0.0,0.0,0.0,4.0,13.0,2.0,0.0,0.0,2.0,7.0,4.0,4.0,14.0,3.0,0.0,0.0,0.0,9.0,16.0,16.0,10.0,0.0,0.0,3
1793,0.0,0.0,0.0,14.0,10.0,0.0,0.0,0.0,0.0,0.0,3.0,16.0,16.0,3.0,0.0,0.0,0.0,0.0,7.0,16.0,16.0,7.0,0.0,0.0,0.0,0.0,12.0,16.0,16.0,5.0,0.0,0.0,0.0,0.0,4.0,15.0,16.0,6.0,0.0,0.0,0.0,0.0,0.0,13.0,16.0,0.0,0.0,0.0,0.0,0.0,0.0,14.0,12.0,0.0,0.0,0.0,0.0,0.0,0.0,10.0,10.0,0.0,0.0,0.0,1
1794,0.0,0.0,3.0,15.0,4.0,0.0,0.0,0.0,0.0,0.0,0.0,15.0,11.0,0.0,0.0,0.0,0.0,0.0,0.0,15.0,16.0,2.0,0.0,0.0,0.0,0.0,0.0,14.0,16.0,8.0,0.0,0.0,0.0,0.0,0.0,7.0,13.0,14.0,0.0,0.0,0.0,0.0,0.0,0.0,4.0,16.0,4.0,0.0,0.0,0.0,3.0,9.0,13.0,16.0,12.0,5.0,0.0,0.0,3.0,15.0,16.0,16.0,16.0,16.0,1
1795,0.0,0.0,0.0,8.0,13.0,3.0,0.0,0.0,0.0,0.0,8.0,16.0,16.0,8.0,0.0,0.0,0.0,12.0,16.0,16.0,16.0,2.0,0.0,0.0,0.0,9.0,9.0,16.0,10.0,0.0,0.0,0.0,0.0,0.0,2.0,15.0,8.0,0.0,0.0,0.0,0.0,0.0,4.0,16.0,7.0,0.0,0.0,0.0,0.0,0.0,3.0,16.0,10.0,0.0,0.0,0.0,0.0,0.0,0.0,7.0,13.0,2.0,0.0,0.0,1
1796,0.0,0.0,3.0,11.0,16.0,16.0,4.0,0.0,0.0,0.0,9.0,12.0,12.0,16.0,9.0,0.0,0.0,0.0,0.0,0.0,1.0,16.0,8.0,0.0,0.0,0.0,0.0,9.0,14.0,16.0,9.0,0.0,0.0,0.0,1.0,16.0,16.0,14.0,5.0,0.0,0.0,0.0,0.0,6.0,16.0,4.0,0.0,0.0,0.0,0.0,0.0,11.0,14.0,0.0,0.0,0.0,0.0,0.0,1.0,15.0,7.0,0.0,0.0,0.0,7
1797,0.0,0.0,4.0,15.0,13.0,3.0,0.0,0.0,0.0,1.0,16.0,13.0,16.0,15.0,1.0,0.0,0.0,6.0,15.0,0.0,4.0,16.0,4.0,0.0,0.0,3.0,15.0,14.0,16.0,14.0,0.0,0.0,0.0,0.0,4.0,16.0,16.0,11.0,0.0,0.0,0.0,0.0,11.0,12.0,8.0,16.0,5.0,0.0,0.0,0.0,16.0,10.0,12.0,16.0,3.0,0.0,0.0,0.0,7.0,16.0,13.0,7.0,0.0,0.0,8
